device_id,customer_id,first_seen,is_remote_access_app,is_emulator
D00001,C0001,2024-09-24 00:00:00,0,0
D00002,C0001,2025-04-26 00:00:00,0,0
D00003,C0002,2024-03-12 00:00:00,0,0
D00004,C0003,2024-06-19 00:00:00,0,0
D00005,C0004,2026-03-04 00:00:00,0,0
D00006,C0005,2024-02-24 00:00:00,0,0
D00007,C0005,2024-10-16 00:00:00,0,0
D00008,C0006,2025-04-10 00:00:00,0,0
D00009,C0006,2025-07-27 00:00:00,0,0
D00010,C0007,2026-01-13 00:00:00,0,0
D00011,C0007,2025-12-21 00:00:00,0,0
D00012,C0008,2025-03-22 00:00:00,0,0
D00013,C0009,2025-09-06 00:00:00,0,0
D00014,C0010,2026-01-07 00:00:00,0,0
D00015,C0010,2026-02-13 00:00:00,0,0
D00016,C0011,2024-02-16 00:00:00,0,0
D00017,C0012,2025-10-09 00:00:00,0,0
D00018,C0012,2026-04-15 00:00:00,0,0
D00019,C0013,2025-10-20 00:00:00,0,0
D00020,C0014,2024-11-13 00:00:00,0,0
D00021,C0015,2025-01-21 00:00:00,0,0
D00022,C0016,2024-06-26 00:00:00,0,0
D00023,C0017,2026-05-18 00:00:00,0,0
D00024,C0018,2025-09-19 00:00:00,0,0
D00025,C0019,2024-02-21 00:00:00,0,0
D00026,C0020,2025-07-12 00:00:00,0,0
D00027,C0020,2024-09-10 00:00:00,0,0
D00028,C0021,2025-11-20 00:00:00,0,0
D00029,C0022,2024-10-04 00:00:00,0,0
D00030,C0022,2024-03-10 00:00:00,0,0
D00031,C0023,2026-04-17 00:00:00,0,0
D00032,C0023,2025-02-27 00:00:00,0,0
D00033,C0024,2025-08-14 00:00:00,0,0
D00034,C0025,2026-02-25 00:00:00,0,0
D00035,C0026,2026-05-26 00:00:00,0,0
D00036,C0027,2024-05-11 00:00:00,0,0
D00037,C0027,2025-01-26 00:00:00,0,0
D00038,C0028,2025-11-04 00:00:00,0,0
D00039,C0029,2024-10-03 00:00:00,0,0
D00040,C0030,2026-02-17 00:00:00,0,0
D00041,C0030,2025-09-22 00:00:00,0,0
D00042,C0031,2024-02-02 00:00:00,0,0
D00043,C0032,2026-03-26 00:00:00,0,0
D00044,C0032,2024-08-06 00:00:00,0,0
D00045,C0033,2024-05-19 00:00:00,0,0
D00046,C0034,2025-04-07 00:00:00,0,0
D00047,C0034,2024-08-20 00:00:00,0,0
D00048,C0035,2025-08-29 00:00:00,0,0
D00049,C0036,2025-05-15 00:00:00,0,0
D00050,C0037,2024-08-26 00:00:00,0,0
D00051,C0038,2025-10-21 00:00:00,0,0
D00052,C0039,2026-04-29 00:00:00,0,0
D00053,C0039,2024-04-12 00:00:00,0,0
D00054,C0040,2026-03-21 00:00:00,0,0
D00055,C0041,2024-11-08 00:00:00,0,0
D00056,C0041,2025-07-24 00:00:00,0,0
D00057,C0042,2025-12-25 00:00:00,0,0
D00058,C0043,2025-03-16 00:00:00,0,0
D00059,C0044,2025-01-20 00:00:00,0,0
D00060,C0045,2025-02-02 00:00:00,0,0
D00061,C0045,2024-07-09 00:00:00,0,0
D00062,C0046,2025-03-12 00:00:00,0,0
D00063,C0047,2024-06-23 00:00:00,0,0
D00064,C0048,2025-03-15 00:00:00,0,0
D00065,C0049,2025-06-05 00:00:00,0,0
D00066,C0050,2024-05-17 00:00:00,0,0
D00067,C0051,2026-04-29 00:00:00,0,0
D00068,C0051,2024-04-11 00:00:00,0,0
D00069,C0052,2026-03-06 00:00:00,0,0
D00070,C0052,2025-07-22 00:00:00,0,0
D00071,C0053,2024-07-18 00:00:00,0,0
D00072,C0054,2025-05-24 00:00:00,0,0
D00073,C0055,2025-09-16 00:00:00,0,0
D00074,C0056,2024-04-25 00:00:00,0,0
D00075,C0057,2025-12-11 00:00:00,0,0
D00076,C0057,2025-02-22 00:00:00,0,0
D00077,C0058,2024-11-15 00:00:00,0,0
D00078,C0058,2025-01-15 00:00:00,0,0
D00079,C0059,2026-05-22 00:00:00,0,0
D00080,C0059,2024-05-15 00:00:00,0,0
D00081,C0060,2024-02-24 00:00:00,0,0
D00082,C0061,2025-06-21 00:00:00,0,0
D00083,C0062,2024-03-16 00:00:00,0,0
D00084,C0063,2025-10-19 00:00:00,0,0
D00085,C0063,2024-10-17 00:00:00,0,0
D00086,C0064,2024-04-22 00:00:00,0,0
D00087,C0065,2025-06-14 00:00:00,0,0
D00088,C0066,2024-12-04 00:00:00,0,0
D00089,C0067,2025-03-26 00:00:00,0,0
D00090,C0068,2025-12-07 00:00:00,0,0
D00091,C0068,2026-01-20 00:00:00,0,0
D00092,C0069,2024-02-06 00:00:00,0,0
D00093,C0070,2026-02-28 00:00:00,0,0
D00094,C0070,2024-03-22 00:00:00,0,0
D00095,C0071,2026-05-26 00:00:00,0,0
D00096,C0072,2026-01-18 00:00:00,0,0
D00097,C0072,2025-03-24 00:00:00,0,0
D00098,C0073,2024-08-10 00:00:00,0,0
D00099,C0074,2024-05-13 00:00:00,0,0
D00100,C0074,2025-04-03 00:00:00,0,0
D00101,C0075,2025-05-17 00:00:00,0,0
D00102,C0076,2026-05-25 00:00:00,0,0
D00103,C0077,2024-06-07 00:00:00,0,0
D00104,C0078,2024-03-24 00:00:00,0,0
D00105,C0079,2024-11-09 00:00:00,0,0
D00106,C0080,2024-09-01 00:00:00,0,0
D00107,C0080,2025-11-28 00:00:00,0,0
D00108,C0081,2024-04-25 00:00:00,0,0
D00109,C0082,2025-05-24 00:00:00,0,0
D00110,C0083,2024-11-25 00:00:00,0,0
D00111,C0084,2026-02-05 00:00:00,0,0
D00112,C0085,2024-08-12 00:00:00,0,0
D00113,C0086,2024-10-14 00:00:00,0,0
D00114,C0087,2025-10-01 00:00:00,0,0
D00115,C0088,2025-05-04 00:00:00,0,0
D00116,C0089,2025-06-07 00:00:00,0,0
D00117,C0090,2025-03-22 00:00:00,0,0
D00118,C0091,2025-06-27 00:00:00,0,0
D00119,C0092,2026-04-10 00:00:00,0,0
D00120,C0093,2024-09-23 00:00:00,0,0
D00121,C0093,2025-02-17 00:00:00,0,0
D00122,C0094,2024-07-25 00:00:00,0,0
D00123,C0094,2024-04-26 00:00:00,0,0
D00124,C0095,2024-02-17 00:00:00,0,0
D00125,C0096,2026-04-17 00:00:00,0,0
D00126,C0097,2026-02-25 00:00:00,0,0
D00127,C0098,2024-03-24 00:00:00,0,0
D00128,C0099,2024-05-02 00:00:00,0,0
D00129,C0100,2024-09-13 00:00:00,0,0
D00130,C0101,2025-02-22 00:00:00,0,0
D00131,C0101,2025-02-25 00:00:00,0,0
D00132,C0102,2026-03-27 00:00:00,0,0
D00133,C0103,2024-02-12 00:00:00,0,0
D00134,C0104,2024-10-13 00:00:00,0,0
D00135,C0104,2024-05-04 00:00:00,0,0
D00136,C0105,2024-05-10 00:00:00,0,0
D00137,C0106,2025-03-11 00:00:00,0,0
D00138,C0106,2024-01-23 00:00:00,0,0
D00139,C0107,2025-06-07 00:00:00,0,0
D00140,C0108,2026-03-27 00:00:00,0,0
D00141,C0109,2026-05-02 00:00:00,0,0
D00142,C0110,2025-10-21 00:00:00,0,0
D00143,C0110,2026-03-16 00:00:00,0,0
D00144,C0111,2026-02-23 00:00:00,0,0
D00145,C0111,2025-11-19 00:00:00,0,0
D00146,C0112,2026-02-07 00:00:00,0,0
D00147,C0113,2025-09-19 00:00:00,0,0
D00148,C0114,2024-08-07 00:00:00,0,0
D00149,C0114,2024-08-14 00:00:00,0,0
D00150,C0115,2024-10-06 00:00:00,0,0
D00151,C0116,2026-01-14 00:00:00,0,0
D00152,C0116,2025-06-25 00:00:00,0,0
D00153,C0117,2024-02-25 00:00:00,0,0
D00154,C0118,2026-01-16 00:00:00,0,0
D00155,C0119,2025-02-03 00:00:00,0,0
D00156,C0120,2024-07-21 00:00:00,0,0
D00157,C0121,2025-03-04 00:00:00,0,0
D00158,C0122,2024-02-20 00:00:00,0,0
D00159,C0122,2024-09-10 00:00:00,0,0
D00160,C0123,2024-10-05 00:00:00,0,0
D00161,C0123,2025-06-22 00:00:00,0,0
D00162,C0124,2026-01-22 00:00:00,0,0
D00163,C0124,2024-09-02 00:00:00,0,0
D00164,C0125,2024-12-30 00:00:00,0,0
D00165,C0125,2025-03-18 00:00:00,0,0
D00166,C0126,2025-09-10 00:00:00,0,0
D00167,C0127,2025-10-13 00:00:00,0,0
D00168,C0128,2025-08-28 00:00:00,0,0
D00169,C0128,2026-03-20 00:00:00,0,0
D00170,C0129,2025-07-16 00:00:00,0,0
D00171,C0130,2025-10-04 00:00:00,0,0
D00172,C0131,2024-02-16 00:00:00,0,0
D00173,C0132,2025-03-27 00:00:00,0,0
D00174,C0132,2024-10-05 00:00:00,0,0
D00175,C0133,2024-07-31 00:00:00,0,0
D00176,C0133,2024-11-13 00:00:00,0,0
D00177,C0134,2024-08-02 00:00:00,0,0
D00178,C0135,2025-02-23 00:00:00,0,0
D00179,C0136,2024-06-10 00:00:00,0,0
D00180,C0137,2026-05-07 00:00:00,0,0
D00181,C0137,2024-07-12 00:00:00,0,0
D00182,C0138,2024-05-28 00:00:00,0,0
D00183,C0139,2026-05-06 00:00:00,0,0
D00184,C0139,2024-06-12 00:00:00,0,0
D00185,C0140,2025-09-18 00:00:00,0,0
D00186,C0140,2026-04-24 00:00:00,0,0
D00187,C0141,2025-06-30 00:00:00,0,0
D00188,C0142,2025-04-11 00:00:00,0,0
D00189,C0143,2025-12-14 00:00:00,0,0
D00190,C0143,2024-08-26 00:00:00,0,0
D00191,C0144,2025-02-10 00:00:00,0,0
D00192,C0145,2025-06-29 00:00:00,0,0
D00193,C0146,2024-04-01 00:00:00,0,0
D00194,C0147,2024-12-18 00:00:00,0,0
D00195,C0148,2026-05-07 00:00:00,0,0
D00196,C0149,2024-10-22 00:00:00,0,0
D00197,C0149,2024-01-26 00:00:00,0,0
D00198,C0150,2024-03-28 00:00:00,0,0
D00199,C0151,2025-05-23 00:00:00,0,0
D00200,C0151,2026-02-13 00:00:00,0,0
D00201,C0152,2025-08-13 00:00:00,0,0
D00202,C0153,2025-04-24 00:00:00,0,0
D00203,C0153,2024-03-08 00:00:00,0,0
D00204,C0154,2025-05-09 00:00:00,0,0
D00205,C0155,2026-02-24 00:00:00,0,0
D00206,C0156,2024-06-13 00:00:00,0,0
D00207,C0157,2025-11-22 00:00:00,0,0
D00208,C0158,2024-12-06 00:00:00,0,0
D00209,C0159,2025-06-15 00:00:00,0,0
D00210,C0159,2024-01-27 00:00:00,0,0
D00211,C0160,2024-03-18 00:00:00,0,0
D00212,C0161,2025-12-29 00:00:00,0,0
D00213,C0162,2025-02-24 00:00:00,0,0
D00214,C0162,2025-06-25 00:00:00,0,0
D00215,C0163,2025-01-28 00:00:00,0,0
D00216,C0164,2024-07-26 00:00:00,0,0
D00217,C0164,2026-02-11 00:00:00,0,0
D00218,C0165,2024-12-06 00:00:00,0,0
D00219,C0165,2024-02-01 00:00:00,0,0
D00220,C0166,2024-06-04 00:00:00,0,0
D00221,C0166,2024-09-17 00:00:00,0,0
D00222,C0167,2024-10-13 00:00:00,0,0
D00223,C0168,2025-06-22 00:00:00,0,0
D00224,C0169,2026-01-01 00:00:00,0,0
D00225,C0170,2024-02-02 00:00:00,0,0
D00226,C0171,2024-10-31 00:00:00,0,0
D00227,C0172,2026-04-17 00:00:00,0,0
D00228,C0173,2025-12-07 00:00:00,0,0
D00229,C0174,2025-12-16 00:00:00,0,0
D00230,C0174,2025-02-03 00:00:00,0,0
D00231,C0175,2024-10-18 00:00:00,0,0
D00232,C0175,2025-02-28 00:00:00,0,0
D00233,C0176,2025-07-04 00:00:00,0,0
D00234,C0177,2024-10-26 00:00:00,0,0
D00235,C0177,2026-01-16 00:00:00,0,0
D00236,C0178,2024-01-14 00:00:00,0,0
D00237,C0179,2024-10-29 00:00:00,0,0
D00238,C0179,2026-03-22 00:00:00,0,0
D00239,C0180,2025-05-01 00:00:00,0,0
D00240,C0180,2025-01-21 00:00:00,0,0
D00241,C0181,2025-08-30 00:00:00,0,0
D00242,C0181,2025-09-09 00:00:00,0,0
D00243,C0182,2025-06-26 00:00:00,0,0
D00244,C0183,2024-02-23 00:00:00,0,0
D00245,C0184,2026-05-07 00:00:00,0,0
D00246,C0184,2026-03-04 00:00:00,0,0
D00247,C0185,2024-01-18 00:00:00,0,0
D00248,C0185,2025-02-02 00:00:00,0,0
D00249,C0186,2026-01-15 00:00:00,0,0
D00250,C0186,2024-10-16 00:00:00,0,0
D00251,C0187,2024-01-15 00:00:00,0,0
D00252,C0188,2025-02-26 00:00:00,0,0
D00253,C0188,2025-11-12 00:00:00,0,0
D00254,C0189,2024-11-28 00:00:00,0,0
D00255,C0189,2025-09-24 00:00:00,0,0
D00256,C0190,2024-07-19 00:00:00,0,0
D00257,C0191,2024-01-14 00:00:00,0,0
D00258,C0192,2025-03-23 00:00:00,0,0
D00259,C0192,2026-04-14 00:00:00,0,0
D00260,C0193,2025-06-22 00:00:00,0,0
D00261,C0194,2025-11-16 00:00:00,0,0
D00262,C0195,2024-02-19 00:00:00,0,0
D00263,C0195,2024-12-24 00:00:00,0,0
D00264,C0196,2025-02-08 00:00:00,0,0
D00265,C0197,2025-05-29 00:00:00,0,0
D00266,C0198,2026-03-18 00:00:00,0,0
D00267,C0199,2024-08-27 00:00:00,0,0
D00268,C0199,2024-03-06 00:00:00,0,0
D00269,C0200,2025-04-28 00:00:00,0,0
D00270,C0201,2025-08-26 00:00:00,0,0
D00271,C0201,2024-04-12 00:00:00,0,0
D00272,C0202,2025-05-04 00:00:00,0,0
D00273,C0203,2025-06-09 00:00:00,0,0
D00274,C0204,2025-07-10 00:00:00,0,0
D00275,C0204,2024-10-21 00:00:00,0,0
D00276,C0205,2025-06-15 00:00:00,0,0
D00277,C0205,2025-02-17 00:00:00,0,0
D00278,C0206,2025-07-05 00:00:00,0,0
D00279,C0207,2024-10-03 00:00:00,0,0
D00280,C0208,2024-05-23 00:00:00,0,0
D00281,C0208,2025-01-14 00:00:00,0,0
D00282,C0209,2024-06-05 00:00:00,0,0
D00283,C0210,2025-08-01 00:00:00,0,0
D00284,C0211,2024-03-19 00:00:00,0,0
D00285,C0211,2024-03-19 00:00:00,0,0
D00286,C0212,2026-02-15 00:00:00,0,0
D00287,C0213,2024-10-27 00:00:00,0,0
D00288,C0214,2024-12-27 00:00:00,0,0
D00289,C0215,2025-06-24 00:00:00,0,0
D00290,C0216,2026-05-03 00:00:00,0,0
D00291,C0217,2025-07-06 00:00:00,0,0
D00292,C0218,2026-05-29 00:00:00,0,0
D00293,C0219,2025-02-02 00:00:00,0,0
D00294,C0220,2025-08-13 00:00:00,0,0
D00295,C0221,2024-08-14 00:00:00,0,0
D00296,C0222,2025-09-05 00:00:00,0,0
D00297,C0222,2026-01-11 00:00:00,0,0
D00298,C0223,2025-12-26 00:00:00,0,0
D00299,C0224,2024-10-16 00:00:00,0,0
D00300,C0224,2026-01-05 00:00:00,0,0
D00301,C0225,2024-04-26 00:00:00,0,0
D00302,C0225,2024-09-08 00:00:00,0,0
D00303,C0226,2026-03-01 00:00:00,0,0
D00304,C0227,2026-01-02 00:00:00,0,0
D00305,C0227,2024-04-15 00:00:00,0,0
D00306,C0228,2024-02-17 00:00:00,0,0
D00307,C0228,2025-09-15 00:00:00,0,0
D00308,C0229,2024-09-19 00:00:00,0,0
D00309,C0230,2024-07-17 00:00:00,0,0
D00310,C0230,2026-03-04 00:00:00,0,0
D00311,C0231,2024-03-23 00:00:00,0,0
D00312,C0232,2026-05-23 00:00:00,0,0
D00313,C0233,2025-09-21 00:00:00,0,0
D00314,C0234,2024-10-17 00:00:00,0,0
D00315,C0235,2024-09-10 00:00:00,0,0
D00316,C0236,2026-01-25 00:00:00,0,0
D00317,C0237,2024-06-08 00:00:00,0,0
D00318,C0237,2024-04-20 00:00:00,0,0
D00319,C0238,2025-07-10 00:00:00,0,0
D00320,C0238,2026-04-24 00:00:00,0,0
D00321,C0239,2025-06-23 00:00:00,0,0
D00322,C0240,2025-12-05 00:00:00,0,0
D00323,C0240,2026-04-13 00:00:00,0,0
D00324,C0241,2024-10-02 00:00:00,0,0
D00325,C0242,2024-04-09 00:00:00,0,0
D00326,C0243,2025-11-09 00:00:00,0,0
D00327,C0244,2025-06-05 00:00:00,0,0
D00328,C0245,2025-05-28 00:00:00,0,0
D00329,C0246,2026-02-10 00:00:00,0,0
D00330,C0246,2025-04-19 00:00:00,0,0
D00331,C0247,2025-02-27 00:00:00,0,0
D00332,C0248,2025-10-31 00:00:00,0,0
D00333,C0249,2024-12-05 00:00:00,0,0
D00334,C0250,2025-01-13 00:00:00,0,0
D00335,C0250,2025-03-05 00:00:00,0,0
D00336,C0251,2024-03-13 00:00:00,0,0
D00337,C0252,2026-05-07 00:00:00,0,0
D00338,C0253,2024-10-23 00:00:00,0,0
D00339,C0254,2024-11-22 00:00:00,0,0
D00340,C0254,2025-11-09 00:00:00,0,0
D00341,C0255,2024-06-27 00:00:00,0,0
D00342,C0256,2025-01-24 00:00:00,0,0
D00343,C0257,2026-02-09 00:00:00,0,0
D00344,C0258,2025-04-17 00:00:00,0,0
D00345,C0258,2024-03-01 00:00:00,0,0
D00346,C0259,2025-05-27 00:00:00,0,0
D00347,C0260,2026-04-15 00:00:00,0,0
D00348,C0261,2024-04-14 00:00:00,0,0
D00349,C0262,2025-02-11 00:00:00,0,0
D00350,C0262,2024-09-26 00:00:00,0,0
D00351,C0263,2024-04-11 00:00:00,0,0
D00352,C0264,2026-02-10 00:00:00,0,0
D00353,C0264,2025-09-29 00:00:00,0,0
D00354,C0265,2024-11-04 00:00:00,0,0
D00355,C0266,2026-04-29 00:00:00,0,0
D00356,C0267,2024-08-18 00:00:00,0,0
D00357,C0267,2024-09-04 00:00:00,0,0
D00358,C0268,2024-09-16 00:00:00,0,0
D00359,C0268,2024-02-14 00:00:00,0,0
D00360,C0269,2024-05-29 00:00:00,0,0
D00361,C0270,2025-02-03 00:00:00,0,0
D00362,C0271,2025-08-23 00:00:00,0,0
D00363,C0272,2025-11-19 00:00:00,0,0
D00364,C0273,2024-06-29 00:00:00,0,0
D00365,C0274,2025-07-14 00:00:00,0,0
D00366,C0275,2025-01-09 00:00:00,0,0
D00367,C0276,2024-10-07 00:00:00,0,0
D00368,C0276,2025-11-07 00:00:00,0,0
D00369,C0277,2024-05-29 00:00:00,0,0
D00370,C0278,2025-11-12 00:00:00,0,0
D00371,C0279,2025-08-09 00:00:00,0,0
D00372,C0280,2025-09-20 00:00:00,0,0
D00373,C0281,2024-02-21 00:00:00,0,0
D00374,C0282,2026-02-25 00:00:00,0,0
D00375,C0283,2024-08-08 00:00:00,0,0
D00376,C0284,2026-05-17 00:00:00,0,0
D00377,C0285,2025-04-09 00:00:00,0,0
D00378,C0285,2025-03-07 00:00:00,0,0
D00379,C0286,2025-01-10 00:00:00,0,0
D00380,C0287,2025-12-28 00:00:00,0,0
D00381,C0288,2026-02-22 00:00:00,0,0
D00382,C0288,2025-09-19 00:00:00,0,0
D00383,C0289,2026-03-05 00:00:00,0,0
D00384,C0290,2026-05-06 00:00:00,0,0
D00385,C0290,2026-05-27 00:00:00,0,0
D00386,C0291,2026-03-05 00:00:00,0,0
D00387,C0291,2026-03-22 00:00:00,0,0
D00388,C0292,2025-09-12 00:00:00,0,0
D00389,C0293,2024-08-22 00:00:00,0,0
D00390,C0294,2026-03-25 00:00:00,0,0
D00391,C0295,2025-06-28 00:00:00,0,0
D00392,C0296,2024-10-22 00:00:00,0,0
D00393,C0297,2025-02-12 00:00:00,0,0
D00394,C0297,2025-05-02 00:00:00,0,0
D00395,C0298,2024-04-28 00:00:00,0,0
D00396,C0299,2025-04-24 00:00:00,0,0
D00397,C0300,2025-11-22 00:00:00,0,0
D00398,C0301,2025-05-26 00:00:00,0,0
D00399,C0302,2025-09-22 00:00:00,0,0
D00400,C0303,2024-03-24 00:00:00,0,0
D00401,C0304,2024-01-24 00:00:00,0,0
D00402,C0305,2024-02-15 00:00:00,0,0
D00403,C0306,2025-05-25 00:00:00,0,0
D00404,C0306,2024-12-19 00:00:00,0,0
D00405,C0307,2025-08-17 00:00:00,0,0
D00406,C0308,2024-08-06 00:00:00,0,0
D00407,C0309,2026-04-30 00:00:00,0,0
D00408,C0310,2025-05-23 00:00:00,0,0
D00409,C0311,2024-11-26 00:00:00,0,0
D00410,C0312,2025-09-26 00:00:00,0,0
D00411,C0313,2024-03-25 00:00:00,0,0
D00412,C0313,2024-08-27 00:00:00,0,0
D00413,C0314,2024-04-16 00:00:00,0,0
D00414,C0315,2025-11-15 00:00:00,0,0
D00415,C0316,2024-10-27 00:00:00,0,0
D00416,C0316,2025-02-06 00:00:00,0,0
D00417,C0317,2024-04-20 00:00:00,0,0
D00418,C0318,2025-05-28 00:00:00,0,0
D00419,C0319,2025-03-30 00:00:00,0,0
D00420,C0320,2024-05-13 00:00:00,0,0
D00421,C0321,2025-11-11 00:00:00,0,0
D00422,C0322,2025-10-14 00:00:00,0,0
D00423,C0322,2025-12-24 00:00:00,0,0
D00424,C0323,2024-09-23 00:00:00,0,0
D00425,C0324,2025-11-11 00:00:00,0,0
D00426,C0324,2024-05-10 00:00:00,0,0
D00427,C0325,2026-01-19 00:00:00,0,0
D00428,C0325,2024-12-17 00:00:00,0,0
D00429,C0326,2024-02-01 00:00:00,0,0
D00430,C0327,2025-03-03 00:00:00,0,0
D00431,C0328,2025-10-29 00:00:00,0,0
D00432,C0329,2026-03-25 00:00:00,0,0
D00433,C0330,2024-07-21 00:00:00,0,0
D00434,C0331,2026-04-09 00:00:00,0,0
D00435,C0331,2024-05-17 00:00:00,0,0
D00436,C0332,2026-02-05 00:00:00,0,0
D00437,C0332,2025-11-12 00:00:00,0,0
D00438,C0333,2025-05-20 00:00:00,0,0
D00439,C0333,2025-09-19 00:00:00,0,0
D00440,C0334,2025-03-23 00:00:00,0,0
D00441,C0335,2024-02-26 00:00:00,0,0
D00442,C0335,2025-01-30 00:00:00,0,0
D00443,C0336,2024-11-07 00:00:00,0,0
D00444,C0337,2026-05-02 00:00:00,0,0
D00445,C0337,2025-02-26 00:00:00,0,0
D00446,C0338,2026-04-13 00:00:00,0,0
D00447,C0339,2024-07-17 00:00:00,0,0
D00448,C0340,2026-01-04 00:00:00,0,0
D00449,C0341,2025-04-24 00:00:00,0,0
D00450,C0342,2025-05-25 00:00:00,0,0
D00451,C0343,2024-03-12 00:00:00,0,0
D00452,C0344,2024-08-02 00:00:00,0,0
D00453,C0345,2025-10-20 00:00:00,0,0
D00454,C0346,2024-05-24 00:00:00,0,0
D00455,C0347,2024-11-29 00:00:00,0,0
D00456,C0348,2024-11-11 00:00:00,0,0
D00457,C0348,2024-10-16 00:00:00,0,0
D00458,C0349,2026-04-16 00:00:00,0,0
D00459,C0349,2024-08-13 00:00:00,0,0
D00460,C0350,2024-02-22 00:00:00,0,0
D00461,C0351,2025-10-06 00:00:00,0,0
D00462,C0352,2025-09-08 00:00:00,0,0
D00463,C0352,2025-09-08 00:00:00,0,0
D00464,C0353,2026-04-15 00:00:00,0,0
D00465,C0354,2024-07-09 00:00:00,0,0
D00466,C0354,2024-09-07 00:00:00,0,0
D00467,C0355,2024-07-16 00:00:00,0,0
D00468,C0356,2025-12-06 00:00:00,0,0
D00469,C0357,2026-01-13 00:00:00,0,0
D00470,C0358,2025-02-03 00:00:00,0,0
D00471,C0359,2025-11-08 00:00:00,0,0
D00472,C0360,2025-10-16 00:00:00,0,0
D00473,C0361,2026-03-23 00:00:00,0,0
D00474,C0361,2024-05-16 00:00:00,0,0
D00475,C0362,2025-05-18 00:00:00,0,0
D00476,C0363,2024-09-22 00:00:00,0,0
D00477,C0364,2025-06-15 00:00:00,0,0
D00478,C0365,2024-07-30 00:00:00,0,0
D00479,C0366,2026-02-14 00:00:00,0,0
D00480,C0367,2024-02-15 00:00:00,0,0
D00481,C0368,2025-03-04 00:00:00,0,0
D00482,C0369,2025-03-06 00:00:00,0,0
D00483,C0369,2025-08-01 00:00:00,0,0
D00484,C0370,2025-01-15 00:00:00,0,0
D00485,C0371,2025-03-24 00:00:00,0,0
D00486,C0372,2025-05-28 00:00:00,0,0
D00487,C0373,2024-02-01 00:00:00,0,0
D00488,C0374,2024-03-10 00:00:00,0,0
D00489,C0374,2025-05-13 00:00:00,0,0
D00490,C0375,2026-05-31 00:00:00,0,0
D00491,C0376,2026-03-22 00:00:00,0,0
D00492,C0376,2024-07-29 00:00:00,0,0
D00493,C0377,2025-03-31 00:00:00,0,0
D00494,C0378,2025-04-22 00:00:00,0,0
D00495,C0379,2025-06-21 00:00:00,0,0
D00496,C0380,2025-10-12 00:00:00,0,0
D00497,C0381,2024-06-13 00:00:00,0,0
D00498,C0382,2025-02-12 00:00:00,0,0
D00499,C0383,2024-05-11 00:00:00,0,0
D00500,C0383,2025-11-25 00:00:00,0,0
D00501,C0384,2024-06-28 00:00:00,0,0
D00502,C0385,2024-12-27 00:00:00,0,0
D00503,C0386,2024-01-23 00:00:00,0,0
D00504,C0387,2024-06-21 00:00:00,0,0
D00505,C0388,2025-04-29 00:00:00,0,0
D00506,C0389,2025-07-24 00:00:00,0,0
D00507,C0390,2024-08-13 00:00:00,0,0
D00508,C0391,2025-12-29 00:00:00,0,0
D00509,C0392,2026-04-20 00:00:00,0,0
D00510,C0392,2025-08-26 00:00:00,0,0
D00511,C0393,2025-02-05 00:00:00,0,0
D00512,C0393,2025-09-13 00:00:00,0,0
D00513,C0394,2024-03-24 00:00:00,0,0
D00514,C0395,2024-08-06 00:00:00,0,0
D00515,C0396,2024-01-27 00:00:00,0,0
D00516,C0397,2024-12-04 00:00:00,0,0
D00517,C0398,2025-08-30 00:00:00,0,0
D00518,C0398,2026-04-16 00:00:00,0,0
D00519,C0399,2024-08-07 00:00:00,0,0
D00520,C0400,2026-01-06 00:00:00,0,0
D00521,C0401,2025-12-24 00:00:00,0,0
D00522,C0402,2024-12-14 00:00:00,0,0
D00523,C0403,2024-02-07 00:00:00,0,0
D00524,C0404,2024-09-01 00:00:00,0,0
D00525,C0404,2024-02-18 00:00:00,0,0
D00526,C0405,2024-01-15 00:00:00,0,0
D00527,C0406,2024-09-07 00:00:00,0,0
D00528,C0407,2024-07-30 00:00:00,0,0
D00529,C0407,2025-12-08 00:00:00,0,0
D00530,C0408,2024-01-30 00:00:00,0,0
D00531,C0408,2026-05-18 00:00:00,0,0
D00532,C0409,2024-05-30 00:00:00,0,0
D00533,C0409,2025-10-23 00:00:00,0,0
D00534,C0410,2024-11-29 00:00:00,0,0
D00535,C0411,2025-09-28 00:00:00,0,0
D00536,C0411,2026-01-26 00:00:00,0,0
D00537,C0412,2026-05-24 00:00:00,0,0
D00538,C0413,2024-01-26 00:00:00,0,0
D00539,C0414,2026-01-25 00:00:00,0,0
D00540,C0415,2025-11-20 00:00:00,0,0
D00541,C0416,2024-02-28 00:00:00,0,0
D00542,C0416,2026-05-11 00:00:00,0,0
D00543,C0417,2024-05-05 00:00:00,0,0
D00544,C0418,2024-03-03 00:00:00,0,0
D00545,C0419,2026-02-26 00:00:00,0,0
D00546,C0420,2026-01-26 00:00:00,0,0
D00547,C0420,2024-12-06 00:00:00,0,0
D00548,C0421,2025-03-25 00:00:00,0,0
D00549,C0421,2026-05-23 00:00:00,0,0
D00550,C0422,2025-07-21 00:00:00,0,0
D00551,C0423,2025-10-16 00:00:00,0,0
D00552,C0423,2025-04-02 00:00:00,0,0
D00553,C0424,2025-05-08 00:00:00,0,0
D00554,C0425,2024-03-22 00:00:00,0,0
D00555,C0426,2025-10-18 00:00:00,0,0
D00556,C0426,2024-04-10 00:00:00,0,0
D00557,C0427,2026-05-03 00:00:00,0,0
D00558,C0428,2026-04-15 00:00:00,0,0
D00559,C0428,2025-12-17 00:00:00,0,0
D00560,C0429,2024-09-08 00:00:00,0,0
D00561,C0430,2024-04-27 00:00:00,0,0
D00562,C0431,2024-01-15 00:00:00,0,0
D00563,C0432,2024-07-18 00:00:00,0,0
D00564,C0433,2024-06-04 00:00:00,0,0
D00565,C0434,2024-05-06 00:00:00,0,0
D00566,C0435,2024-12-29 00:00:00,0,0
D00567,C0436,2024-05-26 00:00:00,0,0
D00568,C0437,2025-06-26 00:00:00,0,0
D00569,C0437,2025-01-13 00:00:00,0,0
D00570,C0438,2024-10-16 00:00:00,0,0
D00571,C0438,2024-03-19 00:00:00,0,0
D00572,C0439,2025-02-07 00:00:00,0,0
D00573,C0440,2026-04-17 00:00:00,0,0
D00574,C0441,2025-05-22 00:00:00,0,0
D00575,C0442,2024-03-19 00:00:00,0,0
D00576,C0443,2025-07-30 00:00:00,0,0
D00577,C0444,2026-04-02 00:00:00,0,0
D00578,C0444,2025-04-20 00:00:00,0,0
D00579,C0445,2024-04-06 00:00:00,0,0
D00580,C0446,2024-03-24 00:00:00,0,0
D00581,C0446,2026-05-27 00:00:00,0,0
D00582,C0447,2026-01-15 00:00:00,0,0
D00583,C0448,2025-05-05 00:00:00,0,0
D00584,C0448,2025-03-06 00:00:00,0,0
D00585,C0449,2024-09-12 00:00:00,0,0
D00586,C0450,2025-05-26 00:00:00,0,0
D00587,C0450,2024-11-13 00:00:00,0,0
D00588,C0451,2025-08-23 00:00:00,0,0
D00589,C0452,2025-09-15 00:00:00,0,0
D00590,C0453,2026-02-18 00:00:00,0,0
D00591,C0454,2025-11-15 00:00:00,0,0
D00592,C0455,2026-01-17 00:00:00,0,0
D00593,C0456,2024-12-30 00:00:00,0,0
D00594,C0456,2025-11-11 00:00:00,0,0
D00595,C0457,2025-01-12 00:00:00,0,0
D00596,C0457,2026-03-07 00:00:00,0,0
D00597,C0458,2024-12-03 00:00:00,0,0
D00598,C0459,2024-03-16 00:00:00,0,0
D00599,C0460,2026-02-25 00:00:00,0,0
D00600,C0461,2026-05-19 00:00:00,0,0
D00601,C0462,2026-05-04 00:00:00,0,0
D00602,C0463,2024-03-12 00:00:00,0,0
D00603,C0464,2025-04-28 00:00:00,0,0
D00604,C0464,2026-05-02 00:00:00,0,0
D00605,C0465,2025-03-02 00:00:00,0,0
D00606,C0466,2026-02-11 00:00:00,0,0
D00607,C0467,2025-05-17 00:00:00,0,0
D00608,C0467,2024-07-08 00:00:00,0,0
D00609,C0468,2025-12-23 00:00:00,0,0
D00610,C0469,2024-04-08 00:00:00,0,0
D00611,C0469,2024-08-29 00:00:00,0,0
D00612,C0470,2025-08-28 00:00:00,0,0
D00613,C0471,2025-12-11 00:00:00,0,0
D00614,C0472,2024-04-19 00:00:00,0,0
D00615,C0473,2024-12-30 00:00:00,0,0
D00616,C0473,2024-06-02 00:00:00,0,0
D00617,C0474,2024-12-17 00:00:00,0,0
D00618,C0475,2024-10-21 00:00:00,0,0
D00619,C0476,2025-02-12 00:00:00,0,0
D00620,C0477,2024-08-02 00:00:00,0,0
D00621,C0478,2024-05-10 00:00:00,0,0
D00622,C0479,2024-03-31 00:00:00,0,0
D00623,C0479,2025-12-21 00:00:00,0,0
D00624,C0480,2024-06-01 00:00:00,0,0
D00625,C0481,2024-06-16 00:00:00,0,0
D00626,C0482,2025-05-12 00:00:00,0,0
D00627,C0483,2024-03-15 00:00:00,0,0
D00628,C0483,2026-02-10 00:00:00,0,0
D00629,C0484,2025-12-24 00:00:00,0,0
D00630,C0485,2026-05-10 00:00:00,0,0
D00631,C0486,2026-01-31 00:00:00,0,0
D00632,C0487,2024-01-19 00:00:00,0,0
D00633,C0488,2025-05-05 00:00:00,0,0
D00634,C0489,2025-06-08 00:00:00,0,0
D00635,C0490,2025-03-19 00:00:00,0,0
D00636,C0491,2025-12-11 00:00:00,0,0
D00637,C0492,2025-07-10 00:00:00,0,0
D00638,C0492,2025-12-02 00:00:00,0,0
D00639,C0493,2025-05-02 00:00:00,0,0
D00640,C0494,2026-05-13 00:00:00,0,0
D00641,C0494,2025-07-01 00:00:00,0,0
D00642,C0495,2024-05-23 00:00:00,0,0
D00643,C0496,2026-02-27 00:00:00,0,0
D00644,C0496,2024-12-30 00:00:00,0,0
D00645,C0497,2024-01-21 00:00:00,0,0
D00646,C0498,2024-04-17 00:00:00,0,0
D00647,C0499,2024-12-18 00:00:00,0,0
D00648,C0500,2025-04-30 00:00:00,0,0
D00649,C0501,2024-02-10 00:00:00,0,0
D00650,C0501,2024-01-21 00:00:00,0,0
D00651,C0502,2024-03-10 00:00:00,0,0
D00652,C0502,2024-09-27 00:00:00,0,0
D00653,C0503,2024-05-10 00:00:00,0,0
D00654,C0504,2024-02-03 00:00:00,0,0
D00655,C0505,2024-05-07 00:00:00,0,0
D00656,C0506,2024-11-08 00:00:00,0,0
D00657,C0507,2025-04-14 00:00:00,0,0
D00658,C0508,2024-01-28 00:00:00,0,0
D00659,C0509,2025-04-14 00:00:00,0,0
D00660,C0509,2025-07-06 00:00:00,0,0
D00661,C0510,2025-09-15 00:00:00,0,0
D00662,C0511,2025-06-02 00:00:00,0,0
D00663,C0511,2024-12-21 00:00:00,0,0
D00664,C0512,2026-05-09 00:00:00,0,0
D00665,C0513,2024-11-29 00:00:00,0,0
D00666,C0513,2025-11-21 00:00:00,0,0
D00667,C0514,2026-03-07 00:00:00,0,0
D00668,C0515,2025-04-02 00:00:00,0,0
D00669,C0515,2025-08-24 00:00:00,0,0
D00670,C0516,2025-06-21 00:00:00,0,0
D00671,C0516,2025-10-09 00:00:00,0,0
D00672,C0517,2024-02-09 00:00:00,0,0
D00673,C0518,2025-12-03 00:00:00,0,0
D00674,C0519,2025-07-15 00:00:00,0,0
D00675,C0520,2025-09-25 00:00:00,0,0
D00676,C0520,2024-10-20 00:00:00,0,0
D00677,C0521,2026-04-16 00:00:00,0,0
D00678,C0522,2026-01-23 00:00:00,0,0
D00679,C0523,2024-04-26 00:00:00,0,0
D00680,C0524,2025-07-16 00:00:00,0,0
D00681,C0525,2026-05-11 00:00:00,0,0
D00682,C0525,2025-02-15 00:00:00,0,0
D00683,C0526,2026-03-01 00:00:00,0,0
D00684,C0527,2024-07-02 00:00:00,0,0
D00685,C0528,2026-01-08 00:00:00,0,0
D00686,C0529,2025-06-30 00:00:00,0,0
D00687,C0530,2026-01-01 00:00:00,0,0
D00688,C0530,2025-07-14 00:00:00,0,0
D00689,C0531,2025-02-20 00:00:00,0,0
D00690,C0531,2024-11-19 00:00:00,0,0
D00691,C0532,2026-03-01 00:00:00,0,0
D00692,C0533,2026-02-09 00:00:00,0,0
D00693,C0533,2025-06-18 00:00:00,0,0
D00694,C0534,2025-09-08 00:00:00,0,0
D00695,C0535,2025-03-16 00:00:00,0,0
D00696,C0535,2026-01-30 00:00:00,0,0
D00697,C0536,2025-03-29 00:00:00,0,0
D00698,C0536,2025-10-13 00:00:00,0,0
D00699,C0537,2025-12-13 00:00:00,0,0
D00700,C0538,2025-02-08 00:00:00,0,0
D00701,C0539,2024-01-25 00:00:00,0,0
D00702,C0540,2025-08-04 00:00:00,0,0
D00703,C0540,2026-03-10 00:00:00,0,0
D00704,C0541,2026-01-14 00:00:00,0,0
D00705,C0541,2024-06-02 00:00:00,0,0
D00706,C0542,2025-11-07 00:00:00,0,0
D00707,C0543,2024-12-02 00:00:00,0,0
D00708,C0544,2025-02-05 00:00:00,0,0
D00709,C0545,2024-05-17 00:00:00,0,0
D00710,C0546,2025-07-08 00:00:00,0,0
D00711,C0547,2025-08-31 00:00:00,0,0
D00712,C0548,2025-05-15 00:00:00,0,0
D00713,C0549,2025-07-29 00:00:00,0,0
D00714,C0550,2024-10-27 00:00:00,0,0
D00715,C0551,2024-07-14 00:00:00,0,0
D00716,C0552,2024-06-29 00:00:00,0,0
D00717,C0553,2025-07-31 00:00:00,0,0
D00718,C0553,2024-04-30 00:00:00,0,0
D00719,C0554,2026-03-05 00:00:00,0,0
D00720,C0555,2025-05-28 00:00:00,0,0
D00721,C0556,2024-10-08 00:00:00,0,0
D00722,C0557,2026-01-04 00:00:00,0,0
D00723,C0558,2024-04-21 00:00:00,0,0
D00724,C0559,2025-01-28 00:00:00,0,0
D00725,C0560,2025-09-02 00:00:00,0,0
D00726,C0561,2024-08-01 00:00:00,0,0
D00727,C0562,2024-02-13 00:00:00,0,0
D00728,C0563,2025-04-07 00:00:00,0,0
D00729,C0564,2024-05-14 00:00:00,0,0
D00730,C0564,2024-06-19 00:00:00,0,0
D00731,C0565,2026-02-03 00:00:00,0,0
D00732,C0566,2025-10-29 00:00:00,0,0
D00733,C0567,2026-01-07 00:00:00,0,0
D00734,C0568,2025-10-27 00:00:00,0,0
D00735,C0569,2024-04-23 00:00:00,0,0
D00736,C0570,2024-06-23 00:00:00,0,0
D00737,C0570,2026-05-31 00:00:00,0,0
D00738,C0571,2025-03-08 00:00:00,0,0
D00739,C0572,2025-11-10 00:00:00,0,0
D00740,C0573,2025-01-13 00:00:00,0,0
D00741,C0574,2025-09-16 00:00:00,0,0
D00742,C0575,2024-04-04 00:00:00,0,0
D00743,C0576,2026-02-24 00:00:00,0,0
D00744,C0576,2025-06-16 00:00:00,0,0
D00745,C0577,2024-06-11 00:00:00,0,0
D00746,C0578,2024-02-05 00:00:00,0,0
D00747,C0578,2024-05-22 00:00:00,0,0
D00748,C0579,2024-07-03 00:00:00,0,0
D00749,C0579,2025-05-12 00:00:00,0,0
D00750,C0580,2024-12-05 00:00:00,0,0
D00751,C0581,2025-02-15 00:00:00,0,0
D00752,C0581,2025-02-02 00:00:00,0,0
D00753,C0582,2025-02-11 00:00:00,0,0
D00754,C0583,2025-12-18 00:00:00,0,0
D00755,C0584,2026-02-24 00:00:00,0,0
D00756,C0584,2026-04-20 00:00:00,0,0
D00757,C0585,2025-07-21 00:00:00,0,0
D00758,C0586,2025-11-23 00:00:00,0,0
D00759,C0587,2024-03-05 00:00:00,0,0
D00760,C0588,2024-04-03 00:00:00,0,0
D00761,C0589,2024-02-01 00:00:00,0,0
D00762,C0590,2026-01-01 00:00:00,0,0
D00763,C0591,2025-12-06 00:00:00,0,0
D00764,C0592,2024-02-20 00:00:00,0,0
D00765,C0593,2025-11-04 00:00:00,0,0
D00766,C0594,2025-08-13 00:00:00,0,0
D00767,C0595,2025-05-19 00:00:00,0,0
D00768,C0596,2026-05-23 00:00:00,0,0
D00769,C0597,2026-02-19 00:00:00,0,0
D00770,C0598,2024-04-05 00:00:00,0,0
D00771,C0599,2024-06-28 00:00:00,0,0
D00772,C0600,2025-05-10 00:00:00,0,0
D00773,C0601,2025-11-19 00:00:00,0,0
D00774,C0602,2024-12-27 00:00:00,0,0
D00775,C0603,2025-04-10 00:00:00,0,0
D00776,C0604,2025-07-13 00:00:00,0,0
D00777,C0605,2024-07-12 00:00:00,0,0
D00778,C0606,2024-12-18 00:00:00,0,0
D00779,C0607,2025-05-21 00:00:00,0,0
D00780,C0608,2025-03-23 00:00:00,0,0
D00781,C0609,2025-11-04 00:00:00,0,0
D00782,C0609,2024-01-14 00:00:00,0,0
D00783,C0610,2024-11-22 00:00:00,0,0
D00784,C0611,2024-12-10 00:00:00,0,0
D00785,C0612,2025-10-09 00:00:00,0,0
D00786,C0613,2024-12-26 00:00:00,0,0
D00787,C0614,2025-02-13 00:00:00,0,0
D00788,C0615,2025-02-27 00:00:00,0,0
D00789,C0616,2024-05-16 00:00:00,0,0
D00790,C0616,2026-03-28 00:00:00,0,0
D00791,C0617,2026-02-09 00:00:00,0,0
D00792,C0618,2024-09-12 00:00:00,0,0
D00793,C0619,2024-11-27 00:00:00,0,0
D00794,C0619,2025-08-08 00:00:00,0,0
D00795,C0620,2024-04-11 00:00:00,0,0
D00796,C0620,2024-01-26 00:00:00,0,0
D00797,C0621,2024-03-03 00:00:00,0,0
D00798,C0622,2024-06-04 00:00:00,0,0
D00799,C0623,2024-06-21 00:00:00,0,0
D00800,C0624,2025-04-27 00:00:00,0,0
D00801,C0624,2025-06-21 00:00:00,0,0
D00802,C0625,2024-03-10 00:00:00,0,0
D00803,C0626,2024-05-11 00:00:00,0,0
D00804,C0627,2026-05-09 00:00:00,0,0
D00805,C0628,2024-02-09 00:00:00,0,0
D00806,C0628,2024-08-25 00:00:00,0,0
D00807,C0629,2026-04-23 00:00:00,0,0
D00808,C0630,2024-12-12 00:00:00,0,0
D00809,C0631,2024-11-12 00:00:00,0,0
D00810,C0632,2025-11-17 00:00:00,0,0
D00811,C0632,2024-04-05 00:00:00,0,0
D00812,C0633,2026-03-19 00:00:00,0,0
D00813,C0634,2026-05-04 00:00:00,0,0
D00814,C0635,2024-06-17 00:00:00,0,0
D00815,C0636,2024-06-23 00:00:00,0,0
D00816,C0636,2024-03-18 00:00:00,0,0
D00817,C0637,2025-01-22 00:00:00,0,0
D00818,C0638,2025-11-11 00:00:00,0,0
D00819,C0639,2026-03-21 00:00:00,0,0
D00820,C0639,2026-01-07 00:00:00,0,0
D00821,C0640,2026-02-12 00:00:00,0,0
D00822,C0640,2025-11-28 00:00:00,0,0
D00823,C0641,2025-11-04 00:00:00,0,0
D00824,C0642,2026-05-23 00:00:00,0,0
D00825,C0643,2024-11-16 00:00:00,0,0
D00826,C0644,2025-07-12 00:00:00,0,0
D00827,C0645,2024-03-09 00:00:00,0,0
D00828,C0646,2025-04-19 00:00:00,0,0
D00829,C0647,2024-08-15 00:00:00,0,0
D00830,C0647,2024-07-23 00:00:00,0,0
D00831,C0648,2025-12-26 00:00:00,0,0
D00832,C0649,2026-02-05 00:00:00,0,0
D00833,C0649,2025-02-16 00:00:00,0,0
D00834,C0650,2024-05-31 00:00:00,0,0
D00835,C0650,2025-05-29 00:00:00,0,0
D00836,C0651,2024-06-13 00:00:00,0,0
D00837,C0652,2024-01-21 00:00:00,0,0
D00838,C0653,2025-05-22 00:00:00,0,0
D00839,C0654,2024-03-09 00:00:00,0,0
D00840,C0655,2025-04-15 00:00:00,0,0
D00841,C0655,2024-01-16 00:00:00,0,0
D00842,C0656,2025-03-13 00:00:00,0,0
D00843,C0657,2024-08-29 00:00:00,0,0
D00844,C0658,2024-06-11 00:00:00,0,0
D00845,C0659,2024-08-01 00:00:00,0,0
D00846,C0659,2024-12-04 00:00:00,0,0
D00847,C0660,2025-05-05 00:00:00,0,0
D00848,C0661,2025-06-27 00:00:00,0,0
D00849,C0662,2024-12-16 00:00:00,0,0
D00850,C0662,2024-03-29 00:00:00,0,0
D00851,C0663,2025-01-03 00:00:00,0,0
D00852,C0664,2026-04-14 00:00:00,0,0
D00853,C0664,2026-05-26 00:00:00,0,0
D00854,C0665,2025-09-04 00:00:00,0,0
D00855,C0666,2024-07-07 00:00:00,0,0
D00856,C0666,2026-02-19 00:00:00,0,0
D00857,C0667,2024-09-30 00:00:00,0,0
D00858,C0668,2024-12-26 00:00:00,0,0
D00859,C0669,2024-06-10 00:00:00,0,0
D00860,C0670,2024-11-17 00:00:00,0,0
D00861,C0671,2025-02-14 00:00:00,0,0
D00862,C0672,2024-07-30 00:00:00,0,0
D00863,C0673,2024-05-31 00:00:00,0,0
D00864,C0673,2024-07-05 00:00:00,0,0
D00865,C0674,2024-05-07 00:00:00,0,0
D00866,C0674,2025-11-04 00:00:00,0,0
D00867,C0675,2025-04-07 00:00:00,0,0
D00868,C0676,2025-12-23 00:00:00,0,0
D00869,C0677,2024-03-03 00:00:00,0,0
D00870,C0678,2024-01-31 00:00:00,0,0
D00871,C0678,2024-10-01 00:00:00,0,0
D00872,C0679,2024-05-09 00:00:00,0,0
D00873,C0680,2025-09-03 00:00:00,0,0
D00874,C0681,2025-11-12 00:00:00,0,0
D00875,C0681,2025-10-29 00:00:00,0,0
D00876,C0682,2025-05-28 00:00:00,0,0
D00877,C0683,2024-01-26 00:00:00,0,0
D00878,C0683,2024-10-27 00:00:00,0,0
D00879,C0684,2026-02-23 00:00:00,0,0
D00880,C0684,2024-05-01 00:00:00,0,0
D00881,C0685,2025-11-09 00:00:00,0,0
D00882,C0686,2025-02-04 00:00:00,0,0
D00883,C0686,2025-09-07 00:00:00,0,0
D00884,C0687,2024-04-14 00:00:00,0,0
D00885,C0687,2024-09-19 00:00:00,0,0
D00886,C0688,2024-06-10 00:00:00,0,0
D00887,C0689,2026-05-12 00:00:00,0,0
D00888,C0690,2025-09-02 00:00:00,0,0
D00889,C0691,2026-02-05 00:00:00,0,0
D00890,C0691,2024-04-21 00:00:00,0,0
D00891,C0692,2025-12-15 00:00:00,0,0
D00892,C0692,2024-06-19 00:00:00,0,0
D00893,C0693,2026-01-31 00:00:00,0,0
D00894,C0694,2024-12-19 00:00:00,0,0
D00895,C0695,2024-10-02 00:00:00,0,0
D00896,C0696,2026-03-19 00:00:00,0,0
D00897,C0697,2024-10-15 00:00:00,0,0
D00898,C0697,2025-05-27 00:00:00,0,0
D00899,C0698,2024-04-14 00:00:00,0,0
D00900,C0698,2024-07-27 00:00:00,0,0
D00901,C0699,2025-06-13 00:00:00,0,0
D00902,C0700,2025-10-28 00:00:00,0,0
D00903,C0700,2024-10-22 00:00:00,0,0
D00904,C0701,2026-05-30 00:00:00,0,0
D00905,C0701,2024-06-23 00:00:00,0,0
D00906,C0702,2025-11-27 00:00:00,0,0
D00907,C0703,2025-09-08 00:00:00,0,0
D00908,C0704,2025-02-02 00:00:00,0,0
D00909,C0705,2024-05-29 00:00:00,0,0
D00910,C0705,2024-02-21 00:00:00,0,0
D00911,C0706,2024-08-11 00:00:00,0,0
D00912,C0707,2025-06-30 00:00:00,0,0
D00913,C0707,2025-04-12 00:00:00,0,0
D00914,C0708,2024-08-11 00:00:00,0,0
D00915,C0709,2025-10-31 00:00:00,0,0
D00916,C0709,2024-11-20 00:00:00,0,0
D00917,C0710,2026-02-06 00:00:00,0,0
D00918,C0711,2024-02-29 00:00:00,0,0
D00919,C0712,2025-08-05 00:00:00,0,0
D00920,C0712,2024-12-10 00:00:00,0,0
D00921,C0713,2025-01-02 00:00:00,0,0
D00922,C0714,2026-05-17 00:00:00,0,0
D00923,C0715,2025-03-07 00:00:00,0,0
D00924,C0716,2026-03-26 00:00:00,0,0
D00925,C0716,2025-07-16 00:00:00,0,0
D00926,C0717,2025-10-04 00:00:00,0,0
D00927,C0717,2025-10-10 00:00:00,0,0
D00928,C0718,2025-04-16 00:00:00,0,0
D00929,C0719,2025-02-06 00:00:00,0,0
D00930,C0720,2024-04-19 00:00:00,0,0
D00931,C0721,2025-02-13 00:00:00,0,0
D00932,C0722,2026-03-12 00:00:00,0,0
D00933,C0723,2025-03-20 00:00:00,0,0
D00934,C0724,2024-04-29 00:00:00,0,0
D00935,C0725,2025-03-31 00:00:00,0,0
D00936,C0726,2025-07-12 00:00:00,0,0
D00937,C0727,2024-06-14 00:00:00,0,0
D00938,C0728,2024-06-14 00:00:00,0,0
D00939,C0729,2026-01-28 00:00:00,0,0
D00940,C0729,2024-06-11 00:00:00,0,0
D00941,C0730,2026-04-30 00:00:00,0,0
D00942,C0731,2026-01-19 00:00:00,0,0
D00943,C0732,2025-11-20 00:00:00,0,0
D00944,C0733,2024-11-17 00:00:00,0,0
D00945,C0733,2024-08-23 00:00:00,0,0
D00946,C0734,2025-11-17 00:00:00,0,0
D00947,C0735,2025-09-27 00:00:00,0,0
D00948,C0736,2025-04-20 00:00:00,0,0
D00949,C0737,2024-03-07 00:00:00,0,0
D00950,C0738,2025-05-08 00:00:00,0,0
D00951,C0739,2025-05-26 00:00:00,0,0
D00952,C0740,2024-02-28 00:00:00,0,0
D00953,C0741,2026-02-27 00:00:00,0,0
D00954,C0742,2024-11-27 00:00:00,0,0
D00955,C0743,2025-05-05 00:00:00,0,0
D00956,C0744,2025-09-30 00:00:00,0,0
D00957,C0744,2025-01-30 00:00:00,0,0
D00958,C0745,2025-12-02 00:00:00,0,0
D00959,C0746,2026-05-03 00:00:00,0,0
D00960,C0746,2026-01-01 00:00:00,0,0
D00961,C0747,2025-04-15 00:00:00,0,0
D00962,C0747,2024-12-17 00:00:00,0,0
D00963,C0748,2026-05-03 00:00:00,0,0
D00964,C0749,2025-09-13 00:00:00,0,0
D00965,C0750,2025-09-05 00:00:00,0,0
D00966,C0751,2025-11-14 00:00:00,0,0
D00967,C0751,2024-02-08 00:00:00,0,0
D00968,C0752,2024-12-06 00:00:00,0,0
D00969,C0752,2024-11-26 00:00:00,0,0
D00970,C0753,2024-03-27 00:00:00,0,0
D00971,C0754,2025-03-03 00:00:00,0,0
D00972,C0755,2025-10-23 00:00:00,0,0
D00973,C0755,2024-12-28 00:00:00,0,0
D00974,C0756,2026-06-01 00:00:00,0,0
D00975,C0757,2025-08-30 00:00:00,0,0
D00976,C0758,2025-12-24 00:00:00,0,0
D00977,C0759,2025-04-23 00:00:00,0,0
D00978,C0760,2026-01-30 00:00:00,0,0
D00979,C0761,2024-03-29 00:00:00,0,0
D00980,C0762,2024-10-15 00:00:00,0,0
D00981,C0762,2025-07-09 00:00:00,0,0
D00982,C0763,2025-08-09 00:00:00,0,0
D00983,C0763,2024-11-15 00:00:00,0,0
D00984,C0764,2025-05-18 00:00:00,0,0
D00985,C0765,2025-06-02 00:00:00,0,0
D00986,C0766,2025-03-26 00:00:00,0,0
D00987,C0767,2025-09-13 00:00:00,0,0
D00988,C0768,2024-01-15 00:00:00,0,0
D00989,C0769,2025-02-13 00:00:00,0,0
D00990,C0770,2024-11-20 00:00:00,0,0
D00991,C0771,2026-04-13 00:00:00,0,0
D00992,C0772,2026-03-31 00:00:00,0,0
D00993,C0772,2025-10-01 00:00:00,0,0
D00994,C0773,2025-09-10 00:00:00,0,0
D00995,C0774,2024-10-25 00:00:00,0,0
D00996,C0774,2025-05-18 00:00:00,0,0
D00997,C0775,2025-09-18 00:00:00,0,0
D00998,C0775,2024-08-13 00:00:00,0,0
D00999,C0776,2026-01-03 00:00:00,0,0
D01000,C0777,2025-04-13 00:00:00,0,0
D01001,C0777,2024-05-23 00:00:00,0,0
D01002,C0778,2024-08-09 00:00:00,0,0
D01003,C0779,2024-07-09 00:00:00,0,0
D01004,C0780,2025-03-21 00:00:00,0,0
D01005,C0781,2025-07-21 00:00:00,0,0
D01006,C0781,2024-05-30 00:00:00,0,0
D01007,C0782,2024-03-18 00:00:00,0,0
D01008,C0783,2026-04-09 00:00:00,0,0
D01009,C0784,2026-04-20 00:00:00,0,0
D01010,C0785,2025-09-08 00:00:00,0,0
D01011,C0786,2024-07-18 00:00:00,0,0
D01012,C0786,2025-10-20 00:00:00,0,0
D01013,C0787,2024-12-04 00:00:00,0,0
D01014,C0788,2024-05-09 00:00:00,0,0
D01015,C0788,2026-02-27 00:00:00,0,0
D01016,C0789,2025-11-18 00:00:00,0,0
D01017,C0790,2026-04-27 00:00:00,0,0
D01018,C0791,2024-11-30 00:00:00,0,0
D01019,C0792,2025-12-01 00:00:00,0,0
D01020,C0792,2026-02-25 00:00:00,0,0
D01021,C0793,2024-07-31 00:00:00,0,0
D01022,C0794,2024-07-19 00:00:00,0,0
D01023,C0795,2024-10-15 00:00:00,0,0
D01024,C0796,2025-03-09 00:00:00,0,0
D01025,C0797,2024-05-19 00:00:00,0,0
D01026,C0797,2024-02-22 00:00:00,0,0
D01027,C0798,2024-07-10 00:00:00,0,0
D01028,C0799,2025-02-16 00:00:00,0,0
D01029,C0799,2024-01-18 00:00:00,0,0
D01030,C0800,2024-11-07 00:00:00,0,0
D01031,C0801,2026-03-03 00:00:00,0,0
D01032,C0802,2026-03-28 00:00:00,0,0
D01033,C0803,2025-01-29 00:00:00,0,0
D01034,C0804,2024-10-13 00:00:00,0,0
D01035,C0805,2024-08-06 00:00:00,0,0
D01036,C0806,2024-11-18 00:00:00,0,0
D01037,C0807,2024-04-04 00:00:00,0,0
D01038,C0808,2025-01-23 00:00:00,0,0
D01039,C0809,2025-08-11 00:00:00,0,0
D01040,C0810,2025-03-17 00:00:00,0,0
D01041,C0811,2024-07-28 00:00:00,0,0
D01042,C0812,2024-06-22 00:00:00,0,0
D01043,C0813,2024-09-27 00:00:00,0,0
D01044,C0814,2024-12-11 00:00:00,0,0
D01045,C0814,2025-04-14 00:00:00,0,0
D01046,C0815,2026-03-28 00:00:00,0,0
D01047,C0816,2025-11-18 00:00:00,0,0
D01048,C0817,2026-01-31 00:00:00,0,0
D01049,C0817,2025-08-24 00:00:00,0,0
D01050,C0818,2026-01-19 00:00:00,0,0
D01051,C0819,2026-03-29 00:00:00,0,0
D01052,C0819,2025-01-04 00:00:00,0,0
D01053,C0820,2025-03-16 00:00:00,0,0
D01054,C0821,2024-12-28 00:00:00,0,0
D01055,C0822,2024-01-20 00:00:00,0,0
D01056,C0823,2025-04-23 00:00:00,0,0
D01057,C0824,2025-04-02 00:00:00,0,0
D01058,C0825,2026-04-12 00:00:00,0,0
D01059,C0825,2024-06-24 00:00:00,0,0
D01060,C0826,2026-04-23 00:00:00,0,0
D01061,C0827,2025-06-26 00:00:00,0,0
D01062,C0828,2024-01-18 00:00:00,0,0
D01063,C0828,2024-04-24 00:00:00,0,0
D01064,C0829,2024-03-18 00:00:00,0,0
D01065,C0830,2025-07-21 00:00:00,0,0
D01066,C0831,2024-07-07 00:00:00,0,0
D01067,C0832,2026-02-11 00:00:00,0,0
D01068,C0832,2024-09-14 00:00:00,0,0
D01069,C0833,2024-02-19 00:00:00,0,0
D01070,C0834,2024-06-14 00:00:00,0,0
D01071,C0835,2024-02-10 00:00:00,0,0
D01072,C0836,2025-01-02 00:00:00,0,0
D01073,C0836,2024-04-18 00:00:00,0,0
D01074,C0837,2024-05-02 00:00:00,0,0
D01075,C0837,2024-12-29 00:00:00,0,0
D01076,C0838,2025-05-26 00:00:00,0,0
D01077,C0838,2024-08-04 00:00:00,0,0
D01078,C0839,2025-07-12 00:00:00,0,0
D01079,C0840,2024-06-25 00:00:00,0,0
D01080,C0841,2025-10-31 00:00:00,0,0
D01081,C0842,2024-06-28 00:00:00,0,0
D01082,C0843,2024-07-29 00:00:00,0,0
D01083,C0844,2025-10-22 00:00:00,0,0
D01084,C0845,2024-11-08 00:00:00,0,0
D01085,C0846,2024-06-28 00:00:00,0,0
D01086,C0847,2026-05-29 00:00:00,0,0
D01087,C0847,2026-03-29 00:00:00,0,0
D01088,C0848,2025-08-12 00:00:00,0,0
D01089,C0848,2026-01-08 00:00:00,0,0
D01090,C0849,2024-12-03 00:00:00,0,0
D01091,C0849,2025-02-15 00:00:00,0,0
D01092,C0850,2025-03-06 00:00:00,0,0
D01093,C0851,2026-05-29 00:00:00,0,0
D01094,C0852,2025-02-11 00:00:00,0,0
D01095,C0853,2025-09-17 00:00:00,0,0
D01096,C0854,2026-01-26 00:00:00,0,0
D01097,C0854,2025-04-07 00:00:00,0,0
D01098,C0855,2024-02-29 00:00:00,0,0
D01099,C0855,2025-06-16 00:00:00,0,0
D01100,C0856,2024-08-19 00:00:00,0,0
D01101,C0857,2024-06-05 00:00:00,0,0
D01102,C0857,2026-01-22 00:00:00,0,0
D01103,C0858,2024-10-22 00:00:00,0,0
D01104,C0859,2025-08-22 00:00:00,0,0
D01105,C0860,2024-08-21 00:00:00,0,0
D01106,C0861,2025-12-25 00:00:00,0,0
D01107,C0861,2024-05-13 00:00:00,0,0
D01108,C0862,2024-12-08 00:00:00,0,0
D01109,C0863,2025-01-27 00:00:00,0,0
D01110,C0864,2025-02-12 00:00:00,0,0
D01111,C0864,2024-12-24 00:00:00,0,0
D01112,C0865,2024-12-10 00:00:00,0,0
D01113,C0866,2024-10-25 00:00:00,0,0
D01114,C0867,2025-05-01 00:00:00,0,0
D01115,C0868,2025-06-01 00:00:00,0,0
D01116,C0869,2025-05-20 00:00:00,0,0
D01117,C0870,2026-01-21 00:00:00,0,0
D01118,C0871,2025-12-15 00:00:00,0,0
D01119,C0872,2024-10-02 00:00:00,0,0
D01120,C0873,2024-10-25 00:00:00,0,0
D01121,C0874,2026-05-27 00:00:00,0,0
D01122,C0875,2026-02-25 00:00:00,0,0
D01123,C0876,2024-04-16 00:00:00,0,0
D01124,C0877,2024-10-30 00:00:00,0,0
D01125,C0878,2024-06-02 00:00:00,0,0
D01126,C0879,2024-02-18 00:00:00,0,0
D01127,C0880,2026-04-11 00:00:00,0,0
D01128,C0881,2025-12-09 00:00:00,0,0
D01129,C0881,2024-10-20 00:00:00,0,0
D01130,C0882,2025-10-13 00:00:00,0,0
D01131,C0883,2026-03-28 00:00:00,0,0
D01132,C0883,2025-05-07 00:00:00,0,0
D01133,C0884,2026-02-18 00:00:00,0,0
D01134,C0885,2024-05-30 00:00:00,0,0
D01135,C0886,2024-10-14 00:00:00,0,0
D01136,C0886,2024-09-29 00:00:00,0,0
D01137,C0887,2026-05-05 00:00:00,0,0
D01138,C0887,2024-07-24 00:00:00,0,0
D01139,C0888,2024-06-20 00:00:00,0,0
D01140,C0889,2024-07-24 00:00:00,0,0
D01141,C0890,2024-11-23 00:00:00,0,0
D01142,C0890,2025-01-10 00:00:00,0,0
D01143,C0891,2025-04-28 00:00:00,0,0
D01144,C0891,2025-08-27 00:00:00,0,0
D01145,C0892,2025-05-23 00:00:00,0,0
D01146,C0892,2026-04-23 00:00:00,0,0
D01147,C0893,2025-02-09 00:00:00,0,0
D01148,C0893,2024-08-28 00:00:00,0,0
D01149,C0894,2024-02-19 00:00:00,0,0
D01150,C0895,2025-11-11 00:00:00,0,0
D01151,C0896,2025-05-09 00:00:00,0,0
D01152,C0897,2025-02-27 00:00:00,0,0
D01153,C0898,2024-09-23 00:00:00,0,0
D01154,C0898,2024-06-21 00:00:00,0,0
D01155,C0899,2024-12-04 00:00:00,0,0
D01156,C0899,2024-12-23 00:00:00,0,0
D01157,C0900,2025-10-28 00:00:00,0,0
D01158,C0901,2024-02-26 00:00:00,0,0
D01159,C0901,2025-12-30 00:00:00,0,0
D01160,C0902,2024-08-15 00:00:00,0,0
D01161,C0903,2026-04-10 00:00:00,0,0
D01162,C0904,2025-06-12 00:00:00,0,0
D01163,C0904,2026-05-11 00:00:00,0,0
D01164,C0905,2025-11-29 00:00:00,0,0
D01165,C0906,2026-03-07 00:00:00,0,0
D01166,C0907,2024-03-27 00:00:00,0,0
D01167,C0908,2025-07-16 00:00:00,0,0
D01168,C0908,2024-05-01 00:00:00,0,0
D01169,C0909,2024-05-07 00:00:00,0,0
D01170,C0909,2026-05-30 00:00:00,0,0
D01171,C0910,2024-12-19 00:00:00,0,0
D01172,C0911,2026-04-11 00:00:00,0,0
D01173,C0911,2024-04-16 00:00:00,0,0
D01174,C0912,2024-03-14 00:00:00,0,0
D01175,C0913,2024-11-09 00:00:00,0,0
D01176,C0914,2024-12-05 00:00:00,0,0
D01177,C0915,2025-12-13 00:00:00,0,0
D01178,C0915,2024-08-23 00:00:00,0,0
D01179,C0916,2025-10-30 00:00:00,0,0
D01180,C0917,2024-10-12 00:00:00,0,0
D01181,C0918,2025-03-09 00:00:00,0,0
D01182,C0918,2026-02-12 00:00:00,0,0
D01183,C0919,2024-12-31 00:00:00,0,0
D01184,C0920,2025-07-15 00:00:00,0,0
D01185,C0921,2025-04-18 00:00:00,0,0
D01186,C0921,2025-01-28 00:00:00,0,0
D01187,C0922,2025-12-23 00:00:00,0,0
D01188,C0922,2024-02-20 00:00:00,0,0
D01189,C0923,2024-02-09 00:00:00,0,0
D01190,C0924,2026-05-19 00:00:00,0,0
D01191,C0925,2024-08-03 00:00:00,0,0
D01192,C0926,2025-02-18 00:00:00,0,0
D01193,C0927,2025-04-23 00:00:00,0,0
D01194,C0928,2024-08-04 00:00:00,0,0
D01195,C0928,2024-12-25 00:00:00,0,0
D01196,C0929,2024-04-11 00:00:00,0,0
D01197,C0930,2025-01-19 00:00:00,0,0
D01198,C0931,2024-09-27 00:00:00,0,0
D01199,C0932,2024-02-15 00:00:00,0,0
D01200,C0933,2024-10-18 00:00:00,0,0
D01201,C0933,2025-10-08 00:00:00,0,0
D01202,C0934,2025-08-17 00:00:00,0,0
D01203,C0935,2026-02-28 00:00:00,0,0
D01204,C0936,2024-08-22 00:00:00,0,0
D01205,C0937,2025-05-10 00:00:00,0,0
D01206,C0938,2025-02-03 00:00:00,0,0
D01207,C0938,2026-03-30 00:00:00,0,0
D01208,C0939,2025-04-04 00:00:00,0,0
D01209,C0940,2025-04-26 00:00:00,0,0
D01210,C0941,2026-04-24 00:00:00,0,0
D01211,C0942,2024-06-18 00:00:00,0,0
D01212,C0943,2025-10-08 00:00:00,0,0
D01213,C0944,2024-03-22 00:00:00,0,0
D01214,C0945,2026-03-05 00:00:00,0,0
D01215,C0946,2026-01-08 00:00:00,0,0
D01216,C0946,2024-03-25 00:00:00,0,0
D01217,C0947,2025-07-08 00:00:00,0,0
D01218,C0948,2025-01-29 00:00:00,0,0
D01219,C0949,2024-06-23 00:00:00,0,0
D01220,C0950,2025-10-11 00:00:00,0,0
D01221,C0950,2025-01-18 00:00:00,0,0
D01222,C0951,2024-09-13 00:00:00,0,0
D01223,C0951,2025-03-12 00:00:00,0,0
D01224,C0952,2025-09-23 00:00:00,0,0
D01225,C0953,2024-09-27 00:00:00,0,0
D01226,C0953,2024-09-19 00:00:00,0,0
D01227,C0954,2025-01-18 00:00:00,0,0
D01228,C0955,2025-06-17 00:00:00,0,0
D01229,C0955,2025-09-14 00:00:00,0,0
D01230,C0956,2024-06-28 00:00:00,0,0
D01231,C0957,2025-12-08 00:00:00,0,0
D01232,C0958,2025-06-09 00:00:00,0,0
D01233,C0959,2025-06-22 00:00:00,0,0
D01234,C0960,2024-01-17 00:00:00,0,0
D01235,C0961,2025-10-20 00:00:00,0,0
D01236,C0961,2026-04-01 00:00:00,0,0
D01237,C0962,2025-02-21 00:00:00,0,0
D01238,C0963,2025-03-01 00:00:00,0,0
D01239,C0964,2024-04-24 00:00:00,0,0
D01240,C0965,2026-03-31 00:00:00,0,0
D01241,C0966,2026-01-05 00:00:00,0,0
D01242,C0967,2025-07-22 00:00:00,0,0
D01243,C0968,2026-03-24 00:00:00,0,0
D01244,C0968,2024-12-03 00:00:00,0,0
D01245,C0969,2024-02-14 00:00:00,0,0
D01246,C0969,2025-03-21 00:00:00,0,0
D01247,C0970,2025-08-13 00:00:00,0,0
D01248,C0971,2025-05-06 00:00:00,0,0
D01249,C0971,2024-06-07 00:00:00,0,0
D01250,C0972,2024-05-31 00:00:00,0,0
D01251,C0972,2025-09-06 00:00:00,0,0
D01252,C0973,2026-05-28 00:00:00,0,0
D01253,C0973,2025-11-01 00:00:00,0,0
D01254,C0974,2025-08-04 00:00:00,0,0
D01255,C0974,2025-10-12 00:00:00,0,0
D01256,C0975,2025-11-18 00:00:00,0,0
D01257,C0976,2024-04-29 00:00:00,0,0
D01258,C0976,2025-05-21 00:00:00,0,0
D01259,C0977,2024-09-27 00:00:00,0,0
D01260,C0977,2026-04-14 00:00:00,0,0
D01261,C0978,2024-09-10 00:00:00,0,0
D01262,C0978,2024-01-16 00:00:00,0,0
D01263,C0979,2025-10-26 00:00:00,0,0
D01264,C0980,2024-12-14 00:00:00,0,0
D01265,C0981,2024-06-18 00:00:00,0,0
D01266,C0982,2025-06-02 00:00:00,0,0
D01267,C0983,2025-03-17 00:00:00,0,0
D01268,C0984,2024-07-23 00:00:00,0,0
D01269,C0984,2025-10-19 00:00:00,0,0
D01270,C0985,2026-04-15 00:00:00,0,0
D01271,C0985,2026-05-20 00:00:00,0,0
D01272,C0986,2024-10-12 00:00:00,0,0
D01273,C0987,2025-08-04 00:00:00,0,0
D01274,C0987,2024-09-27 00:00:00,0,0
D01275,C0988,2024-11-15 00:00:00,0,0
D01276,C0989,2025-12-14 00:00:00,0,0
D01277,C0989,2025-07-30 00:00:00,0,0
D01278,C0990,2024-10-16 00:00:00,0,0
D01279,C0990,2025-07-21 00:00:00,0,0
D01280,C0991,2025-11-28 00:00:00,0,0
D01281,C0992,2025-04-10 00:00:00,0,0
D01282,C0992,2025-08-07 00:00:00,0,0
D01283,C0993,2024-09-05 00:00:00,0,0
D01284,C0993,2026-01-26 00:00:00,0,0
D01285,C0994,2026-03-11 00:00:00,0,0
D01286,C0995,2025-06-07 00:00:00,0,0
D01287,C0996,2025-03-05 00:00:00,0,0
D01288,C0997,2025-09-13 00:00:00,0,0
D01289,C0997,2024-02-12 00:00:00,0,0
D01290,C0998,2024-06-08 00:00:00,0,0
D01291,C0999,2025-08-09 00:00:00,0,0
D01292,C1000,2024-12-17 00:00:00,0,0
D01293,C1001,2025-11-13 00:00:00,0,0
D01294,C0861,2026-08-15 13:20:01,0,0
D01295,C0759,2026-07-23 08:22:15,0,0
D01296,C0425,2026-07-25 10:07:31,0,0
D01297,C0648,2026-09-04 11:31:21,0,0
D01298,C0810,2026-08-30 21:38:40,0,0
D01299,C0507,2026-07-16 13:15:29,0,0
D01300,C0220,2026-07-08 11:07:47,0,0
D01301,C0670,2026-08-07 12:25:34,0,0
D01302,C0085,2026-07-23 19:38:53,0,0
D01303,C0727,2026-07-29 16:29:48,0,0
D01304,C0917,2026-07-14 13:56:07,0,0
D01305,C0668,2026-09-10 08:13:53,0,0
D01306,C0247,2026-08-13 19:09:19,0,0
D01307,C0390,2026-08-08 21:16:02,0,0
D01308,C0854,2026-08-14 08:27:51,0,0
D01309,C0663,2026-08-08 16:59:06,0,0
D01310,C0693,2026-07-17 16:56:10,0,0
D01311,C0801,2026-07-28 19:11:03,0,0
D01312,C0208,2026-08-13 09:18:56,0,0
D01313,C0318,2026-09-09 11:55:12,0,0
D01314,C0872,2026-08-28 09:10:38,0,0
D01315,C0959,2026-08-29 17:15:14,0,0
D01316,C0766,2026-07-24 20:42:37,0,0
D01317,C0050,2026-07-26 13:22:04,0,0
D01318,C0331,2026-08-25 18:13:05,0,0
D01319,C0727,2026-07-16 08:59:48,0,0
D01320,C0274,2026-07-16 12:03:17,0,0
D01321,C0966,2026-07-11 11:59:36,0,0
D01322,C0382,2026-09-04 07:41:09,0,0
D01323,C0405,2026-09-05 17:05:45,0,0
D01324,C0532,2026-08-15 10:53:53,0,0
D01325,C0501,2026-07-04 11:47:52,0,0
D01326,C0736,2026-07-04 08:30:14,0,0
D01327,C0208,2026-08-02 18:12:30,0,0
D01328,C0593,2026-09-01 07:41:50,0,0
D01329,C0715,2026-09-03 12:59:28,0,0
D01330,C0284,2026-08-30 13:50:33,0,0
D01331,C0640,2026-08-25 12:14:02,0,0
D01332,C0223,2026-08-10 12:38:46,0,0
D01333,C0318,2026-08-08 11:11:40,0,0
D01334,C0769,2026-09-09 00:34:08,0,0
D01335,C0632,2026-08-12 18:50:13,0,0
D01336,C0480,2026-08-19 22:35:29,0,0
D01337,C0869,2026-07-15 10:47:38,0,0
D01338,C0953,2026-07-27 11:08:13,0,0
D01339,C0325,2026-08-16 09:38:24,0,0
D01340,C0256,2026-08-27 12:26:31,0,0
D01341,C0072,2026-08-16 14:04:33,0,0
D01342,C0141,2026-07-15 17:25:48,0,0
D01343,C0886,2026-08-03 09:23:38,0,0
D01344,C0144,2026-08-17 11:30:32,0,0
D01345,C0523,2026-07-04 12:29:03,0,0
D01346,C0639,2026-08-15 11:09:17,0,0
D01347,C0804,2026-08-20 18:08:30,0,0
D01348,C0222,2026-08-15 15:21:10,0,0
D01349,C0840,2026-08-25 14:39:02,0,0
D01350,C0169,2026-08-16 11:15:18,0,0
D01351,C0435,2026-09-04 13:57:36,0,0
D01352,C0502,2026-07-29 06:59:48,0,0
D01353,C0644,2026-08-03 09:29:24,0,0
DX004,C0063,2026-07-07 01:58:59,1,0
D01355,C0223,2026-07-17 03:23:25,1,1
D01356,C0322,2026-07-15 22:44:39,1,0
DX006,C0329,2026-07-27 23:07:00,1,0
D01358,C0362,2026-08-10 02:03:24,1,0
D01359,C0762,2026-08-29 22:09:06,1,0
D01360,C0705,2026-09-06 00:09:57,1,0
D01361,C0743,2026-09-10 03:47:58,1,0
D01362,C0546,2026-08-13 22:15:14,1,0
DX002,C0501,2026-07-27 01:55:22,1,0
D01364,C0189,2026-08-07 22:31:40,1,0
DX003,C0653,2026-07-10 18:56:52,1,0
D01366,C0582,2026-08-23 22:20:01,1,0
D01367,C0310,2026-08-27 01:42:11,1,0
DX007,C0846,2026-07-16 19:25:29,0,0
D01369,C0687,2026-08-22 01:39:32,1,0
D01370,C0418,2026-08-26 22:47:00,1,1
D01371,C0260,2026-09-10 23:51:19,1,0
D01372,C0383,2026-08-05 02:41:55,1,0
D01373,C0769,2026-07-23 03:27:42,1,1
D01374,C0632,2026-08-22 02:43:01,1,0
D01375,C0437,2026-09-11 00:54:03,0,0
D01376,C0990,2026-07-31 02:24:45,0,0
D01377,C0170,2026-09-05 00:47:08,1,0
D01378,C0596,2026-08-18 23:04:15,0,0
D01379,C0268,2026-08-02 03:24:32,1,1
D01380,C0555,2026-09-08 23:51:04,1,0
D01381,C0479,2026-07-23 23:57:35,1,0
DX000,C0625,2026-07-07 14:33:41,0,1
DX005,C0492,2026-07-12 12:49:12,1,0
D01384,C0594,2026-08-23 23:00:58,0,1
D01385,C0661,2026-08-22 01:03:02,1,0
D01386,C0764,2026-08-26 03:00:20,1,1
D01387,C0892,2026-08-12 01:52:04,1,0
D01388,C0098,2026-07-13 23:55:42,1,0
D01389,C0513,2026-07-12 03:41:19,0,0
D01390,C0499,2026-08-02 00:27:23,1,1
D01391,C0211,2026-08-20 02:09:39,0,0
D01392,C0125,2026-07-08 22:37:25,1,0
D01393,C0747,2026-07-17 23:30:26,1,0
D01394,C0237,2026-08-30 00:17:18,1,0
D01395,C0142,2026-08-14 22:58:24,1,0
D01396,C0056,2026-08-24 00:24:06,1,1
D01397,C0652,2026-09-01 22:26:40,1,0
D01398,C0029,2026-07-24 03:01:09,1,0
D01399,C0195,2026-07-10 23:26:18,1,0
D01400,C0640,2026-07-27 01:03:43,0,0
D01401,C0092,2026-09-05 00:36:31,1,0
D01402,C0891,2026-07-20 02:38:44,1,0
D01403,C0689,2026-07-29 22:06:30,1,0
D01404,C0120,2026-07-11 00:23:21,1,0
D01405,C0755,2026-08-22 22:44:05,1,0
D01406,C0163,2026-07-24 03:29:01,1,0
D01407,C0547,2026-07-22 22:38:43,1,1
D01408,C0618,2026-07-22 02:54:37,1,0
D01409,C0340,2026-08-10 03:03:07,1,0
D01410,C0516,2026-08-23 02:08:22,1,0
D01411,C0838,2026-08-30 03:12:59,1,1
D01412,C0389,2026-08-07 23:51:59,1,0
D01413,C0388,2026-07-22 03:45:18,0,0
D01414,C0573,2026-08-31 02:05:14,1,0
D01415,C0236,2026-08-17 03:15:42,1,0
D01416,C0808,2026-07-24 03:02:39,1,0
D01417,C0512,2026-09-04 01:54:43,1,0
D01418,C0680,2026-07-31 00:34:41,1,0
D01419,C0233,2026-07-16 01:18:47,1,0
D01420,C0260,2026-07-07 01:38:58,1,0
D01421,C0045,2026-09-01 02:22:46,1,0
D01422,C0845,2026-09-13 21:57:52,1,0
D01423,C0139,2026-08-17 02:08:11,1,1
D01424,C0152,2026-08-19 22:59:51,1,0
D01425,C0055,2026-09-01 00:47:18,1,0
D01426,C0272,2026-08-03 01:55:04,1,0
D01427,C0736,2026-08-13 02:44:50,1,1
D01428,C0712,2026-07-25 00:50:29,1,0
D01429,C0154,2026-07-14 23:34:24,1,0
D01430,C0481,2026-07-16 03:53:45,1,1
D01431,C0200,2026-07-25 22:32:46,1,0
D01432,C0001,2026-08-07 01:35:02,0,0
D01433,C0993,2026-07-15 01:51:56,1,0
D01434,C1000,2026-08-29 01:58:36,0,0
D01435,C0242,2026-07-29 00:46:44,1,1
D01436,C0901,2026-07-21 01:29:04,1,0
DX001,C0281,2026-07-07 14:35:00,0,0
D01438,C0796,2026-07-17 22:17:55,1,0
D01439,C0542,2026-08-30 01:01:29,1,0
D01440,C0152,2026-08-24 00:35:01,1,0
D01441,C0921,2026-09-06 01:01:56,1,1
D01442,C0006,2026-08-18 03:01:01,0,0
D01443,C0416,2026-09-09 23:29:52,1,1
D01444,C0699,2026-07-19 00:54:19,0,0
D01445,C0386,2026-08-13 22:01:05,1,0
D01446,C0265,2026-07-14 03:25:06,1,0
D01447,C0536,2026-09-03 22:48:52,1,1
D01448,C0301,2026-08-27 22:28:37,1,0
D01449,C0751,2026-07-30 12:46:50,0,0
D01450,C0548,2026-07-12 14:30:30,0,0
D01451,C0748,2026-08-24 08:02:46,0,1
D01452,C0608,2026-09-05 05:59:44,0,0
D01453,C0916,2026-08-01 20:16:48,0,0
D01454,C0953,2026-08-15 20:46:05,0,1
D01455,C0725,2026-08-12 11:36:18,0,0
D01456,C0519,2026-07-11 16:34:51,0,0
D01457,C0217,2026-08-09 19:16:37,0,0
D01458,C0181,2026-08-04 18:43:31,0,0
D01459,C0299,2026-08-05 18:57:40,0,0
D01460,C0977,2026-07-20 17:28:28,0,0
D01461,C0104,2026-09-10 18:56:26,0,0
D01462,C0357,2026-08-15 14:14:00,0,1
D01463,C0760,2026-07-19 09:55:49,0,0
D01464,C0180,2026-08-02 20:47:25,0,0
D01465,C0920,2026-07-10 21:36:07,0,0
D01466,C0740,2026-07-18 14:53:14,0,1
D01467,C0383,2026-07-27 07:14:16,0,1
D01468,C0971,2026-08-29 20:56:43,0,0
D01469,C0954,2026-08-10 20:09:15,0,1
D01470,C0586,2026-09-07 13:50:04,0,0
D01471,C0333,2026-09-08 18:40:57,0,0
D01472,C0066,2026-08-25 23:43:14,0,0
D01473,C0984,2026-08-05 10:51:16,0,0
D01474,C0128,2026-09-06 17:46:48,0,0
D01475,C0049,2026-09-01 14:51:26,0,1
D01476,C0433,2026-08-20 17:31:38,0,0
D01477,C0062,2026-08-20 19:43:17,0,0
D01478,C0659,2026-07-20 09:58:05,0,1
D01479,C0583,2026-08-24 11:05:49,0,0
D01480,C0211,2026-08-30 00:54:36,0,0
D01481,C0232,2026-07-18 20:40:05,0,0
D01482,C0757,2026-07-21 08:42:07,0,1
D01483,C0545,2026-07-24 15:44:16,0,1
D01484,C0482,2026-09-11 07:39:22,0,1
D01485,C0606,2026-07-10 06:18:06,0,0
D01486,C0822,2026-07-24 18:34:06,0,0
D01487,C0530,2026-07-29 13:14:30,0,0
D01488,C0927,2026-09-06 08:22:56,0,1
D01489,C0755,2026-08-19 14:58:51,0,0
D01490,C0063,2026-09-02 23:55:40,0,1
D01491,C0814,2026-07-29 12:47:41,0,1
D01492,C0354,2026-09-09 14:46:43,0,0
D01493,C0866,2026-08-10 16:30:30,0,1
D01494,C0958,2026-08-28 21:11:17,0,1
D01495,C0133,2026-09-11 09:34:30,0,0
D01496,C0556,2026-08-18 17:03:01,0,0
D01497,C0167,2026-08-23 09:15:35,0,0
D01498,C0781,2026-07-08 10:28:41,0,1
D01499,C0432,2026-07-06 11:14:49,0,0
D01500,C0863,2026-08-29 16:31:31,0,0
D01501,C0287,2026-09-09 12:44:20,0,0
D01502,C0230,2026-08-03 08:08:25,0,0
D01503,C0359,2026-08-14 20:12:56,0,0
D01504,C0076,2026-09-02 07:56:08,0,0
D01505,C0073,2026-07-30 18:29:13,0,0
D01506,C0576,2026-09-06 16:33:50,0,0
D01507,C0870,2026-09-01 16:03:36,0,0
D01508,C0973,2026-07-28 20:50:21,0,0
D01509,C0772,2026-08-05 17:43:53,0,0
D01510,C0418,2026-07-31 15:26:15,0,1
D01511,C0983,2026-08-03 17:34:19,0,0
D01512,C0386,2026-08-09 18:14:59,0,1
D01513,C0804,2026-08-07 08:23:30,0,0
D01514,C0835,2026-07-10 04:10:38,0,0
D01515,C0156,2026-08-20 18:14:36,0,0
D01516,C0714,2026-08-09 14:29:54,0,0
D01517,C0316,2026-09-09 11:32:28,0,1
D01518,C0529,2026-08-23 15:52:45,0,1
D01519,C0308,2026-07-23 00:09:18,0,0
D01520,C0004,2026-09-03 09:39:29,0,0
D01521,C0542,2026-07-19 21:10:51,0,0
D01522,C0644,2026-08-16 21:26:20,0,0
D01523,C0491,2026-07-31 18:37:35,0,0
D01524,C0905,2026-08-03 07:55:20,0,0
D01525,C0855,2026-09-03 14:38:54,0,0
D01526,C0436,2026-08-02 10:10:36,0,0
D01527,C0183,2026-07-25 19:23:18,0,0
D01528,C0199,2026-09-06 14:44:26,0,0
D01529,C0538,2026-09-05 17:42:35,0,0
D01530,C0567,2026-09-10 18:48:45,0,0
D01531,C0645,2026-07-15 12:45:40,0,0
D01532,C0719,2026-08-19 07:43:33,0,0
D01533,C0040,2026-08-09 08:02:03,0,0
D01534,C0292,2026-08-22 18:32:13,0,0
D01535,C0439,2026-08-02 08:21:43,0,0
D01536,C0406,2026-07-19 18:36:24,0,0
D01537,C0392,2026-07-18 19:56:13,0,0
D01538,C0546,2026-09-07 09:07:53,0,0
D01539,C0905,2026-08-13 14:34:01,0,0
D01540,C0261,2026-08-03 16:50:04,0,0
D01541,C0486,2026-08-25 07:09:59,0,0
D01542,C0038,2026-08-17 11:30:29,0,0
D01543,C0463,2026-08-17 05:23:32,0,0
D01544,C0991,2026-08-16 15:55:31,0,0
D01545,C0823,2026-07-23 16:10:43,0,0
D01546,C0394,2026-08-01 09:16:52,0,0
D01547,C0068,2026-07-28 19:44:03,0,0
D01548,C0370,2026-08-14 16:19:32,0,0
D01549,C0605,2026-08-26 20:03:20,0,0
D01550,C0450,2026-08-11 10:48:42,0,0
D01551,C0857,2026-08-30 16:51:31,0,0
D01552,C0181,2026-09-09 13:42:30,0,0
D01553,C0894,2026-07-17 22:18:39,0,0
D_RAMESH_NEW,C1001,2026-08-30 23:38:00,1,0
