customer_id,upi_vpa,card_id,wallet_id,account_no
C0001,c0001@bank,CARD0001,W0001,AC00016880
C0002,c0002@bank,CARD0002,W0002,AC00021811
C0003,c0003@bank,CARD0003,W0003,AC00033522
C0004,c0004@bank,CARD0004,W0004,AC00047321
C0005,c0005@bank,CARD0005,W0005,AC00056350
C0006,c0006@bank,CARD0006,W0006,AC00066459
C0007,c0007@bank,CARD0007,W0007,AC00077759
C0008,c0008@bank,CARD0008,W0008,AC00082482
C0009,c0009@bank,CARD0009,W0009,AC00098118
C0010,c0010@bank,CARD0010,W0010,AC00106278
C0011,c0011@bank,CARD0011,W0011,AC00114780
C0012,c0012@bank,CARD0012,W0012,AC00125172
C0013,c0013@bank,CARD0013,W0013,AC00135577
C0014,c0014@bank,CARD0014,W0014,AC00145952
C0015,c0015@bank,CARD0015,W0015,AC00154004
C0016,c0016@bank,CARD0016,W0016,AC00163007
C0017,c0017@bank,CARD0017,W0017,AC00172521
C0018,c0018@bank,CARD0018,W0018,AC00184066
C0019,c0019@bank,CARD0019,W0019,AC00193344
C0020,c0020@bank,CARD0020,W0020,AC00205644
C0021,c0021@bank,CARD0021,W0021,AC00219208
C0022,c0022@bank,CARD0022,W0022,AC00221972
C0023,c0023@bank,CARD0023,W0023,AC00233780
C0024,c0024@bank,CARD0024,W0024,AC00241442
C0025,c0025@bank,CARD0025,W0025,AC00259771
C0026,c0026@bank,CARD0026,W0026,AC00267306
C0027,c0027@bank,CARD0027,W0027,AC00273173
C0028,c0028@bank,CARD0028,W0028,AC00284727
C0029,c0029@bank,CARD0029,W0029,AC00297506
C0030,c0030@bank,CARD0030,W0030,AC00309618
C0031,c0031@bank,CARD0031,W0031,AC00316164
C0032,c0032@bank,CARD0032,W0032,AC00323437
C0033,c0033@bank,CARD0033,W0033,AC00337271
C0034,c0034@bank,CARD0034,W0034,AC00347171
C0035,c0035@bank,CARD0035,W0035,AC00356794
C0036,c0036@bank,CARD0036,W0036,AC00361413
C0037,c0037@bank,CARD0037,W0037,AC00377360
C0038,c0038@bank,CARD0038,W0038,AC00381176
C0039,c0039@bank,CARD0039,W0039,AC00399149
C0040,c0040@bank,CARD0040,W0040,AC00408936
C0041,c0041@bank,CARD0041,W0041,AC00416070
C0042,c0042@bank,CARD0042,W0042,AC00426813
C0043,c0043@bank,CARD0043,W0043,AC00431610
C0044,c0044@bank,CARD0044,W0044,AC00448868
C0045,c0045@bank,CARD0045,W0045,AC00453437
C0046,c0046@bank,CARD0046,W0046,AC00463358
C0047,c0047@bank,CARD0047,W0047,AC00477373
C0048,c0048@bank,CARD0048,W0048,AC00489449
C0049,c0049@bank,CARD0049,W0049,AC00495446
C0050,c0050@bank,CARD0050,W0050,AC00505567
C0051,c0051@bank,CARD0051,W0051,AC00515936
C0052,c0052@bank,CARD0052,W0052,AC00523619
C0053,c0053@bank,CARD0053,W0053,AC00536368
C0054,c0054@bank,CARD0054,W0054,AC00549647
C0055,c0055@bank,CARD0055,W0055,AC00554443
C0056,c0056@bank,CARD0056,W0056,AC00567956
C0057,c0057@bank,CARD0057,W0057,AC00577964
C0058,c0058@bank,CARD0058,W0058,AC00588656
C0059,c0059@bank,CARD0059,W0059,AC00597511
C0060,c0060@bank,CARD0060,W0060,AC00609292
C0061,c0061@bank,CARD0061,W0061,AC00617427
C0062,c0062@bank,CARD0062,W0062,AC00629784
C0063,c0063@bank,CARD0063,W0063,AC00637437
C0064,c0064@bank,CARD0064,W0064,AC00648531
C0065,c0065@bank,CARD0065,W0065,AC00659012
C0066,c0066@bank,CARD0066,W0066,AC00669849
C0067,c0067@bank,CARD0067,W0067,AC00676357
C0068,c0068@bank,CARD0068,W0068,AC00687391
C0069,c0069@bank,CARD0069,W0069,AC00699702
C0070,c0070@bank,CARD0070,W0070,AC00704421
C0071,c0071@bank,CARD0071,W0071,AC00712072
C0072,c0072@bank,CARD0072,W0072,AC00728957
C0073,c0073@bank,CARD0073,W0073,AC00736686
C0074,c0074@bank,CARD0074,W0074,AC00744855
C0075,c0075@bank,CARD0075,W0075,AC00757451
C0076,c0076@bank,CARD0076,W0076,AC00761293
C0077,c0077@bank,CARD0077,W0077,AC00775294
C0078,c0078@bank,CARD0078,W0078,AC00783388
C0079,c0079@bank,CARD0079,W0079,AC00793593
C0080,c0080@bank,CARD0080,W0080,AC00809722
C0081,c0081@bank,CARD0081,W0081,AC00815949
C0082,c0082@bank,CARD0082,W0082,AC00822263
C0083,c0083@bank,CARD0083,W0083,AC00834282
C0084,c0084@bank,CARD0084,W0084,AC00843183
C0085,c0085@bank,CARD0085,W0085,AC00859181
C0086,c0086@bank,CARD0086,W0086,AC00863621
C0087,c0087@bank,CARD0087,W0087,AC00874210
C0088,c0088@bank,CARD0088,W0088,AC00884007
C0089,c0089@bank,CARD0089,W0089,AC00892581
C0090,c0090@bank,CARD0090,W0090,AC00908020
C0091,c0091@bank,CARD0091,W0091,AC00916186
C0092,c0092@bank,CARD0092,W0092,AC00924932
C0093,c0093@bank,CARD0093,W0093,AC00934563
C0094,c0094@bank,CARD0094,W0094,AC00946999
C0095,c0095@bank,CARD0095,W0095,AC00951862
C0096,c0096@bank,CARD0096,W0096,AC00969384
C0097,c0097@bank,CARD0097,W0097,AC00976083
C0098,c0098@bank,CARD0098,W0098,AC00983048
C0099,c0099@bank,CARD0099,W0099,AC00995840
C0100,c0100@bank,CARD0100,W0100,AC01008667
C0101,c0101@bank,CARD0101,W0101,AC01012558
C0102,c0102@bank,CARD0102,W0102,AC01025714
C0103,c0103@bank,CARD0103,W0103,AC01036378
C0104,c0104@bank,CARD0104,W0104,AC01048289
C0105,c0105@bank,CARD0105,W0105,AC01056105
C0106,c0106@bank,CARD0106,W0106,AC01067626
C0107,c0107@bank,CARD0107,W0107,AC01077961
C0108,c0108@bank,CARD0108,W0108,AC01089019
C0109,c0109@bank,CARD0109,W0109,AC01094253
C0110,c0110@bank,CARD0110,W0110,AC01107334
C0111,c0111@bank,CARD0111,W0111,AC01113238
C0112,c0112@bank,CARD0112,W0112,AC01128597
C0113,c0113@bank,CARD0113,W0113,AC01139560
C0114,c0114@bank,CARD0114,W0114,AC01143647
C0115,c0115@bank,CARD0115,W0115,AC01156050
C0116,c0116@bank,CARD0116,W0116,AC01168400
C0117,c0117@bank,CARD0117,W0117,AC01171244
C0118,c0118@bank,CARD0118,W0118,AC01187344
C0119,c0119@bank,CARD0119,W0119,AC01198385
C0120,c0120@bank,CARD0120,W0120,AC01208840
C0121,c0121@bank,CARD0121,W0121,AC01212770
C0122,c0122@bank,CARD0122,W0122,AC01227813
C0123,c0123@bank,CARD0123,W0123,AC01238073
C0124,c0124@bank,CARD0124,W0124,AC01241025
C0125,c0125@bank,CARD0125,W0125,AC01257345
C0126,c0126@bank,CARD0126,W0126,AC01266635
C0127,c0127@bank,CARD0127,W0127,AC01279718
C0128,c0128@bank,CARD0128,W0128,AC01281387
C0129,c0129@bank,CARD0129,W0129,AC01299689
C0130,c0130@bank,CARD0130,W0130,AC01306142
C0131,c0131@bank,CARD0131,W0131,AC01313469
C0132,c0132@bank,CARD0132,W0132,AC01324486
C0133,c0133@bank,CARD0133,W0133,AC01337897
C0134,c0134@bank,CARD0134,W0134,AC01349963
C0135,c0135@bank,CARD0135,W0135,AC01353851
C0136,c0136@bank,CARD0136,W0136,AC01369852
C0137,c0137@bank,CARD0137,W0137,AC01376662
C0138,c0138@bank,CARD0138,W0138,AC01382727
C0139,c0139@bank,CARD0139,W0139,AC01396379
C0140,c0140@bank,CARD0140,W0140,AC01408215
C0141,c0141@bank,CARD0141,W0141,AC01411490
C0142,c0142@bank,CARD0142,W0142,AC01421710
C0143,c0143@bank,CARD0143,W0143,AC01431046
C0144,c0144@bank,CARD0144,W0144,AC01446132
C0145,c0145@bank,CARD0145,W0145,AC01451519
C0146,c0146@bank,CARD0146,W0146,AC01469388
C0147,c0147@bank,CARD0147,W0147,AC01472151
C0148,c0148@bank,CARD0148,W0148,AC01481644
C0149,c0149@bank,CARD0149,W0149,AC01493318
C0150,c0150@bank,CARD0150,W0150,AC01507867
C0151,c0151@bank,CARD0151,W0151,AC01519161
C0152,c0152@bank,CARD0152,W0152,AC01523258
C0153,c0153@bank,CARD0153,W0153,AC01535667
C0154,c0154@bank,CARD0154,W0154,AC01547963
C0155,c0155@bank,CARD0155,W0155,AC01558171
C0156,c0156@bank,CARD0156,W0156,AC01562376
C0157,c0157@bank,CARD0157,W0157,AC01578543
C0158,c0158@bank,CARD0158,W0158,AC01588804
C0159,c0159@bank,CARD0159,W0159,AC01597613
C0160,c0160@bank,CARD0160,W0160,AC01605744
C0161,c0161@bank,CARD0161,W0161,AC01614522
C0162,c0162@bank,CARD0162,W0162,AC01629003
C0163,c0163@bank,CARD0163,W0163,AC01638773
C0164,c0164@bank,CARD0164,W0164,AC01645663
C0165,c0165@bank,CARD0165,W0165,AC01657677
C0166,c0166@bank,CARD0166,W0166,AC01664598
C0167,c0167@bank,CARD0167,W0167,AC01677687
C0168,c0168@bank,CARD0168,W0168,AC01681803
C0169,c0169@bank,CARD0169,W0169,AC01699113
C0170,c0170@bank,CARD0170,W0170,AC01705639
C0171,c0171@bank,CARD0171,W0171,AC01716387
C0172,c0172@bank,CARD0172,W0172,AC01722704
C0173,c0173@bank,CARD0173,W0173,AC01735756
C0174,c0174@bank,CARD0174,W0174,AC01741028
C0175,c0175@bank,CARD0175,W0175,AC01759010
C0176,c0176@bank,CARD0176,W0176,AC01767739
C0177,c0177@bank,CARD0177,W0177,AC01775089
C0178,c0178@bank,CARD0178,W0178,AC01788521
C0179,c0179@bank,CARD0179,W0179,AC01798303
C0180,c0180@bank,CARD0180,W0180,AC01802071
C0181,c0181@bank,CARD0181,W0181,AC01811484
C0182,c0182@bank,CARD0182,W0182,AC01823281
C0183,c0183@bank,CARD0183,W0183,AC01831011
C0184,c0184@bank,CARD0184,W0184,AC01846157
C0185,c0185@bank,CARD0185,W0185,AC01855754
C0186,c0186@bank,CARD0186,W0186,AC01865841
C0187,c0187@bank,CARD0187,W0187,AC01871662
C0188,c0188@bank,CARD0188,W0188,AC01889262
C0189,c0189@bank,CARD0189,W0189,AC01899787
C0190,c0190@bank,CARD0190,W0190,AC01906314
C0191,c0191@bank,CARD0191,W0191,AC01911049
C0192,c0192@bank,CARD0192,W0192,AC01924563
C0193,c0193@bank,CARD0193,W0193,AC01937462
C0194,c0194@bank,CARD0194,W0194,AC01947737
C0195,c0195@bank,CARD0195,W0195,AC01953190
C0196,c0196@bank,CARD0196,W0196,AC01968403
C0197,c0197@bank,CARD0197,W0197,AC01979707
C0198,c0198@bank,CARD0198,W0198,AC01985577
C0199,c0199@bank,CARD0199,W0199,AC01994433
C0200,c0200@bank,CARD0200,W0200,AC02005734
C0201,c0201@bank,CARD0201,W0201,AC02011245
C0202,c0202@bank,CARD0202,W0202,AC02025710
C0203,c0203@bank,CARD0203,W0203,AC02031242
C0204,c0204@bank,CARD0204,W0204,AC02041313
C0205,c0205@bank,CARD0205,W0205,AC02055979
C0206,c0206@bank,CARD0206,W0206,AC02065596
C0207,c0207@bank,CARD0207,W0207,AC02079879
C0208,c0208@bank,CARD0208,W0208,AC02085568
C0209,c0209@bank,CARD0209,W0209,AC02099816
C0210,c0210@bank,CARD0210,W0210,AC02108263
C0211,c0211@bank,CARD0211,W0211,AC02114035
C0212,c0212@bank,CARD0212,W0212,AC02129334
C0213,c0213@bank,CARD0213,W0213,AC02135343
C0214,c0214@bank,CARD0214,W0214,AC02146353
C0215,c0215@bank,CARD0215,W0215,AC02151904
C0216,c0216@bank,CARD0216,W0216,AC02162913
C0217,c0217@bank,CARD0217,W0217,AC02175699
C0218,c0218@bank,CARD0218,W0218,AC02183440
C0219,c0219@bank,CARD0219,W0219,AC02196396
C0220,c0220@bank,CARD0220,W0220,AC02201719
C0221,c0221@bank,CARD0221,W0221,AC02213259
C0222,c0222@bank,CARD0222,W0222,AC02226985
C0223,c0223@bank,CARD0223,W0223,AC02236508
C0224,c0224@bank,CARD0224,W0224,AC02249851
C0225,c0225@bank,CARD0225,W0225,AC02259096
C0226,c0226@bank,CARD0226,W0226,AC02268294
C0227,c0227@bank,CARD0227,W0227,AC02271008
C0228,c0228@bank,CARD0228,W0228,AC02286421
C0229,c0229@bank,CARD0229,W0229,AC02293060
C0230,c0230@bank,CARD0230,W0230,AC02303401
C0231,c0231@bank,CARD0231,W0231,AC02312889
C0232,c0232@bank,CARD0232,W0232,AC02325102
C0233,c0233@bank,CARD0233,W0233,AC02332114
C0234,c0234@bank,CARD0234,W0234,AC02345785
C0235,c0235@bank,CARD0235,W0235,AC02352494
C0236,c0236@bank,CARD0236,W0236,AC02365503
C0237,c0237@bank,CARD0237,W0237,AC02376632
C0238,c0238@bank,CARD0238,W0238,AC02382616
C0239,c0239@bank,CARD0239,W0239,AC02391924
C0240,c0240@bank,CARD0240,W0240,AC02408255
C0241,c0241@bank,CARD0241,W0241,AC02417646
C0242,c0242@bank,CARD0242,W0242,AC02423352
C0243,c0243@bank,CARD0243,W0243,AC02438982
C0244,c0244@bank,CARD0244,W0244,AC02442990
C0245,c0245@bank,CARD0245,W0245,AC02459338
C0246,c0246@bank,CARD0246,W0246,AC02462019
C0247,c0247@bank,CARD0247,W0247,AC02476940
C0248,c0248@bank,CARD0248,W0248,AC02481172
C0249,c0249@bank,CARD0249,W0249,AC02492776
C0250,c0250@bank,CARD0250,W0250,AC02504641
C0251,c0251@bank,CARD0251,W0251,AC02511767
C0252,c0252@bank,CARD0252,W0252,AC02525112
C0253,c0253@bank,CARD0253,W0253,AC02533087
C0254,c0254@bank,CARD0254,W0254,AC02541890
C0255,c0255@bank,CARD0255,W0255,AC02559656
C0256,c0256@bank,CARD0256,W0256,AC02569835
C0257,c0257@bank,CARD0257,W0257,AC02579660
C0258,c0258@bank,CARD0258,W0258,AC02582386
C0259,c0259@bank,CARD0259,W0259,AC02594436
C0260,c0260@bank,CARD0260,W0260,AC02603946
C0261,c0261@bank,CARD0261,W0261,AC02613931
C0262,c0262@bank,CARD0262,W0262,AC02624749
C0263,c0263@bank,CARD0263,W0263,AC02635589
C0264,c0264@bank,CARD0264,W0264,AC02645365
C0265,c0265@bank,CARD0265,W0265,AC02653624
C0266,c0266@bank,CARD0266,W0266,AC02669817
C0267,c0267@bank,CARD0267,W0267,AC02679815
C0268,c0268@bank,CARD0268,W0268,AC02683980
C0269,c0269@bank,CARD0269,W0269,AC02692990
C0270,c0270@bank,CARD0270,W0270,AC02705793
C0271,c0271@bank,CARD0271,W0271,AC02714321
C0272,c0272@bank,CARD0272,W0272,AC02729883
C0273,c0273@bank,CARD0273,W0273,AC02734863
C0274,c0274@bank,CARD0274,W0274,AC02741357
C0275,c0275@bank,CARD0275,W0275,AC02752125
C0276,c0276@bank,CARD0276,W0276,AC02761671
C0277,c0277@bank,CARD0277,W0277,AC02774445
C0278,c0278@bank,CARD0278,W0278,AC02783848
C0279,c0279@bank,CARD0279,W0279,AC02798709
C0280,c0280@bank,CARD0280,W0280,AC02809014
C0281,c0281@bank,CARD0281,W0281,AC02812263
C0282,c0282@bank,CARD0282,W0282,AC02829500
C0283,c0283@bank,CARD0283,W0283,AC02836255
C0284,c0284@bank,CARD0284,W0284,AC02843760
C0285,c0285@bank,CARD0285,W0285,AC02854659
C0286,c0286@bank,CARD0286,W0286,AC02864971
C0287,c0287@bank,CARD0287,W0287,AC02872534
C0288,c0288@bank,CARD0288,W0288,AC02888805
C0289,c0289@bank,CARD0289,W0289,AC02891111
C0290,c0290@bank,CARD0290,W0290,AC02901627
C0291,c0291@bank,CARD0291,W0291,AC02913459
C0292,c0292@bank,CARD0292,W0292,AC02922292
C0293,c0293@bank,CARD0293,W0293,AC02931556
C0294,c0294@bank,CARD0294,W0294,AC02944450
C0295,c0295@bank,CARD0295,W0295,AC02954390
C0296,c0296@bank,CARD0296,W0296,AC02962129
C0297,c0297@bank,CARD0297,W0297,AC02978291
C0298,c0298@bank,CARD0298,W0298,AC02988942
C0299,c0299@bank,CARD0299,W0299,AC02997476
C0300,c0300@bank,CARD0300,W0300,AC03005699
C0301,c0301@bank,CARD0301,W0301,AC03019525
C0302,c0302@bank,CARD0302,W0302,AC03024154
C0303,c0303@bank,CARD0303,W0303,AC03034842
C0304,c0304@bank,CARD0304,W0304,AC03041135
C0305,c0305@bank,CARD0305,W0305,AC03057369
C0306,c0306@bank,CARD0306,W0306,AC03061832
C0307,c0307@bank,CARD0307,W0307,AC03076987
C0308,c0308@bank,CARD0308,W0308,AC03088041
C0309,c0309@bank,CARD0309,W0309,AC03092953
C0310,c0310@bank,CARD0310,W0310,AC03106507
C0311,c0311@bank,CARD0311,W0311,AC03113731
C0312,c0312@bank,CARD0312,W0312,AC03124584
C0313,c0313@bank,CARD0313,W0313,AC03135767
C0314,c0314@bank,CARD0314,W0314,AC03143245
C0315,c0315@bank,CARD0315,W0315,AC03158169
C0316,c0316@bank,CARD0316,W0316,AC03164551
C0317,c0317@bank,CARD0317,W0317,AC03175155
C0318,c0318@bank,CARD0318,W0318,AC03188331
C0319,c0319@bank,CARD0319,W0319,AC03193049
C0320,c0320@bank,CARD0320,W0320,AC03205069
C0321,c0321@bank,CARD0321,W0321,AC03219940
C0322,c0322@bank,CARD0322,W0322,AC03224597
C0323,c0323@bank,CARD0323,W0323,AC03232040
C0324,c0324@bank,CARD0324,W0324,AC03243559
C0325,c0325@bank,CARD0325,W0325,AC03259602
C0326,c0326@bank,CARD0326,W0326,AC03267831
C0327,c0327@bank,CARD0327,W0327,AC03278280
C0328,c0328@bank,CARD0328,W0328,AC03283281
C0329,c0329@bank,CARD0329,W0329,AC03298549
C0330,c0330@bank,CARD0330,W0330,AC03304539
C0331,c0331@bank,CARD0331,W0331,AC03318153
C0332,c0332@bank,CARD0332,W0332,AC03328927
C0333,c0333@bank,CARD0333,W0333,AC03332873
C0334,c0334@bank,CARD0334,W0334,AC03349445
C0335,c0335@bank,CARD0335,W0335,AC03356692
C0336,c0336@bank,CARD0336,W0336,AC03367577
C0337,c0337@bank,CARD0337,W0337,AC03377809
C0338,c0338@bank,CARD0338,W0338,AC03382515
C0339,c0339@bank,CARD0339,W0339,AC03397710
C0340,c0340@bank,CARD0340,W0340,AC03402916
C0341,c0341@bank,CARD0341,W0341,AC03413443
C0342,c0342@bank,CARD0342,W0342,AC03422048
C0343,c0343@bank,CARD0343,W0343,AC03432629
C0344,c0344@bank,CARD0344,W0344,AC03449809
C0345,c0345@bank,CARD0345,W0345,AC03453952
C0346,c0346@bank,CARD0346,W0346,AC03464482
C0347,c0347@bank,CARD0347,W0347,AC03475318
C0348,c0348@bank,CARD0348,W0348,AC03487415
C0349,c0349@bank,CARD0349,W0349,AC03496163
C0350,c0350@bank,CARD0350,W0350,AC03505824
C0351,c0351@bank,CARD0351,W0351,AC03518531
C0352,c0352@bank,CARD0352,W0352,AC03525462
C0353,c0353@bank,CARD0353,W0353,AC03537920
C0354,c0354@bank,CARD0354,W0354,AC03549197
C0355,c0355@bank,CARD0355,W0355,AC03557084
C0356,c0356@bank,CARD0356,W0356,AC03561317
C0357,c0357@bank,CARD0357,W0357,AC03573371
C0358,c0358@bank,CARD0358,W0358,AC03586559
C0359,c0359@bank,CARD0359,W0359,AC03595309
C0360,c0360@bank,CARD0360,W0360,AC03603562
C0361,c0361@bank,CARD0361,W0361,AC03614018
C0362,c0362@bank,CARD0362,W0362,AC03621705
C0363,c0363@bank,CARD0363,W0363,AC03633114
C0364,c0364@bank,CARD0364,W0364,AC03648044
C0365,c0365@bank,CARD0365,W0365,AC03651092
C0366,c0366@bank,CARD0366,W0366,AC03668530
C0367,c0367@bank,CARD0367,W0367,AC03674054
C0368,c0368@bank,CARD0368,W0368,AC03688270
C0369,c0369@bank,CARD0369,W0369,AC03693304
C0370,c0370@bank,CARD0370,W0370,AC03708458
C0371,c0371@bank,CARD0371,W0371,AC03716146
C0372,c0372@bank,CARD0372,W0372,AC03728662
C0373,c0373@bank,CARD0373,W0373,AC03731560
C0374,c0374@bank,CARD0374,W0374,AC03748176
C0375,c0375@bank,CARD0375,W0375,AC03753434
C0376,c0376@bank,CARD0376,W0376,AC03764229
C0377,c0377@bank,CARD0377,W0377,AC03771402
C0378,c0378@bank,CARD0378,W0378,AC03789585
C0379,c0379@bank,CARD0379,W0379,AC03796772
C0380,c0380@bank,CARD0380,W0380,AC03809827
C0381,c0381@bank,CARD0381,W0381,AC03816113
C0382,c0382@bank,CARD0382,W0382,AC03822423
C0383,c0383@bank,CARD0383,W0383,AC03834036
C0384,c0384@bank,CARD0384,W0384,AC03844958
C0385,c0385@bank,CARD0385,W0385,AC03852325
C0386,c0386@bank,CARD0386,W0386,AC03869382
C0387,c0387@bank,CARD0387,W0387,AC03879620
C0388,c0388@bank,CARD0388,W0388,AC03886070
C0389,c0389@bank,CARD0389,W0389,AC03896258
C0390,c0390@bank,CARD0390,W0390,AC03907330
C0391,c0391@bank,CARD0391,W0391,AC03917111
C0392,c0392@bank,CARD0392,W0392,AC03921563
C0393,c0393@bank,CARD0393,W0393,AC03935781
C0394,c0394@bank,CARD0394,W0394,AC03947993
C0395,c0395@bank,CARD0395,W0395,AC03958257
C0396,c0396@bank,CARD0396,W0396,AC03966363
C0397,c0397@bank,CARD0397,W0397,AC03979066
C0398,c0398@bank,CARD0398,W0398,AC03986275
C0399,c0399@bank,CARD0399,W0399,AC03994444
C0400,c0400@bank,CARD0400,W0400,AC04004983
C0401,c0401@bank,CARD0401,W0401,AC04017209
C0402,c0402@bank,CARD0402,W0402,AC04028977
C0403,c0403@bank,CARD0403,W0403,AC04033068
C0404,c0404@bank,CARD0404,W0404,AC04043641
C0405,c0405@bank,CARD0405,W0405,AC04056866
C0406,c0406@bank,CARD0406,W0406,AC04067871
C0407,c0407@bank,CARD0407,W0407,AC04074592
C0408,c0408@bank,CARD0408,W0408,AC04086787
C0409,c0409@bank,CARD0409,W0409,AC04091061
C0410,c0410@bank,CARD0410,W0410,AC04103625
C0411,c0411@bank,CARD0411,W0411,AC04119598
C0412,c0412@bank,CARD0412,W0412,AC04126187
C0413,c0413@bank,CARD0413,W0413,AC04138815
C0414,c0414@bank,CARD0414,W0414,AC04142958
C0415,c0415@bank,CARD0415,W0415,AC04153617
C0416,c0416@bank,CARD0416,W0416,AC04169773
C0417,c0417@bank,CARD0417,W0417,AC04179978
C0418,c0418@bank,CARD0418,W0418,AC04188890
C0419,c0419@bank,CARD0419,W0419,AC04193853
C0420,c0420@bank,CARD0420,W0420,AC04208212
C0421,c0421@bank,CARD0421,W0421,AC04215129
C0422,c0422@bank,CARD0422,W0422,AC04228594
C0423,c0423@bank,CARD0423,W0423,AC04238660
C0424,c0424@bank,CARD0424,W0424,AC04244913
C0425,c0425@bank,CARD0425,W0425,AC04253741
C0426,c0426@bank,CARD0426,W0426,AC04269772
C0427,c0427@bank,CARD0427,W0427,AC04275054
C0428,c0428@bank,CARD0428,W0428,AC04284884
C0429,c0429@bank,CARD0429,W0429,AC04296989
C0430,c0430@bank,CARD0430,W0430,AC04309429
C0431,c0431@bank,CARD0431,W0431,AC04312174
C0432,c0432@bank,CARD0432,W0432,AC04329859
C0433,c0433@bank,CARD0433,W0433,AC04334800
C0434,c0434@bank,CARD0434,W0434,AC04341230
C0435,c0435@bank,CARD0435,W0435,AC04353784
C0436,c0436@bank,CARD0436,W0436,AC04365161
C0437,c0437@bank,CARD0437,W0437,AC04377090
C0438,c0438@bank,CARD0438,W0438,AC04386096
C0439,c0439@bank,CARD0439,W0439,AC04392223
C0440,c0440@bank,CARD0440,W0440,AC04405393
C0441,c0441@bank,CARD0441,W0441,AC04413094
C0442,c0442@bank,CARD0442,W0442,AC04423425
C0443,c0443@bank,CARD0443,W0443,AC04437401
C0444,c0444@bank,CARD0444,W0444,AC04448228
C0445,c0445@bank,CARD0445,W0445,AC04452405
C0446,c0446@bank,CARD0446,W0446,AC04466420
C0447,c0447@bank,CARD0447,W0447,AC04474797
C0448,c0448@bank,CARD0448,W0448,AC04484029
C0449,c0449@bank,CARD0449,W0449,AC04497415
C0450,c0450@bank,CARD0450,W0450,AC04503239
C0451,c0451@bank,CARD0451,W0451,AC04517888
C0452,c0452@bank,CARD0452,W0452,AC04524606
C0453,c0453@bank,CARD0453,W0453,AC04531853
C0454,c0454@bank,CARD0454,W0454,AC04548129
C0455,c0455@bank,CARD0455,W0455,AC04558667
C0456,c0456@bank,CARD0456,W0456,AC04566067
C0457,c0457@bank,CARD0457,W0457,AC04577515
C0458,c0458@bank,CARD0458,W0458,AC04582327
C0459,c0459@bank,CARD0459,W0459,AC04594053
C0460,c0460@bank,CARD0460,W0460,AC04604148
C0461,c0461@bank,CARD0461,W0461,AC04617873
C0462,c0462@bank,CARD0462,W0462,AC04624167
C0463,c0463@bank,CARD0463,W0463,AC04637553
C0464,c0464@bank,CARD0464,W0464,AC04643761
C0465,c0465@bank,CARD0465,W0465,AC04656407
C0466,c0466@bank,CARD0466,W0466,AC04662888
C0467,c0467@bank,CARD0467,W0467,AC04676025
C0468,c0468@bank,CARD0468,W0468,AC04681727
C0469,c0469@bank,CARD0469,W0469,AC04697611
C0470,c0470@bank,CARD0470,W0470,AC04701261
C0471,c0471@bank,CARD0471,W0471,AC04719992
C0472,c0472@bank,CARD0472,W0472,AC04728549
C0473,c0473@bank,CARD0473,W0473,AC04736206
C0474,c0474@bank,CARD0474,W0474,AC04749185
C0475,c0475@bank,CARD0475,W0475,AC04758277
C0476,c0476@bank,CARD0476,W0476,AC04762284
C0477,c0477@bank,CARD0477,W0477,AC04777697
C0478,c0478@bank,CARD0478,W0478,AC04784395
C0479,c0479@bank,CARD0479,W0479,AC04798701
C0480,c0480@bank,CARD0480,W0480,AC04808773
C0481,c0481@bank,CARD0481,W0481,AC04819589
C0482,c0482@bank,CARD0482,W0482,AC04825058
C0483,c0483@bank,CARD0483,W0483,AC04832737
C0484,c0484@bank,CARD0484,W0484,AC04842125
C0485,c0485@bank,CARD0485,W0485,AC04852488
C0486,c0486@bank,CARD0486,W0486,AC04869925
C0487,c0487@bank,CARD0487,W0487,AC04876276
C0488,c0488@bank,CARD0488,W0488,AC04884165
C0489,c0489@bank,CARD0489,W0489,AC04895043
C0490,c0490@bank,CARD0490,W0490,AC04902555
C0491,c0491@bank,CARD0491,W0491,AC04916135
C0492,c0492@bank,CARD0492,W0492,AC04924830
C0493,c0493@bank,CARD0493,W0493,AC04938181
C0494,c0494@bank,CARD0494,W0494,AC04941190
C0495,c0495@bank,CARD0495,W0495,AC04959384
C0496,c0496@bank,CARD0496,W0496,AC04961545
C0497,c0497@bank,CARD0497,W0497,AC04974756
C0498,c0498@bank,CARD0498,W0498,AC04984065
C0499,c0499@bank,CARD0499,W0499,AC04997460
C0500,c0500@bank,CARD0500,W0500,AC05006923
C0501,c0501@bank,CARD0501,W0501,AC05012770
C0502,c0502@bank,CARD0502,W0502,AC05025416
C0503,c0503@bank,CARD0503,W0503,AC05035810
C0504,c0504@bank,CARD0504,W0504,AC05045174
C0505,c0505@bank,CARD0505,W0505,AC05051196
C0506,c0506@bank,CARD0506,W0506,AC05062602
C0507,c0507@bank,CARD0507,W0507,AC05075533
C0508,c0508@bank,CARD0508,W0508,AC05083343
C0509,c0509@bank,CARD0509,W0509,AC05095907
C0510,c0510@bank,CARD0510,W0510,AC05102472
C0511,c0511@bank,CARD0511,W0511,AC05117618
C0512,c0512@bank,CARD0512,W0512,AC05122695
C0513,c0513@bank,CARD0513,W0513,AC05136844
C0514,c0514@bank,CARD0514,W0514,AC05148528
C0515,c0515@bank,CARD0515,W0515,AC05154225
C0516,c0516@bank,CARD0516,W0516,AC05162255
C0517,c0517@bank,CARD0517,W0517,AC05171051
C0518,c0518@bank,CARD0518,W0518,AC05184244
C0519,c0519@bank,CARD0519,W0519,AC05192039
C0520,c0520@bank,CARD0520,W0520,AC05208935
C0521,c0521@bank,CARD0521,W0521,AC05219756
C0522,c0522@bank,CARD0522,W0522,AC05229824
C0523,c0523@bank,CARD0523,W0523,AC05239300
C0524,c0524@bank,CARD0524,W0524,AC05246279
C0525,c0525@bank,CARD0525,W0525,AC05253925
C0526,c0526@bank,CARD0526,W0526,AC05265018
C0527,c0527@bank,CARD0527,W0527,AC05273329
C0528,c0528@bank,CARD0528,W0528,AC05288561
C0529,c0529@bank,CARD0529,W0529,AC05294927
C0530,c0530@bank,CARD0530,W0530,AC05304465
C0531,c0531@bank,CARD0531,W0531,AC05317208
C0532,c0532@bank,CARD0532,W0532,AC05324363
C0533,c0533@bank,CARD0533,W0533,AC05334211
C0534,c0534@bank,CARD0534,W0534,AC05343045
C0535,c0535@bank,CARD0535,W0535,AC05351605
C0536,c0536@bank,CARD0536,W0536,AC05361341
C0537,c0537@bank,CARD0537,W0537,AC05374624
C0538,c0538@bank,CARD0538,W0538,AC05389956
C0539,c0539@bank,CARD0539,W0539,AC05393345
C0540,c0540@bank,CARD0540,W0540,AC05406768
C0541,c0541@bank,CARD0541,W0541,AC05413924
C0542,c0542@bank,CARD0542,W0542,AC05423724
C0543,c0543@bank,CARD0543,W0543,AC05432466
C0544,c0544@bank,CARD0544,W0544,AC05446070
C0545,c0545@bank,CARD0545,W0545,AC05456928
C0546,c0546@bank,CARD0546,W0546,AC05464151
C0547,c0547@bank,CARD0547,W0547,AC05475739
C0548,c0548@bank,CARD0548,W0548,AC05485284
C0549,c0549@bank,CARD0549,W0549,AC05493437
C0550,c0550@bank,CARD0550,W0550,AC05507224
C0551,c0551@bank,CARD0551,W0551,AC05515984
C0552,c0552@bank,CARD0552,W0552,AC05521592
C0553,c0553@bank,CARD0553,W0553,AC05535433
C0554,c0554@bank,CARD0554,W0554,AC05544504
C0555,c0555@bank,CARD0555,W0555,AC05558162
C0556,c0556@bank,CARD0556,W0556,AC05563759
C0557,c0557@bank,CARD0557,W0557,AC05579602
C0558,c0558@bank,CARD0558,W0558,AC05586534
C0559,c0559@bank,CARD0559,W0559,AC05592175
C0560,c0560@bank,CARD0560,W0560,AC05604629
C0561,c0561@bank,CARD0561,W0561,AC05618954
C0562,c0562@bank,CARD0562,W0562,AC05623291
C0563,c0563@bank,CARD0563,W0563,AC05637342
C0564,c0564@bank,CARD0564,W0564,AC05648049
C0565,c0565@bank,CARD0565,W0565,AC05657232
C0566,c0566@bank,CARD0566,W0566,AC05661813
C0567,c0567@bank,CARD0567,W0567,AC05674368
C0568,c0568@bank,CARD0568,W0568,AC05684133
C0569,c0569@bank,CARD0569,W0569,AC05694094
C0570,c0570@bank,CARD0570,W0570,AC05708910
C0571,c0571@bank,CARD0571,W0571,AC05711050
C0572,c0572@bank,CARD0572,W0572,AC05725850
C0573,c0573@bank,CARD0573,W0573,AC05739838
C0574,c0574@bank,CARD0574,W0574,AC05748878
C0575,c0575@bank,CARD0575,W0575,AC05756457
C0576,c0576@bank,CARD0576,W0576,AC05769980
C0577,c0577@bank,CARD0577,W0577,AC05774620
C0578,c0578@bank,CARD0578,W0578,AC05786501
C0579,c0579@bank,CARD0579,W0579,AC05795893
C0580,c0580@bank,CARD0580,W0580,AC05801425
C0581,c0581@bank,CARD0581,W0581,AC05811364
C0582,c0582@bank,CARD0582,W0582,AC05829070
C0583,c0583@bank,CARD0583,W0583,AC05832562
C0584,c0584@bank,CARD0584,W0584,AC05844193
C0585,c0585@bank,CARD0585,W0585,AC05856609
C0586,c0586@bank,CARD0586,W0586,AC05866179
C0587,c0587@bank,CARD0587,W0587,AC05875627
C0588,c0588@bank,CARD0588,W0588,AC05889811
C0589,c0589@bank,CARD0589,W0589,AC05898082
C0590,c0590@bank,CARD0590,W0590,AC05909475
C0591,c0591@bank,CARD0591,W0591,AC05916928
C0592,c0592@bank,CARD0592,W0592,AC05929811
C0593,c0593@bank,CARD0593,W0593,AC05936412
C0594,c0594@bank,CARD0594,W0594,AC05945875
C0595,c0595@bank,CARD0595,W0595,AC05958336
C0596,c0596@bank,CARD0596,W0596,AC05968818
C0597,c0597@bank,CARD0597,W0597,AC05971614
C0598,c0598@bank,CARD0598,W0598,AC05989194
C0599,c0599@bank,CARD0599,W0599,AC05997217
C0600,c0600@bank,CARD0600,W0600,AC06009077
C0601,c0601@bank,CARD0601,W0601,AC06017439
C0602,c0602@bank,CARD0602,W0602,AC06029341
C0603,c0603@bank,CARD0603,W0603,AC06033476
C0604,c0604@bank,CARD0604,W0604,AC06042688
C0605,c0605@bank,CARD0605,W0605,AC06052760
C0606,c0606@bank,CARD0606,W0606,AC06063269
C0607,c0607@bank,CARD0607,W0607,AC06072924
C0608,c0608@bank,CARD0608,W0608,AC06084974
C0609,c0609@bank,CARD0609,W0609,AC06092783
C0610,c0610@bank,CARD0610,W0610,AC06102423
C0611,c0611@bank,CARD0611,W0611,AC06115713
C0612,c0612@bank,CARD0612,W0612,AC06128139
C0613,c0613@bank,CARD0613,W0613,AC06132220
C0614,c0614@bank,CARD0614,W0614,AC06145601
C0615,c0615@bank,CARD0615,W0615,AC06156932
C0616,c0616@bank,CARD0616,W0616,AC06167349
C0617,c0617@bank,CARD0617,W0617,AC06171945
C0618,c0618@bank,CARD0618,W0618,AC06187603
C0619,c0619@bank,CARD0619,W0619,AC06191241
C0620,c0620@bank,CARD0620,W0620,AC06203132
C0621,c0621@bank,CARD0621,W0621,AC06213873
C0622,c0622@bank,CARD0622,W0622,AC06228676
C0623,c0623@bank,CARD0623,W0623,AC06232726
C0624,c0624@bank,CARD0624,W0624,AC06248041
C0625,c0625@bank,CARD0625,W0625,AC06259896
C0626,c0626@bank,CARD0626,W0626,AC06269638
C0627,c0627@bank,CARD0627,W0627,AC06273726
C0628,c0628@bank,CARD0628,W0628,AC06281861
C0629,c0629@bank,CARD0629,W0629,AC06292998
C0630,c0630@bank,CARD0630,W0630,AC06307918
C0631,c0631@bank,CARD0631,W0631,AC06312770
C0632,c0632@bank,CARD0632,W0632,AC06326809
C0633,c0633@bank,CARD0633,W0633,AC06334364
C0634,c0634@bank,CARD0634,W0634,AC06347900
C0635,c0635@bank,CARD0635,W0635,AC06356452
C0636,c0636@bank,CARD0636,W0636,AC06366268
C0637,c0637@bank,CARD0637,W0637,AC06378036
C0638,c0638@bank,CARD0638,W0638,AC06389592
C0639,c0639@bank,CARD0639,W0639,AC06394280
C0640,c0640@bank,CARD0640,W0640,AC06405759
C0641,c0641@bank,CARD0641,W0641,AC06416633
C0642,c0642@bank,CARD0642,W0642,AC06428406
C0643,c0643@bank,CARD0643,W0643,AC06435338
C0644,c0644@bank,CARD0644,W0644,AC06444370
C0645,c0645@bank,CARD0645,W0645,AC06458617
C0646,c0646@bank,CARD0646,W0646,AC06469577
C0647,c0647@bank,CARD0647,W0647,AC06476120
C0648,c0648@bank,CARD0648,W0648,AC06481931
C0649,c0649@bank,CARD0649,W0649,AC06493608
C0650,c0650@bank,CARD0650,W0650,AC06505166
C0651,c0651@bank,CARD0651,W0651,AC06517331
C0652,c0652@bank,CARD0652,W0652,AC06527027
C0653,c0653@bank,CARD0653,W0653,AC06538379
C0654,c0654@bank,CARD0654,W0654,AC06541269
C0655,c0655@bank,CARD0655,W0655,AC06555188
C0656,c0656@bank,CARD0656,W0656,AC06567308
C0657,c0657@bank,CARD0657,W0657,AC06579883
C0658,c0658@bank,CARD0658,W0658,AC06582281
C0659,c0659@bank,CARD0659,W0659,AC06598910
C0660,c0660@bank,CARD0660,W0660,AC06601069
C0661,c0661@bank,CARD0661,W0661,AC06612772
C0662,c0662@bank,CARD0662,W0662,AC06628622
C0663,c0663@bank,CARD0663,W0663,AC06638080
C0664,c0664@bank,CARD0664,W0664,AC06649753
C0665,c0665@bank,CARD0665,W0665,AC06656407
C0666,c0666@bank,CARD0666,W0666,AC06666543
C0667,c0667@bank,CARD0667,W0667,AC06675812
C0668,c0668@bank,CARD0668,W0668,AC06685604
C0669,c0669@bank,CARD0669,W0669,AC06695624
C0670,c0670@bank,CARD0670,W0670,AC06703632
C0671,c0671@bank,CARD0671,W0671,AC06718679
C0672,c0672@bank,CARD0672,W0672,AC06724209
C0673,c0673@bank,CARD0673,W0673,AC06736497
C0674,c0674@bank,CARD0674,W0674,AC06747022
C0675,c0675@bank,CARD0675,W0675,AC06755838
C0676,c0676@bank,CARD0676,W0676,AC06766502
C0677,c0677@bank,CARD0677,W0677,AC06771439
C0678,c0678@bank,CARD0678,W0678,AC06783843
C0679,c0679@bank,CARD0679,W0679,AC06795034
C0680,c0680@bank,CARD0680,W0680,AC06804547
C0681,c0681@bank,CARD0681,W0681,AC06819171
C0682,c0682@bank,CARD0682,W0682,AC06829073
C0683,c0683@bank,CARD0683,W0683,AC06837404
C0684,c0684@bank,CARD0684,W0684,AC06844170
C0685,c0685@bank,CARD0685,W0685,AC06851458
C0686,c0686@bank,CARD0686,W0686,AC06867795
C0687,c0687@bank,CARD0687,W0687,AC06878955
C0688,c0688@bank,CARD0688,W0688,AC06885406
C0689,c0689@bank,CARD0689,W0689,AC06898439
C0690,c0690@bank,CARD0690,W0690,AC06909375
C0691,c0691@bank,CARD0691,W0691,AC06915919
C0692,c0692@bank,CARD0692,W0692,AC06922885
C0693,c0693@bank,CARD0693,W0693,AC06931201
C0694,c0694@bank,CARD0694,W0694,AC06947811
C0695,c0695@bank,CARD0695,W0695,AC06956061
C0696,c0696@bank,CARD0696,W0696,AC06962383
C0697,c0697@bank,CARD0697,W0697,AC06971491
C0698,c0698@bank,CARD0698,W0698,AC06989724
C0699,c0699@bank,CARD0699,W0699,AC06993883
C0700,c0700@bank,CARD0700,W0700,AC07003943
C0701,c0701@bank,CARD0701,W0701,AC07016659
C0702,c0702@bank,CARD0702,W0702,AC07024279
C0703,c0703@bank,CARD0703,W0703,AC07039215
C0704,c0704@bank,CARD0704,W0704,AC07047127
C0705,c0705@bank,CARD0705,W0705,AC07054219
C0706,c0706@bank,CARD0706,W0706,AC07063399
C0707,c0707@bank,CARD0707,W0707,AC07078739
C0708,c0708@bank,CARD0708,W0708,AC07086325
C0709,c0709@bank,CARD0709,W0709,AC07099264
C0710,c0710@bank,CARD0710,W0710,AC07104105
C0711,c0711@bank,CARD0711,W0711,AC07111189
C0712,c0712@bank,CARD0712,W0712,AC07129091
C0713,c0713@bank,CARD0713,W0713,AC07133154
C0714,c0714@bank,CARD0714,W0714,AC07148608
C0715,c0715@bank,CARD0715,W0715,AC07157388
C0716,c0716@bank,CARD0716,W0716,AC07163085
C0717,c0717@bank,CARD0717,W0717,AC07177810
C0718,c0718@bank,CARD0718,W0718,AC07181734
C0719,c0719@bank,CARD0719,W0719,AC07194531
C0720,c0720@bank,CARD0720,W0720,AC07204208
C0721,c0721@bank,CARD0721,W0721,AC07216910
C0722,c0722@bank,CARD0722,W0722,AC07225810
C0723,c0723@bank,CARD0723,W0723,AC07236508
C0724,c0724@bank,CARD0724,W0724,AC07245285
C0725,c0725@bank,CARD0725,W0725,AC07257657
C0726,c0726@bank,CARD0726,W0726,AC07262440
C0727,c0727@bank,CARD0727,W0727,AC07277467
C0728,c0728@bank,CARD0728,W0728,AC07281450
C0729,c0729@bank,CARD0729,W0729,AC07291772
C0730,c0730@bank,CARD0730,W0730,AC07307512
C0731,c0731@bank,CARD0731,W0731,AC07312424
C0732,c0732@bank,CARD0732,W0732,AC07327930
C0733,c0733@bank,CARD0733,W0733,AC07332194
C0734,c0734@bank,CARD0734,W0734,AC07342320
C0735,c0735@bank,CARD0735,W0735,AC07359391
C0736,c0736@bank,CARD0736,W0736,AC07362595
C0737,c0737@bank,CARD0737,W0737,AC07379220
C0738,c0738@bank,CARD0738,W0738,AC07384132
C0739,c0739@bank,CARD0739,W0739,AC07398175
C0740,c0740@bank,CARD0740,W0740,AC07409453
C0741,c0741@bank,CARD0741,W0741,AC07412050
C0742,c0742@bank,CARD0742,W0742,AC07423973
C0743,c0743@bank,CARD0743,W0743,AC07436167
C0744,c0744@bank,CARD0744,W0744,AC07448788
C0745,c0745@bank,CARD0745,W0745,AC07452684
C0746,c0746@bank,CARD0746,W0746,AC07462680
C0747,c0747@bank,CARD0747,W0747,AC07474315
C0748,c0748@bank,CARD0748,W0748,AC07482840
C0749,c0749@bank,CARD0749,W0749,AC07493403
C0750,c0750@bank,CARD0750,W0750,AC07502168
C0751,c0751@bank,CARD0751,W0751,AC07518459
C0752,c0752@bank,CARD0752,W0752,AC07528169
C0753,c0753@bank,CARD0753,W0753,AC07532299
C0754,c0754@bank,CARD0754,W0754,AC07545830
C0755,c0755@bank,CARD0755,W0755,AC07556814
C0756,c0756@bank,CARD0756,W0756,AC07566647
C0757,c0757@bank,CARD0757,W0757,AC07579854
C0758,c0758@bank,CARD0758,W0758,AC07586770
C0759,c0759@bank,CARD0759,W0759,AC07597182
C0760,c0760@bank,CARD0760,W0760,AC07601295
C0761,c0761@bank,CARD0761,W0761,AC07611713
C0762,c0762@bank,CARD0762,W0762,AC07626569
C0763,c0763@bank,CARD0763,W0763,AC07639169
C0764,c0764@bank,CARD0764,W0764,AC07644590
C0765,c0765@bank,CARD0765,W0765,AC07656787
C0766,c0766@bank,CARD0766,W0766,AC07662890
C0767,c0767@bank,CARD0767,W0767,AC07675106
C0768,c0768@bank,CARD0768,W0768,AC07687760
C0769,c0769@bank,CARD0769,W0769,AC07696936
C0770,c0770@bank,CARD0770,W0770,AC07702027
C0771,c0771@bank,CARD0771,W0771,AC07718910
C0772,c0772@bank,CARD0772,W0772,AC07729343
C0773,c0773@bank,CARD0773,W0773,AC07735293
C0774,c0774@bank,CARD0774,W0774,AC07744066
C0775,c0775@bank,CARD0775,W0775,AC07755781
C0776,c0776@bank,CARD0776,W0776,AC07768211
C0777,c0777@bank,CARD0777,W0777,AC07775071
C0778,c0778@bank,CARD0778,W0778,AC07781271
C0779,c0779@bank,CARD0779,W0779,AC07791653
C0780,c0780@bank,CARD0780,W0780,AC07808303
C0781,c0781@bank,CARD0781,W0781,AC07818082
C0782,c0782@bank,CARD0782,W0782,AC07827947
C0783,c0783@bank,CARD0783,W0783,AC07832137
C0784,c0784@bank,CARD0784,W0784,AC07842535
C0785,c0785@bank,CARD0785,W0785,AC07854550
C0786,c0786@bank,CARD0786,W0786,AC07863077
C0787,c0787@bank,CARD0787,W0787,AC07874481
C0788,c0788@bank,CARD0788,W0788,AC07886025
C0789,c0789@bank,CARD0789,W0789,AC07893520
C0790,c0790@bank,CARD0790,W0790,AC07902111
C0791,c0791@bank,CARD0791,W0791,AC07914622
C0792,c0792@bank,CARD0792,W0792,AC07927502
C0793,c0793@bank,CARD0793,W0793,AC07936561
C0794,c0794@bank,CARD0794,W0794,AC07943892
C0795,c0795@bank,CARD0795,W0795,AC07953802
C0796,c0796@bank,CARD0796,W0796,AC07966252
C0797,c0797@bank,CARD0797,W0797,AC07972552
C0798,c0798@bank,CARD0798,W0798,AC07988501
C0799,c0799@bank,CARD0799,W0799,AC07998823
C0800,c0800@bank,CARD0800,W0800,AC08001228
C0801,c0801@bank,CARD0801,W0801,AC08019736
C0802,c0802@bank,CARD0802,W0802,AC08021210
C0803,c0803@bank,CARD0803,W0803,AC08035126
C0804,c0804@bank,CARD0804,W0804,AC08047005
C0805,c0805@bank,CARD0805,W0805,AC08053942
C0806,c0806@bank,CARD0806,W0806,AC08062832
C0807,c0807@bank,CARD0807,W0807,AC08071427
C0808,c0808@bank,CARD0808,W0808,AC08087545
C0809,c0809@bank,CARD0809,W0809,AC08091331
C0810,c0810@bank,CARD0810,W0810,AC08105357
C0811,c0811@bank,CARD0811,W0811,AC08114535
C0812,c0812@bank,CARD0812,W0812,AC08129708
C0813,c0813@bank,CARD0813,W0813,AC08139371
C0814,c0814@bank,CARD0814,W0814,AC08148356
C0815,c0815@bank,CARD0815,W0815,AC08157575
C0816,c0816@bank,CARD0816,W0816,AC08165885
C0817,c0817@bank,CARD0817,W0817,AC08174143
C0818,c0818@bank,CARD0818,W0818,AC08182499
C0819,c0819@bank,CARD0819,W0819,AC08199711
C0820,c0820@bank,CARD0820,W0820,AC08204463
C0821,c0821@bank,CARD0821,W0821,AC08214858
C0822,c0822@bank,CARD0822,W0822,AC08222270
C0823,c0823@bank,CARD0823,W0823,AC08233490
C0824,c0824@bank,CARD0824,W0824,AC08246710
C0825,c0825@bank,CARD0825,W0825,AC08254836
C0826,c0826@bank,CARD0826,W0826,AC08266272
C0827,c0827@bank,CARD0827,W0827,AC08272903
C0828,c0828@bank,CARD0828,W0828,AC08281738
C0829,c0829@bank,CARD0829,W0829,AC08298969
C0830,c0830@bank,CARD0830,W0830,AC08304887
C0831,c0831@bank,CARD0831,W0831,AC08314250
C0832,c0832@bank,CARD0832,W0832,AC08323574
C0833,c0833@bank,CARD0833,W0833,AC08336921
C0834,c0834@bank,CARD0834,W0834,AC08346067
C0835,c0835@bank,CARD0835,W0835,AC08354501
C0836,c0836@bank,CARD0836,W0836,AC08369377
C0837,c0837@bank,CARD0837,W0837,AC08379114
C0838,c0838@bank,CARD0838,W0838,AC08382786
C0839,c0839@bank,CARD0839,W0839,AC08396780
C0840,c0840@bank,CARD0840,W0840,AC08409714
C0841,c0841@bank,CARD0841,W0841,AC08415393
C0842,c0842@bank,CARD0842,W0842,AC08421271
C0843,c0843@bank,CARD0843,W0843,AC08432189
C0844,c0844@bank,CARD0844,W0844,AC08447008
C0845,c0845@bank,CARD0845,W0845,AC08459116
C0846,c0846@bank,CARD0846,W0846,AC08462155
C0847,c0847@bank,CARD0847,W0847,AC08475920
C0848,c0848@bank,CARD0848,W0848,AC08485471
C0849,c0849@bank,CARD0849,W0849,AC08493565
C0850,c0850@bank,CARD0850,W0850,AC08506684
C0851,c0851@bank,CARD0851,W0851,AC08518900
C0852,c0852@bank,CARD0852,W0852,AC08523152
C0853,c0853@bank,CARD0853,W0853,AC08531489
C0854,c0854@bank,CARD0854,W0854,AC08544230
C0855,c0855@bank,CARD0855,W0855,AC08553826
C0856,c0856@bank,CARD0856,W0856,AC08567543
C0857,c0857@bank,CARD0857,W0857,AC08575830
C0858,c0858@bank,CARD0858,W0858,AC08581161
C0859,c0859@bank,CARD0859,W0859,AC08594057
C0860,c0860@bank,CARD0860,W0860,AC08607615
C0861,c0861@bank,CARD0861,W0861,AC08615290
C0862,c0862@bank,CARD0862,W0862,AC08626065
C0863,c0863@bank,CARD0863,W0863,AC08633378
C0864,c0864@bank,CARD0864,W0864,AC08643874
C0865,c0865@bank,CARD0865,W0865,AC08652170
C0866,c0866@bank,CARD0866,W0866,AC08661734
C0867,c0867@bank,CARD0867,W0867,AC08671331
C0868,c0868@bank,CARD0868,W0868,AC08686618
C0869,c0869@bank,CARD0869,W0869,AC08692418
C0870,c0870@bank,CARD0870,W0870,AC08706163
C0871,c0871@bank,CARD0871,W0871,AC08719575
C0872,c0872@bank,CARD0872,W0872,AC08727274
C0873,c0873@bank,CARD0873,W0873,AC08736178
C0874,c0874@bank,CARD0874,W0874,AC08742051
C0875,c0875@bank,CARD0875,W0875,AC08755400
C0876,c0876@bank,CARD0876,W0876,AC08769019
C0877,c0877@bank,CARD0877,W0877,AC08774458
C0878,c0878@bank,CARD0878,W0878,AC08788434
C0879,c0879@bank,CARD0879,W0879,AC08797375
C0880,c0880@bank,CARD0880,W0880,AC08803400
C0881,c0881@bank,CARD0881,W0881,AC08812271
C0882,c0882@bank,CARD0882,W0882,AC08821152
C0883,c0883@bank,CARD0883,W0883,AC08833484
C0884,c0884@bank,CARD0884,W0884,AC08843995
C0885,c0885@bank,CARD0885,W0885,AC08856902
C0886,c0886@bank,CARD0886,W0886,AC08866152
C0887,c0887@bank,CARD0887,W0887,AC08875311
C0888,c0888@bank,CARD0888,W0888,AC08887505
C0889,c0889@bank,CARD0889,W0889,AC08897930
C0890,c0890@bank,CARD0890,W0890,AC08907420
C0891,c0891@bank,CARD0891,W0891,AC08919073
C0892,c0892@bank,CARD0892,W0892,AC08924237
C0893,c0893@bank,CARD0893,W0893,AC08938409
C0894,c0894@bank,CARD0894,W0894,AC08944786
C0895,c0895@bank,CARD0895,W0895,AC08952657
C0896,c0896@bank,CARD0896,W0896,AC08962311
C0897,c0897@bank,CARD0897,W0897,AC08971823
C0898,c0898@bank,CARD0898,W0898,AC08989599
C0899,c0899@bank,CARD0899,W0899,AC08992524
C0900,c0900@bank,CARD0900,W0900,AC09008516
C0901,c0901@bank,CARD0901,W0901,AC09018050
C0902,c0902@bank,CARD0902,W0902,AC09024952
C0903,c0903@bank,CARD0903,W0903,AC09039223
C0904,c0904@bank,CARD0904,W0904,AC09049173
C0905,c0905@bank,CARD0905,W0905,AC09059328
C0906,c0906@bank,CARD0906,W0906,AC09065471
C0907,c0907@bank,CARD0907,W0907,AC09073683
C0908,c0908@bank,CARD0908,W0908,AC09081394
C0909,c0909@bank,CARD0909,W0909,AC09098562
C0910,c0910@bank,CARD0910,W0910,AC09108855
C0911,c0911@bank,CARD0911,W0911,AC09115825
C0912,c0912@bank,CARD0912,W0912,AC09121638
C0913,c0913@bank,CARD0913,W0913,AC09138404
C0914,c0914@bank,CARD0914,W0914,AC09143684
C0915,c0915@bank,CARD0915,W0915,AC09155934
C0916,c0916@bank,CARD0916,W0916,AC09166934
C0917,c0917@bank,CARD0917,W0917,AC09172312
C0918,c0918@bank,CARD0918,W0918,AC09181564
C0919,c0919@bank,CARD0919,W0919,AC09191712
C0920,c0920@bank,CARD0920,W0920,AC09209630
C0921,c0921@bank,CARD0921,W0921,AC09219614
C0922,c0922@bank,CARD0922,W0922,AC09224841
C0923,c0923@bank,CARD0923,W0923,AC09234831
C0924,c0924@bank,CARD0924,W0924,AC09244660
C0925,c0925@bank,CARD0925,W0925,AC09254154
C0926,c0926@bank,CARD0926,W0926,AC09265893
C0927,c0927@bank,CARD0927,W0927,AC09274206
C0928,c0928@bank,CARD0928,W0928,AC09286544
C0929,c0929@bank,CARD0929,W0929,AC09294410
C0930,c0930@bank,CARD0930,W0930,AC09306668
C0931,c0931@bank,CARD0931,W0931,AC09319504
C0932,c0932@bank,CARD0932,W0932,AC09322852
C0933,c0933@bank,CARD0933,W0933,AC09331564
C0934,c0934@bank,CARD0934,W0934,AC09345739
C0935,c0935@bank,CARD0935,W0935,AC09352071
C0936,c0936@bank,CARD0936,W0936,AC09363082
C0937,c0937@bank,CARD0937,W0937,AC09378106
C0938,c0938@bank,CARD0938,W0938,AC09384760
C0939,c0939@bank,CARD0939,W0939,AC09395944
C0940,c0940@bank,CARD0940,W0940,AC09407984
C0941,c0941@bank,CARD0941,W0941,AC09412156
C0942,c0942@bank,CARD0942,W0942,AC09425307
C0943,c0943@bank,CARD0943,W0943,AC09431310
C0944,c0944@bank,CARD0944,W0944,AC09445491
C0945,c0945@bank,CARD0945,W0945,AC09453017
C0946,c0946@bank,CARD0946,W0946,AC09469200
C0947,c0947@bank,CARD0947,W0947,AC09473347
C0948,c0948@bank,CARD0948,W0948,AC09482801
C0949,c0949@bank,CARD0949,W0949,AC09491127
C0950,c0950@bank,CARD0950,W0950,AC09502199
C0951,c0951@bank,CARD0951,W0951,AC09512944
C0952,c0952@bank,CARD0952,W0952,AC09523052
C0953,c0953@bank,CARD0953,W0953,AC09537644
C0954,c0954@bank,CARD0954,W0954,AC09548987
C0955,c0955@bank,CARD0955,W0955,AC09558698
C0956,c0956@bank,CARD0956,W0956,AC09569606
C0957,c0957@bank,CARD0957,W0957,AC09579083
C0958,c0958@bank,CARD0958,W0958,AC09585099
C0959,c0959@bank,CARD0959,W0959,AC09594508
C0960,c0960@bank,CARD0960,W0960,AC09606842
C0961,c0961@bank,CARD0961,W0961,AC09613874
C0962,c0962@bank,CARD0962,W0962,AC09626432
C0963,c0963@bank,CARD0963,W0963,AC09639997
C0964,c0964@bank,CARD0964,W0964,AC09642782
C0965,c0965@bank,CARD0965,W0965,AC09657923
C0966,c0966@bank,CARD0966,W0966,AC09669418
C0967,c0967@bank,CARD0967,W0967,AC09675835
C0968,c0968@bank,CARD0968,W0968,AC09684203
C0969,c0969@bank,CARD0969,W0969,AC09693292
C0970,c0970@bank,CARD0970,W0970,AC09702511
C0971,c0971@bank,CARD0971,W0971,AC09713891
C0972,c0972@bank,CARD0972,W0972,AC09727718
C0973,c0973@bank,CARD0973,W0973,AC09735637
C0974,c0974@bank,CARD0974,W0974,AC09742992
C0975,c0975@bank,CARD0975,W0975,AC09755878
C0976,c0976@bank,CARD0976,W0976,AC09768280
C0977,c0977@bank,CARD0977,W0977,AC09771123
C0978,c0978@bank,CARD0978,W0978,AC09781185
C0979,c0979@bank,CARD0979,W0979,AC09799633
C0980,c0980@bank,CARD0980,W0980,AC09807733
C0981,c0981@bank,CARD0981,W0981,AC09816179
C0982,c0982@bank,CARD0982,W0982,AC09829153
C0983,c0983@bank,CARD0983,W0983,AC09836301
C0984,c0984@bank,CARD0984,W0984,AC09845685
C0985,c0985@bank,CARD0985,W0985,AC09852903
C0986,c0986@bank,CARD0986,W0986,AC09868295
C0987,c0987@bank,CARD0987,W0987,AC09877884
C0988,c0988@bank,CARD0988,W0988,AC09883660
C0989,c0989@bank,CARD0989,W0989,AC09897634
C0990,c0990@bank,CARD0990,W0990,AC09907543
C0991,c0991@bank,CARD0991,W0991,AC09911856
C0992,c0992@bank,CARD0992,W0992,AC09922443
C0993,c0993@bank,CARD0993,W0993,AC09936354
C0994,c0994@bank,CARD0994,W0994,AC09946611
C0995,c0995@bank,CARD0995,W0995,AC09956923
C0996,c0996@bank,CARD0996,W0996,AC09964358
C0997,c0997@bank,CARD0997,W0997,AC09978519
C0998,c0998@bank,CARD0998,W0998,AC09985010
C0999,c0999@bank,CARD0999,W0999,AC09992854
C1000,c1000@bank,CARD1000,W1000,AC10002035
C1001,c1001@bank,CARD1001,W1001,AC10018897
