loan_id,customer_id,principal,outstanding,emi,tenure,due_day,interest_rate,next_due_date
L0001,C0001,312383.0,195719.0,11246.0,19,24,9.1,2026-09-24
L0002,C0002,211414.0,179534.0,5378.0,48,17,17.3,2026-09-17
L0003,C0004,137602.0,90754.0,5398.0,18,5,10.9,2026-10-05
L0004,C0005,411808.0,275767.0,9585.0,34,23,13.8,2026-09-23
L0005,C0006,308520.0,203327.0,4711.0,56,17,13.5,2026-09-17
L0006,C0007,544469.0,421075.0,12653.0,42,22,14.8,2026-09-22
L0007,C0009,589774.0,443916.0,14627.0,35,21,11.4,2026-09-21
L0008,C0011,164135.0,110304.0,3856.0,35,21,17.2,2026-09-21
L0009,C0012,191604.0,130281.0,4079.0,44,21,16.2,2026-09-21
L0010,C0013,420992.0,338988.0,6997.0,59,11,9.2,2026-10-11
L0011,C0014,140397.0,124793.0,9485.0,15,22,16.4,2026-09-22
L0012,C0015,142000.0,124020.0,3119.0,55,3,14.1,2026-10-03
L0013,C0017,67253.0,58248.0,4033.0,16,18,15.8,2026-09-18
L0014,C0018,83277.0,56754.0,4720.0,13,6,17.3,2026-10-06
L0015,C0020,161432.0,120958.0,3922.0,37,3,9.0,2026-10-03
L0016,C0021,166195.0,140775.0,6406.0,25,4,12.6,2026-10-04
L0017,C0022,157663.0,141335.0,7534.0,21,1,15.1,2026-10-01
L0018,C0023,328444.0,211088.0,9676.0,25,7,11.8,2026-10-07
L0019,C0024,502942.0,314425.0,9096.0,42,29,12.0,2026-09-29
L0020,C0025,1305101.0,1177002.0,27891.0,50,12,9.4,2026-10-12
L0021,C0026,367529.0,242340.0,8564.0,31,29,10.4,2026-09-29
L0022,C0027,327490.0,278341.0,9746.0,36,23,16.7,2026-09-23
L0023,C0028,53973.0,34492.0,2618.0,15,16,15.3,2026-09-16
L0024,C0030,527926.0,449403.0,18979.0,27,9,14.0,2026-10-09
L0025,C0031,215634.0,179051.0,4858.0,44,3,9.7,2026-10-03
L0026,C0033,331677.0,259617.0,9222.0,35,18,12.3,2026-09-18
L0027,C0035,95302.0,76820.0,2442.0,37,15,13.5,2026-09-15
L0028,C0036,179572.0,131578.0,4080.0,43,16,17.9,2026-09-16
L0029,C0037,748528.0,589085.0,17010.0,42,24,11.4,2026-09-24
L0030,C0038,281526.0,197558.0,4818.0,51,15,11.9,2026-09-15
L0031,C0039,88540.0,73915.0,1905.0,49,29,11.4,2026-09-29
L0032,C0040,433104.0,374425.0,10722.0,43,8,11.8,2026-10-08
L0033,C0041,745294.0,591216.0,14757.0,59,26,17.9,2026-09-26
L0034,C0043,47514.0,31578.0,2257.0,16,22,14.2,2026-09-22
L0035,C0045,203665.0,168118.0,6594.0,28,28,9.9,2026-09-28
L0036,C0046,433631.0,288026.0,14461.0,22,6,13.7,2026-10-06
L0037,C0047,176172.0,111162.0,2943.0,51,26,14.5,2026-09-26
L0038,C0049,304495.0,269245.0,6410.0,56,4,11.6,2026-10-04
L0039,C0050,156474.0,111142.0,2817.0,48,6,9.8,2026-10-06
L0040,C0052,150675.0,110587.0,7529.0,17,28,13.4,2026-09-28
L0041,C0053,243156.0,204268.0,6469.0,35,27,9.3,2026-09-27
L0042,C0054,141321.0,103137.0,5412.0,20,22,9.2,2026-09-22
L0043,C0056,327923.0,224032.0,11408.0,21,1,9.8,2026-10-01
L0044,C0059,245040.0,194553.0,4815.0,51,22,13.6,2026-09-22
L0045,C0060,179276.0,143211.0,4288.0,40,11,11.1,2026-10-11
L0046,C0064,416217.0,308406.0,7837.0,59,25,15.3,2026-09-25
L0047,C0068,76871.0,50060.0,2516.0,23,5,15.6,2026-10-05
L0048,C0074,806453.0,509653.0,21160.0,28,17,16.4,2026-09-17
L0049,C0075,204644.0,141545.0,3559.0,54,28,11.8,2026-09-28
L0050,C0076,50838.0,34961.0,2273.0,17,26,17.4,2026-09-26
L0051,C0078,583318.0,385104.0,9928.0,58,16,16.0,2026-09-16
L0052,C0079,329819.0,229042.0,7365.0,37,2,10.9,2026-10-02
L0053,C0084,875572.0,644657.0,18064.0,50,7,17.6,2026-10-07
L0054,C0085,208412.0,178409.0,11450.0,17,9,14.8,2026-10-09
L0055,C0086,152783.0,138008.0,4156.0,45,19,17.7,2026-09-19
L0056,C0088,181097.0,125398.0,7388.0,19,3,17.4,2026-10-03
L0057,C0089,826777.0,607548.0,14286.0,57,18,14.7,2026-09-18
L0058,C0091,986212.0,658916.0,16086.0,51,10,9.8,2026-10-10
L0059,C0093,1757520.0,1162727.0,33353.0,41,19,9.5,2026-09-19
L0060,C0095,225013.0,158750.0,4351.0,47,12,13.1,2026-10-12
L0061,C0098,276632.0,186594.0,4785.0,48,27,12.9,2026-09-27
L0062,C0099,28510.0,22442.0,1350.0,18,21,10.0,2026-09-21
L0063,C0101,215863.0,160208.0,5124.0,38,17,13.6,2026-09-17
L0064,C0103,461135.0,350261.0,12020.0,37,3,15.7,2026-10-03
L0065,C0105,1022904.0,698006.0,17057.0,57,26,14.0,2026-09-26
L0066,C0106,305345.0,198519.0,7164.0,33,11,15.8,2026-10-11
L0067,C0107,198572.0,135098.0,11460.0,13,26,14.0,2026-09-26
L0068,C0108,215132.0,167655.0,4587.0,50,25,14.8,2026-09-25
L0069,C0109,475271.0,337874.0,18188.0,23,18,17.6,2026-09-18
L0070,C0114,357143.0,260802.0,7390.0,48,8,14.8,2026-10-08
L0071,C0115,757990.0,476127.0,25823.0,22,8,15.1,2026-10-08
L0072,C0117,150783.0,125035.0,6763.0,19,11,9.0,2026-10-11
L0073,C0118,579113.0,493800.0,17217.0,35,18,11.3,2026-09-18
L0074,C0121,118360.0,80417.0,3114.0,31,21,10.3,2026-09-21
L0075,C0122,255109.0,222074.0,6954.0,47,12,17.9,2026-10-12
L0076,C0123,86858.0,75073.0,2014.0,50,15,16.6,2026-09-15
L0077,C0125,302772.0,252867.0,7023.0,49,12,16.7,2026-10-12
L0078,C0127,173859.0,126163.0,2678.0,59,28,10.5,2026-09-28
L0079,C0128,189551.0,168507.0,4477.0,49,20,11.0,2026-09-20
L0080,C0129,211469.0,171650.0,5915.0,34,9,13.3,2026-10-09
L0081,C0130,320471.0,263347.0,7125.0,55,18,15.9,2026-09-18
L0082,C0132,249404.0,193610.0,8923.0,27,4,15.5,2026-10-04
L0083,C0134,712107.0,476546.0,16817.0,33,23,9.1,2026-09-23
L0084,C0137,863534.0,596710.0,23163.0,30,8,15.8,2026-10-08
L0085,C0139,159018.0,104074.0,3147.0,38,28,9.0,2026-09-28
L0086,C0140,329031.0,216412.0,6893.0,35,2,10.0,2026-10-02
L0087,C0145,1173165.0,736029.0,18670.0,49,6,12.1,2026-10-06
L0088,C0146,922467.0,637831.0,17638.0,53,25,17.4,2026-09-25
L0089,C0147,225876.0,150615.0,5504.0,32,30,11.1,2026-09-30
L0090,C0148,567322.0,422411.0,10825.0,53,18,16.3,2026-09-18
L0091,C0149,111004.0,77610.0,6270.0,13,30,10.2,2026-09-30
L0092,C0150,146826.0,98739.0,5821.0,19,23,16.2,2026-09-23
L0093,C0151,204308.0,152665.0,4183.0,48,20,16.0,2026-09-20
L0094,C0152,154833.0,126119.0,3136.0,52,29,10.0,2026-09-29
L0095,C0153,262466.0,199586.0,5898.0,44,24,11.9,2026-09-24
L0096,C0155,1385344.0,1070623.0,25301.0,57,1,12.9,2026-10-01
L0097,C0158,295604.0,200160.0,4875.0,58,30,15.9,2026-09-30
L0098,C0161,1118239.0,964612.0,19746.0,59,27,9.3,2026-09-27
L0099,C0163,507409.0,409961.0,12579.0,42,2,12.0,2026-10-02
L0100,C0164,236015.0,154812.0,4351.0,42,10,9.7,2026-10-10
L0101,C0165,168170.0,114272.0,5746.0,22,7,11.2,2026-10-07
L0102,C0170,1389756.0,889461.0,26651.0,40,22,13.1,2026-09-22
L0103,C0171,428380.0,272974.0,7183.0,52,4,12.8,2026-10-04
L0104,C0172,42071.0,33492.0,2637.0,14,8,11.3,2026-10-08
L0105,C0173,298158.0,197634.0,5446.0,44,30,10.9,2026-09-30
L0106,C0175,292077.0,206649.0,4388.0,55,15,9.1,2026-09-15
L0107,C0176,427126.0,274732.0,7887.0,48,21,16.6,2026-09-21
L0108,C0177,563829.0,365203.0,8149.0,59,17,12.3,2026-09-17
L0109,C0178,530480.0,376710.0,10220.0,52,29,14.1,2026-09-29
L0110,C0179,49360.0,37739.0,2058.0,21,25,15.9,2026-09-25
L0111,C0180,203344.0,128032.0,6122.0,22,24,9.5,2026-09-24
L0112,C0181,251685.0,197406.0,9554.0,24,4,15.1,2026-10-04
L0113,C0182,229849.0,145044.0,4072.0,51,20,16.7,2026-09-20
L0114,C0183,97517.0,87415.0,4356.0,25,12,16.3,2026-10-12
L0115,C0185,603637.0,390843.0,10378.0,46,15,12.9,2026-09-15
L0116,C0186,615088.0,384750.0,8835.0,57,25,11.4,2026-09-25
L0117,C0187,180706.0,148279.0,3785.0,49,20,13.0,2026-09-20
L0118,C0188,842289.0,531555.0,12908.0,51,20,11.8,2026-09-20
L0119,C0189,38803.0,29224.0,1966.0,16,26,14.0,2026-09-26
L0120,C0190,245676.0,172405.0,9568.0,21,26,17.6,2026-09-26
L0121,C0193,179280.0,121839.0,4130.0,38,11,16.9,2026-10-11
L0122,C0194,62451.0,53634.0,4014.0,14,28,10.2,2026-09-28
L0123,C0195,344818.0,243595.0,5669.0,55,22,12.6,2026-09-22
L0124,C0196,144794.0,118611.0,7535.0,17,18,11.4,2026-09-18
L0125,C0197,334990.0,297092.0,7542.0,49,1,11.7,2026-10-01
L0126,C0199,517426.0,389217.0,9052.0,52,19,10.7,2026-09-19
L0127,C0200,162239.0,103216.0,4821.0,25,24,10.9,2026-09-24
L0128,C0201,359135.0,229833.0,5710.0,55,1,14.5,2026-10-01
L0129,C0202,108355.0,79773.0,3259.0,30,23,15.9,2026-09-23
L0130,C0203,306605.0,207326.0,10842.0,22,21,10.7,2026-09-21
L0131,C0204,414621.0,272842.0,6822.0,55,7,13.6,2026-10-07
L0132,C0205,29122.0,24622.0,1555.0,17,28,12.2,2026-09-28
L0133,C0206,152947.0,122708.0,3984.0,38,1,10.2,2026-10-01
L0134,C0207,194445.0,164467.0,6664.0,29,2,11.9,2026-10-02
L0135,C0209,134508.0,107496.0,3584.0,34,27,9.5,2026-09-27
L0136,C0210,73200.0,54707.0,3993.0,15,27,9.3,2026-09-27
L0137,C0213,122410.0,100103.0,3389.0,36,22,12.2,2026-09-22
L0138,C0214,260691.0,206785.0,6232.0,43,2,14.0,2026-10-02
L0139,C0215,174057.0,149449.0,7088.0,23,25,13.3,2026-09-25
L0140,C0216,137148.0,97974.0,3469.0,37,24,16.7,2026-09-24
L0141,C0218,97834.0,63594.0,4758.0,15,3,16.9,2026-10-03
L0142,C0219,682107.0,586975.0,16576.0,41,19,11.3,2026-09-19
L0143,C0220,198970.0,152618.0,7119.0,25,20,13.2,2026-09-20
L0144,C0221,309848.0,205976.0,6624.0,37,27,9.1,2026-09-27
L0145,C0222,299123.0,271369.0,12246.0,24,6,10.8,2026-10-06
L0146,C0223,176097.0,147086.0,12662.0,12,2,10.0,2026-10-02
L0147,C0224,236555.0,200647.0,5186.0,49,20,14.1,2026-09-20
L0148,C0231,196047.0,128429.0,8082.0,17,6,15.1,2026-10-06
L0149,C0232,199259.0,153888.0,4851.0,43,20,15.9,2026-09-20
L0150,C0233,125831.0,89244.0,3180.0,36,23,15.3,2026-09-23
L0151,C0234,351614.0,275403.0,7582.0,54,18,17.1,2026-09-18
L0152,C0236,251721.0,167506.0,4537.0,51,11,16.6,2026-10-11
L0153,C0239,195606.0,149120.0,4755.0,43,11,16.0,2026-10-11
L0154,C0240,454784.0,344190.0,13244.0,32,23,17.3,2026-09-23
L0155,C0241,123526.0,111084.0,6172.0,19,12,10.8,2026-10-12
L0156,C0242,723233.0,540125.0,25663.0,24,23,11.1,2026-09-23
L0157,C0243,192565.0,165120.0,4633.0,44,12,11.7,2026-10-12
L0158,C0244,130711.0,81771.0,4038.0,23,8,16.1,2026-10-08
L0159,C0245,423208.0,313208.0,8685.0,43,7,12.7,2026-10-07
L0160,C0246,614240.0,433293.0,13600.0,37,19,11.9,2026-09-19
L0161,C0247,123208.0,104992.0,6481.0,17,9,9.3,2026-10-09
L0162,C0248,257133.0,168062.0,4325.0,53,24,12.8,2026-09-24
L0163,C0249,319121.0,227561.0,8679.0,31,20,9.2,2026-09-20
L0164,C0251,251467.0,200373.0,6358.0,39,24,12.4,2026-09-24
L0165,C0253,328380.0,261438.0,7988.0,37,17,11.1,2026-09-17
L0166,C0254,411830.0,259942.0,5816.0,56,28,9.8,2026-09-28
L0167,C0257,131769.0,96867.0,3553.0,32,6,12.3,2026-10-06
L0168,C0259,189600.0,157797.0,5881.0,34,9,14.7,2026-10-09
L0169,C0261,91066.0,62477.0,4146.0,16,18,12.3,2026-09-18
L0170,C0267,213008.0,158004.0,5651.0,34,9,12.8,2026-10-09
L0171,C0268,221638.0,167284.0,6523.0,32,10,15.3,2026-10-10
L0172,C0270,676596.0,441606.0,12133.0,44,25,11.2,2026-09-25
L0173,C0271,196850.0,133783.0,5805.0,28,8,17.0,2026-10-08
L0174,C0273,115911.0,87326.0,3194.0,32,7,12.9,2026-10-07
L0175,C0276,150631.0,97580.0,4840.0,24,4,15.2,2026-10-04
L0176,C0277,623188.0,396808.0,10068.0,51,5,10.5,2026-10-05
L0177,C0279,121783.0,86168.0,6704.0,14,24,14.8,2026-09-24
L0178,C0281,132245.0,117374.0,6883.0,18,15,12.1,2026-09-15
L0179,C0282,307849.0,230113.0,8786.0,30,21,12.3,2026-09-21
L0180,C0283,280455.0,205242.0,5239.0,45,27,9.2,2026-09-27
L0181,C0285,957898.0,647287.0,15053.0,52,12,10.6,2026-10-12
L0182,C0288,201554.0,149155.0,4157.0,51,21,17.7,2026-09-21
L0183,C0289,402526.0,329140.0,12873.0,31,29,13.2,2026-09-29
L0184,C0290,241906.0,153590.0,7002.0,25,28,9.4,2026-09-28
L0185,C0292,1034475.0,727740.0,21190.0,47,28,16.3,2026-09-28
L0186,C0295,202449.0,155918.0,6203.0,31,24,16.3,2026-09-24
L0187,C0296,653739.0,439853.0,11775.0,53,24,17.8,2026-09-24
L0188,C0300,333247.0,265364.0,12719.0,25,12,15.3,2026-10-12
L0189,C0301,217544.0,141594.0,13140.0,12,25,15.2,2026-09-25
L0190,C0302,422480.0,317214.0,12451.0,30,15,11.8,2026-09-15
L0191,C0304,324324.0,222702.0,7940.0,33,9,13.9,2026-10-09
L0192,C0306,105356.0,83795.0,4397.0,23,17,15.0,2026-09-17
L0193,C0308,351251.0,239210.0,13441.0,19,19,11.7,2026-09-19
L0194,C0310,360685.0,260014.0,6009.0,56,3,9.9,2026-10-03
L0195,C0313,522760.0,392305.0,8958.0,54,9,10.5,2026-10-09
L0196,C0314,770996.0,693708.0,15823.0,59,26,14.8,2026-09-26
L0197,C0315,291238.0,246946.0,6762.0,44,15,11.9,2026-09-15
L0198,C0316,150188.0,97527.0,3067.0,42,12,15.7,2026-10-12
L0199,C0317,75451.0,62186.0,3828.0,17,5,11.3,2026-10-05
L0200,C0318,627690.0,436718.0,22737.0,22,16,16.2,2026-09-16
L0201,C0319,283328.0,229914.0,8581.0,32,17,15.3,2026-09-17
L0202,C0320,101716.0,66606.0,3574.0,20,10,13.8,2026-10-10
L0203,C0322,392009.0,339186.0,15041.0,27,17,12.1,2026-09-17
L0204,C0323,231497.0,196719.0,5340.0,54,22,16.1,2026-09-22
L0205,C0325,326609.0,204895.0,9459.0,25,7,12.9,2026-10-07
L0206,C0329,255470.0,221438.0,9189.0,28,21,14.7,2026-09-21
L0207,C0330,569368.0,356021.0,8826.0,51,10,10.6,2026-10-10
L0208,C0333,344174.0,245966.0,5450.0,58,18,10.8,2026-09-18
L0209,C0334,51558.0,43524.0,4149.0,12,28,16.4,2026-09-28
L0210,C0337,252602.0,203995.0,6842.0,40,19,17.7,2026-09-19
L0211,C0338,568596.0,377418.0,11615.0,46,19,16.4,2026-09-19
L0212,C0339,80290.0,53206.0,3564.0,17,7,12.6,2026-10-07
L0213,C0340,254170.0,222865.0,17116.0,14,21,16.3,2026-09-21
L0214,C0342,216886.0,139913.0,5612.0,31,3,15.1,2026-10-03
L0215,C0343,165887.0,134270.0,5772.0,28,21,13.1,2026-09-21
L0216,C0344,1107363.0,839997.0,31463.0,35,28,15.5,2026-09-28
L0217,C0350,83247.0,74247.0,3264.0,27,22,12.4,2026-09-22
L0218,C0351,322576.0,242848.0,6703.0,45,6,9.0,2026-10-06
L0219,C0353,57293.0,48016.0,1375.0,43,15,14.0,2026-09-15
L0220,C0354,317386.0,226546.0,8965.0,28,3,11.1,2026-10-03
L0221,C0356,563508.0,505813.0,16037.0,43,2,15.0,2026-10-02
L0222,C0358,214631.0,143206.0,5451.0,31,25,12.2,2026-09-25
L0223,C0359,296461.0,260004.0,11173.0,29,23,17.8,2026-09-23
L0224,C0362,318970.0,204481.0,5764.0,42,21,11.0,2026-09-21
L0225,C0363,438437.0,304961.0,7977.0,53,4,15.2,2026-10-04
L0226,C0364,197403.0,154780.0,14108.0,12,6,13.6,2026-10-06
L0227,C0365,180045.0,135024.0,3549.0,48,29,11.2,2026-09-29
L0228,C0366,174047.0,157215.0,11433.0,15,24,15.3,2026-09-24
L0229,C0367,586908.0,391290.0,14942.0,31,22,9.5,2026-09-22
L0230,C0368,563100.0,426113.0,12153.0,52,2,17.8,2026-10-02
L0231,C0369,583735.0,504273.0,14766.0,44,4,13.0,2026-10-04
L0232,C0370,91544.0,79029.0,7077.0,12,21,17.8,2026-09-21
L0233,C0371,274298.0,225109.0,7648.0,38,8,14.1,2026-10-08
L0234,C0372,310341.0,251361.0,6637.0,51,28,14.4,2026-09-28
L0235,C0373,162210.0,115144.0,4777.0,28,20,16.0,2026-09-20
L0236,C0377,158342.0,118987.0,3703.0,41,12,12.6,2026-10-12
L0237,C0379,460449.0,343397.0,7338.0,59,22,11.1,2026-09-22
L0238,C0380,320212.0,215130.0,10528.0,24,25,12.7,2026-09-25
L0239,C0382,484243.0,338941.0,14043.0,30,6,14.9,2026-10-06
L0240,C0385,570354.0,510462.0,12269.0,56,12,12.3,2026-10-12
L0241,C0386,424904.0,336623.0,8550.0,47,20,10.0,2026-09-20
L0242,C0388,1718318.0,1111775.0,26846.0,52,25,12.7,2026-09-25
L0243,C0389,306013.0,191524.0,10390.0,21,19,14.5,2026-09-19
L0244,C0390,528131.0,410634.0,10549.0,46,2,11.2,2026-10-02
L0245,C0392,233751.0,156125.0,6244.0,31,17,15.3,2026-09-17
L0246,C0395,61190.0,40882.0,1532.0,29,28,9.2,2026-09-28
L0247,C0396,703744.0,606566.0,13799.0,56,23,12.1,2026-09-23
L0248,C0398,518663.0,352271.0,10042.0,46,15,17.2,2026-09-15
L0249,C0399,156420.0,139557.0,5330.0,29,5,9.6,2026-10-05
L0250,C0400,336607.0,238940.0,7249.0,43,21,17.8,2026-09-21
L0251,C0403,101754.0,76591.0,5279.0,16,8,10.2,2026-10-08
L0252,C0404,218596.0,148669.0,4962.0,38,6,16.8,2026-10-06
L0253,C0405,350785.0,276942.0,11979.0,27,23,15.7,2026-09-23
L0254,C0407,114556.0,77944.0,3728.0,26,22,16.9,2026-09-22
L0255,C0410,194130.0,172191.0,5552.0,35,17,10.3,2026-09-17
L0256,C0414,571604.0,448962.0,18926.0,29,30,17.9,2026-09-30
L0257,C0416,791586.0,693502.0,19644.0,48,19,15.6,2026-09-19
L0258,C0418,230392.0,171536.0,6211.0,31,25,9.9,2026-09-25
L0259,C0419,406864.0,276872.0,8919.0,37,25,9.2,2026-09-25
L0260,C0421,146503.0,106023.0,6583.0,18,19,17.1,2026-09-19
L0261,C0422,138638.0,103783.0,4854.0,24,20,15.3,2026-09-20
L0262,C0424,230921.0,200852.0,11574.0,19,23,16.0,2026-09-23
L0263,C0427,373020.0,243109.0,6639.0,44,26,11.4,2026-09-26
L0264,C0428,195183.0,138845.0,4602.0,37,15,14.2,2026-09-15
L0265,C0431,321684.0,201185.0,7412.0,32,21,10.6,2026-09-21
L0266,C0433,183918.0,154995.0,4689.0,38,30,9.3,2026-09-30
L0267,C0434,121572.0,88773.0,3784.0,26,26,11.0,2026-09-26
L0268,C0436,209304.0,132657.0,4442.0,37,27,15.7,2026-09-27
L0269,C0437,314845.0,201480.0,6845.0,39,26,14.6,2026-09-26
L0270,C0438,285546.0,228659.0,8442.0,35,26,15.6,2026-09-26
L0271,C0440,173385.0,115107.0,4227.0,32,24,11.2,2026-09-24
L0272,C0441,358058.0,314532.0,14700.0,24,30,13.0,2026-09-30
L0273,C0442,91975.0,67270.0,3926.0,19,28,14.3,2026-09-28
L0274,C0443,991865.0,736040.0,23426.0,39,10,16.6,2026-10-10
L0275,C0445,502839.0,426747.0,10798.0,52,7,15.6,2026-10-07
L0276,C0446,953030.0,734884.0,22639.0,39,29,14.2,2026-09-29
L0277,C0448,176906.0,111125.0,3881.0,36,30,15.4,2026-09-30
L0278,C0449,1016351.0,692436.0,17971.0,55,16,14.6,2026-09-16
L0279,C0452,106484.0,80327.0,4205.0,21,17,15.4,2026-09-17
L0280,C0454,218302.0,146659.0,4204.0,53,9,17.7,2026-10-09
L0281,C0456,360952.0,252040.0,9871.0,33,24,16.9,2026-09-24
L0282,C0458,130814.0,104447.0,6630.0,18,17,13.1,2026-09-17
L0283,C0463,283737.0,211688.0,5799.0,48,27,16.7,2026-09-27
L0284,C0464,82306.0,65839.0,3569.0,21,23,12.3,2026-09-23
L0285,C0465,184326.0,154208.0,6413.0,30,18,16.9,2026-09-18
L0286,C0466,161971.0,108595.0,4485.0,29,25,11.7,2026-09-25
L0287,C0469,192132.0,145880.0,4792.0,39,15,17.1,2026-09-15
L0288,C0470,525433.0,390436.0,12090.0,40,19,10.4,2026-09-19
L0289,C0472,377775.0,246009.0,7432.0,45,15,15.1,2026-09-15
L0290,C0473,482872.0,304656.0,9653.0,42,21,14.5,2026-09-21
L0291,C0474,91887.0,78330.0,6038.0,15,23,14.9,2026-09-23
L0292,C0475,46027.0,41408.0,2388.0,18,18,10.0,2026-09-18
L0293,C0477,434116.0,355916.0,8651.0,54,2,14.6,2026-10-02
L0294,C0478,310760.0,231336.0,6802.0,40,8,10.9,2026-10-08
L0295,C0479,501625.0,422697.0,13540.0,42,5,17.3,2026-10-05
L0296,C0480,99171.0,63353.0,4295.0,16,18,13.1,2026-09-18
L0297,C0481,203655.0,133008.0,3822.0,43,12,12.2,2026-10-12
L0298,C0482,126189.0,89240.0,7994.0,12,5,9.7,2026-10-05
L0299,C0485,662802.0,500670.0,13839.0,51,15,14.6,2026-09-15
L0300,C0486,115361.0,88606.0,2635.0,40,16,11.7,2026-09-16
L0301,C0488,154887.0,118829.0,3287.0,44,16,11.5,2026-09-16
L0302,C0489,162032.0,118367.0,10713.0,12,7,11.2,2026-10-07
L0303,C0490,197151.0,169006.0,7865.0,25,9,15.6,2026-10-09
L0304,C0491,400518.0,329137.0,18980.0,19,2,14.0,2026-10-02
L0305,C0493,446264.0,318816.0,11845.0,33,24,12.7,2026-09-24
L0306,C0499,95279.0,78799.0,6787.0,13,4,11.4,2026-10-04
L0307,C0501,208818.0,161758.0,4562.0,51,2,15.5,2026-10-02
L0308,C0503,161507.0,129757.0,5791.0,26,12,16.4,2026-10-12
L0309,C0504,126310.0,92463.0,2895.0,40,6,11.9,2026-10-06
L0310,C0505,487277.0,358536.0,9808.0,50,20,16.7,2026-09-20
L0311,C0506,206978.0,157947.0,6596.0,28,23,14.9,2026-09-23
L0312,C0507,502781.0,318152.0,9250.0,43,8,11.9,2026-10-08
L0313,C0508,595840.0,503556.0,15174.0,41,15,12.5,2026-09-15
L0314,C0509,136413.0,109497.0,4359.0,27,5,9.2,2026-10-05
L0315,C0510,213124.0,133372.0,5187.0,29,21,13.2,2026-09-21
L0316,C0511,305704.0,236101.0,9879.0,30,26,16.5,2026-09-26
L0317,C0512,415056.0,270937.0,9694.0,36,27,16.3,2026-09-27
L0318,C0513,403564.0,362145.0,7665.0,57,17,9.3,2026-09-17
L0319,C0514,390492.0,255302.0,9198.0,35,8,12.7,2026-10-08
L0320,C0515,577682.0,441512.0,10572.0,55,21,14.4,2026-09-21
L0321,C0516,193961.0,123236.0,3237.0,50,25,12.2,2026-09-25
L0322,C0518,196453.0,141272.0,9445.0,17,18,15.4,2026-09-18
L0323,C0519,105358.0,75648.0,3336.0,27,6,16.3,2026-10-06
L0324,C0520,125572.0,79793.0,6316.0,13,19,11.1,2026-09-19
L0325,C0522,267554.0,181420.0,6233.0,38,17,15.7,2026-09-17
L0326,C0523,77335.0,63907.0,2969.0,26,28,18.0,2026-09-28
L0327,C0524,115307.0,85984.0,6769.0,14,22,15.3,2026-09-22
L0328,C0525,559271.0,407973.0,19025.0,26,28,15.5,2026-09-28
L0329,C0526,189347.0,118808.0,3143.0,44,25,9.1,2026-09-25
L0330,C0529,414345.0,267723.0,9970.0,30,23,11.5,2026-09-23
L0331,C0530,303883.0,261001.0,6156.0,54,11,10.3,2026-10-11
L0332,C0531,331893.0,212951.0,7295.0,34,11,12.5,2026-10-11
L0333,C0534,346796.0,265589.0,8267.0,37,3,9.4,2026-10-03
L0334,C0535,523753.0,340079.0,17304.0,23,11,13.9,2026-10-11
L0335,C0536,309147.0,246879.0,19184.0,14,20,12.8,2026-09-20
L0336,C0538,405469.0,296545.0,6473.0,56,2,9.7,2026-10-02
L0337,C0539,167283.0,119009.0,4403.0,31,12,12.4,2026-10-12
L0338,C0540,107717.0,83726.0,2618.0,41,26,15.4,2026-09-26
L0339,C0541,379970.0,260239.0,10320.0,29,19,11.7,2026-09-19
L0340,C0543,386220.0,258230.0,6826.0,52,16,14.3,2026-09-16
L0341,C0544,81938.0,69366.0,4675.0,16,11,11.2,2026-10-11
L0342,C0546,866093.0,572810.0,15046.0,48,24,10.5,2026-09-24
L0343,C0549,61162.0,49845.0,2865.0,20,4,17.1,2026-10-04
L0344,C0550,121498.0,105358.0,4586.0,27,6,11.6,2026-10-06
L0345,C0551,146453.0,125466.0,7165.0,20,17,12.2,2026-09-17
L0346,C0554,449243.0,322610.0,9242.0,48,15,17.5,2026-09-15
L0347,C0558,219824.0,138385.0,3994.0,44,3,13.3,2026-10-03
L0348,C0559,62229.0,41169.0,3066.0,14,6,13.7,2026-10-06
L0349,C0564,387792.0,299597.0,21129.0,15,3,11.3,2026-10-03
L0350,C0566,548403.0,378456.0,13287.0,35,26,15.2,2026-09-26
L0351,C0567,881403.0,792811.0,19787.0,48,2,9.2,2026-10-02
L0352,C0568,301442.0,217020.0,8409.0,32,9,13.5,2026-10-09
L0353,C0569,445174.0,289948.0,6952.0,57,10,12.1,2026-10-10
L0354,C0570,255068.0,197504.0,5470.0,48,16,17.1,2026-09-16
L0355,C0573,460784.0,346926.0,9266.0,45,25,11.0,2026-09-25
L0356,C0574,138497.0,87060.0,4466.0,22,24,16.9,2026-09-24
L0357,C0575,330770.0,217976.0,7668.0,34,23,13.8,2026-09-23
L0358,C0576,243318.0,182152.0,5503.0,42,7,14.0,2026-10-07
L0359,C0577,679381.0,498062.0,13158.0,49,23,12.3,2026-09-23
L0360,C0578,286445.0,252085.0,6541.0,56,22,15.4,2026-09-22
L0361,C0580,388659.0,314568.0,10282.0,38,25,10.7,2026-09-25
L0362,C0583,416713.0,296114.0,8493.0,46,10,14.9,2026-10-10
L0363,C0584,336118.0,227169.0,6830.0,42,4,11.4,2026-10-04
L0364,C0585,293177.0,233045.0,6289.0,48,26,11.3,2026-09-26
L0365,C0586,88364.0,64382.0,4175.0,17,30,13.7,2026-09-30
L0366,C0588,175507.0,148950.0,8649.0,20,20,16.7,2026-09-20
L0367,C0589,142171.0,116962.0,4330.0,33,18,14.1,2026-09-18
L0368,C0590,138327.0,117209.0,3028.0,45,28,9.1,2026-09-28
L0369,C0591,204688.0,170179.0,10621.0,19,3,17.8,2026-10-03
L0370,C0593,349835.0,285058.0,7455.0,50,1,15.2,2026-10-01
L0371,C0595,388998.0,297128.0,10067.0,36,16,10.1,2026-09-16
L0372,C0596,184067.0,128935.0,2937.0,58,15,11.6,2026-09-15
L0373,C0597,203366.0,147207.0,6296.0,29,16,15.8,2026-09-16
L0374,C0599,440436.0,350966.0,8314.0,56,30,12.7,2026-09-30
L0375,C0601,141672.0,122166.0,6029.0,24,29,17.9,2026-09-29
L0376,C0602,160523.0,130246.0,5095.0,30,7,16.1,2026-10-07
L0377,C0603,441646.0,362724.0,19994.0,22,3,17.2,2026-10-03
L0378,C0604,54203.0,44607.0,2651.0,19,9,9.5,2026-10-09
L0379,C0605,443221.0,289013.0,8838.0,43,9,15.5,2026-10-09
L0380,C0606,103632.0,72250.0,2474.0,35,8,11.1,2026-10-08
L0381,C0608,454228.0,297530.0,6334.0,58,28,9.1,2026-09-28
L0382,C0609,189393.0,136629.0,3403.0,56,17,14.2,2026-09-17
L0383,C0610,208719.0,141016.0,4349.0,42,8,16.5,2026-10-08
L0384,C0611,207241.0,185814.0,5763.0,38,16,11.6,2026-09-16
L0385,C0612,170978.0,144052.0,7120.0,24,24,17.1,2026-09-24
L0386,C0613,190680.0,132478.0,3761.0,47,11,12.5,2026-10-11
L0387,C0614,328318.0,255109.0,6827.0,47,30,11.1,2026-09-30
L0388,C0615,339579.0,242001.0,8454.0,35,21,10.3,2026-09-21
L0389,C0616,810723.0,526121.0,19259.0,31,12,10.3,2026-10-12
L0390,C0619,201222.0,140107.0,9204.0,17,2,12.7,2026-10-02
L0391,C0621,205249.0,147269.0,7980.0,22,2,16.7,2026-10-02
L0392,C0623,849358.0,579320.0,19164.0,40,26,17.1,2026-09-26
L0393,C0624,801602.0,613966.0,13844.0,59,3,13.2,2026-10-03
L0394,C0625,86640.0,75152.0,3392.0,27,6,17.8,2026-10-06
L0395,C0626,545437.0,448505.0,22592.0,21,1,10.3,2026-10-01
L0396,C0628,198373.0,162707.0,13084.0,14,10,14.5,2026-10-10
L0397,C0629,306881.0,230549.0,7196.0,38,12,13.9,2026-10-12
L0398,C0630,50417.0,36636.0,2382.0,17,5,10.5,2026-10-05
L0399,C0631,525115.0,422199.0,11585.0,43,18,11.2,2026-09-18
L0400,C0634,276556.0,185748.0,6465.0,36,24,14.6,2026-09-24
L0401,C0636,343696.0,218592.0,5866.0,55,19,17.9,2026-09-19
L0402,C0637,164302.0,129969.0,4387.0,39,1,16.0,2026-10-01
L0403,C0638,226395.0,199048.0,7238.0,32,24,13.6,2026-09-24
L0404,C0639,922040.0,625524.0,17119.0,47,18,14.5,2026-09-18
L0405,C0640,202126.0,148573.0,6836.0,24,1,9.8,2026-10-01
L0406,C0641,270829.0,242443.0,9740.0,32,20,17.6,2026-09-20
L0407,C0645,521731.0,413180.0,13025.0,38,20,11.6,2026-09-20
L0408,C0646,275450.0,237063.0,8098.0,41,25,17.9,2026-09-25
L0409,C0648,419535.0,353659.0,15544.0,26,30,16.5,2026-09-30
L0410,C0649,913172.0,601334.0,13114.0,58,4,11.7,2026-10-04
L0411,C0650,248593.0,220224.0,10065.0,24,27,12.8,2026-09-27
L0412,C0651,107033.0,76730.0,5077.0,17,25,17.0,2026-09-25
L0413,C0653,288294.0,196647.0,7747.0,29,26,10.7,2026-09-26
L0414,C0654,395564.0,279863.0,8544.0,43,4,14.7,2026-10-04
L0415,C0656,198173.0,161031.0,4579.0,43,5,9.2,2026-10-05
L0416,C0657,121936.0,97282.0,3494.0,36,17,16.6,2026-09-17
L0417,C0658,187942.0,143926.0,12464.0,13,19,16.8,2026-09-19
L0418,C0660,1138255.0,914572.0,34245.0,32,23,11.3,2026-09-23
L0419,C0661,127113.0,106509.0,2638.0,54,17,11.2,2026-09-17
L0420,C0662,87037.0,56349.0,3341.0,19,27,13.7,2026-09-27
L0421,C0664,322458.0,217008.0,18936.0,12,22,9.1,2026-09-22
L0422,C0665,273018.0,224497.0,7403.0,39,2,15.5,2026-10-02
L0423,C0666,265512.0,236117.0,9061.0,31,7,16.7,2026-10-07
L0424,C0668,198966.0,154292.0,3584.0,52,27,9.7,2026-09-27
L0425,C0669,288202.0,200355.0,5769.0,45,26,11.9,2026-09-26
L0426,C0670,57023.0,38305.0,2372.0,18,29,15.9,2026-09-29
L0427,C0671,147089.0,98603.0,4926.0,22,18,11.3,2026-09-18
L0428,C0672,105916.0,67008.0,2063.0,42,11,12.7,2026-10-11
L0429,C0673,43685.0,38336.0,3627.0,12,6,15.9,2026-10-06
L0430,C0674,226403.0,202980.0,10080.0,24,5,13.5,2026-10-05
L0431,C0676,179620.0,122733.0,10454.0,13,27,12.8,2026-09-27
L0432,C0678,342456.0,243993.0,6711.0,50,22,16.5,2026-09-22
L0433,C0680,397232.0,303636.0,7466.0,52,22,9.9,2026-09-22
L0434,C0681,241661.0,219000.0,5342.0,55,16,13.1,2026-09-16
L0435,C0682,166491.0,123189.0,6500.0,22,29,13.0,2026-09-29
L0436,C0683,573680.0,422196.0,11089.0,50,16,13.4,2026-09-16
L0437,C0685,620776.0,399540.0,8572.0,58,11,10.9,2026-10-11
L0438,C0687,77081.0,55661.0,2770.0,23,26,10.2,2026-09-26
L0439,C0688,447454.0,286192.0,7325.0,48,23,13.0,2026-09-23
L0440,C0690,353666.0,305878.0,6765.0,56,17,10.9,2026-09-17
L0441,C0692,191133.0,170432.0,4391.0,45,8,10.5,2026-10-08
L0442,C0693,853019.0,537682.0,14194.0,56,4,17.5,2026-10-04
L0443,C0695,261740.0,213065.0,5023.0,56,24,12.7,2026-09-24
L0444,C0696,210126.0,186974.0,13483.0,16,12,14.6,2026-10-12
L0445,C0697,260118.0,182924.0,4814.0,48,1,13.8,2026-10-01
L0446,C0698,116730.0,82503.0,3051.0,33,3,11.5,2026-10-03
L0447,C0699,370344.0,336309.0,10770.0,37,4,10.8,2026-10-04
L0448,C0700,224053.0,185116.0,5872.0,38,28,13.9,2026-09-28
L0449,C0701,136002.0,115865.0,3691.0,38,22,9.4,2026-09-22
L0450,C0702,382295.0,301405.0,9953.0,38,30,12.4,2026-09-30
L0451,C0703,256966.0,187463.0,13744.0,15,20,17.0,2026-09-20
L0452,C0704,64511.0,46169.0,4160.0,12,15,12.6,2026-09-15
L0453,C0705,98693.0,81365.0,3423.0,29,4,16.1,2026-10-04
L0454,C0708,1360557.0,947328.0,25555.0,44,29,9.0,2026-09-29
L0455,C0709,205378.0,144435.0,8357.0,19,23,17.0,2026-09-23
L0456,C0710,65851.0,44367.0,1674.0,30,24,9.2,2026-09-24
L0457,C0711,262557.0,196018.0,4695.0,57,17,15.2,2026-09-17
L0458,C0712,507005.0,336784.0,23008.0,16,18,13.7,2026-09-18
L0459,C0715,128672.0,92035.0,5301.0,19,9,17.0,2026-10-09
L0460,C0716,542201.0,348121.0,9491.0,50,1,16.3,2026-10-01
L0461,C0719,227066.0,146960.0,4806.0,39,1,14.9,2026-10-01
L0462,C0721,106950.0,69587.0,5178.0,15,27,16.0,2026-09-27
L0463,C0723,457861.0,290100.0,8990.0,43,2,15.3,2026-10-02
L0464,C0724,142040.0,93612.0,4510.0,22,23,11.1,2026-09-23
L0465,C0725,216826.0,181783.0,4922.0,47,9,10.2,2026-10-09
L0466,C0726,238922.0,211464.0,7237.0,33,11,11.6,2026-10-11
L0467,C0727,171935.0,154660.0,5080.0,36,7,11.2,2026-10-07
L0468,C0728,231293.0,197156.0,14338.0,14,30,9.6,2026-09-30
L0469,C0730,358410.0,245131.0,15780.0,17,25,9.6,2026-09-25
L0470,C0732,137354.0,112539.0,3139.0,52,18,15.4,2026-09-18
L0471,C0734,575478.0,371293.0,9090.0,58,3,17.0,2026-10-03
L0472,C0735,331442.0,215618.0,5434.0,49,24,12.5,2026-09-24
L0473,C0736,106847.0,69193.0,3687.0,22,3,15.4,2026-10-03
L0474,C0738,705867.0,540570.0,13893.0,53,23,15.3,2026-09-23
L0475,C0739,279564.0,253559.0,5591.0,57,18,10.0,2026-09-18
L0476,C0741,338397.0,285826.0,7344.0,56,21,16.5,2026-09-21
L0477,C0742,249654.0,160996.0,4801.0,43,20,14.1,2026-09-20
L0478,C0743,378079.0,269635.0,8945.0,36,3,13.6,2026-10-03
L0479,C0747,161910.0,112662.0,4090.0,33,1,11.6,2026-10-01
L0480,C0748,701736.0,439249.0,10409.0,54,25,12.7,2026-09-25
L0481,C0750,74970.0,65309.0,1813.0,50,29,17.4,2026-09-29
L0482,C0751,109738.0,70845.0,3000.0,30,8,16.3,2026-10-08
L0483,C0753,201226.0,132369.0,12082.0,12,10,14.0,2026-10-10
L0484,C0754,470378.0,309164.0,8957.0,42,28,9.4,2026-09-28
L0485,C0756,1178695.0,924315.0,22359.0,53,28,9.7,2026-09-28
L0486,C0758,228608.0,194414.0,8454.0,28,9,14.6,2026-10-09
L0487,C0759,271132.0,182638.0,14185.0,14,8,16.1,2026-10-08
L0488,C0763,418666.0,327189.0,8434.0,54,23,17.4,2026-09-23
L0489,C0764,162855.0,117129.0,4156.0,33,8,10.3,2026-10-08
L0490,C0765,675663.0,589729.0,17832.0,44,3,13.5,2026-10-03
L0491,C0766,380280.0,271320.0,8363.0,47,25,17.1,2026-09-25
L0492,C0769,521449.0,467944.0,10356.0,58,8,9.1,2026-10-08
L0493,C0771,188628.0,119750.0,8966.0,15,15,13.3,2026-09-15
L0494,C0773,291316.0,227012.0,5818.0,58,19,16.5,2026-09-19
L0495,C0776,553563.0,477043.0,13871.0,47,16,16.2,2026-09-16
L0496,C0778,525389.0,420007.0,16914.0,30,23,15.0,2026-09-23
L0497,C0780,139548.0,100828.0,5981.0,20,29,17.1,2026-09-29
L0498,C0781,287132.0,205445.0,5831.0,43,11,12.5,2026-10-11
L0499,C0785,362623.0,270406.0,8387.0,42,6,14.0,2026-10-06
L0500,C0786,546209.0,354821.0,15762.0,28,26,17.3,2026-09-26
L0501,C0787,626401.0,405926.0,13008.0,37,12,14.2,2026-10-12
L0502,C0791,230270.0,146973.0,3686.0,53,30,11.1,2026-09-30
L0503,C0793,216230.0,151343.0,4078.0,51,4,13.1,2026-10-04
L0504,C0795,323110.0,249100.0,7894.0,40,24,16.5,2026-09-24
L0505,C0796,361643.0,304804.0,7458.0,55,10,15.6,2026-10-10
L0506,C0797,343186.0,267356.0,11957.0,27,10,18.0,2026-10-10
L0507,C0799,664558.0,486986.0,14124.0,41,22,10.5,2026-09-22
L0508,C0800,177631.0,112743.0,2927.0,47,2,9.1,2026-10-02
L0509,C0803,89898.0,63455.0,1715.0,51,28,16.0,2026-09-28
L0510,C0804,220006.0,163559.0,7663.0,23,7,10.9,2026-10-07
L0511,C0805,248431.0,161672.0,8263.0,21,10,11.0,2026-10-10
L0512,C0806,1065317.0,666338.0,15506.0,56,26,9.9,2026-09-26
L0513,C0807,880354.0,668046.0,26900.0,29,19,14.1,2026-09-19
L0514,C0808,157561.0,126597.0,4986.0,32,7,14.9,2026-10-07
L0515,C0809,245271.0,165247.0,3696.0,52,19,9.1,2026-09-19
L0516,C0810,310378.0,201946.0,6569.0,38,5,16.6,2026-10-05
L0517,C0811,282411.0,224149.0,12893.0,20,20,11.1,2026-09-20
L0518,C0812,239682.0,207551.0,5765.0,51,23,17.9,2026-09-23
L0519,C0813,93678.0,73834.0,6289.0,13,1,14.4,2026-10-01
L0520,C0814,303458.0,219910.0,9008.0,32,18,17.4,2026-09-18
L0521,C0815,292579.0,183505.0,5733.0,40,20,13.3,2026-09-20
L0522,C0816,74316.0,48468.0,4097.0,12,5,10.8,2026-10-05
L0523,C0819,297117.0,237717.0,7889.0,38,12,16.3,2026-10-12
L0524,C0823,804333.0,577539.0,14580.0,57,18,15.1,2026-09-18
L0525,C0824,69940.0,52090.0,4715.0,12,10,10.5,2026-10-10
L0526,C0825,84185.0,57299.0,3320.0,20,10,11.2,2026-10-10
L0527,C0826,518695.0,362615.0,9855.0,49,1,13.1,2026-10-01
L0528,C0827,192032.0,143427.0,5487.0,32,24,13.4,2026-09-24
L0529,C0829,183551.0,135517.0,4309.0,42,5,14.5,2026-10-05
L0530,C0830,284601.0,189732.0,9573.0,23,4,15.0,2026-10-04
L0531,C0832,422167.0,293707.0,11318.0,31,6,15.5,2026-10-06
L0532,C0833,183350.0,128725.0,7347.0,20,6,15.9,2026-10-06
L0533,C0835,165615.0,141176.0,4088.0,46,20,13.4,2026-09-20
L0534,C0836,194935.0,143254.0,3689.0,52,15,11.6,2026-09-15
L0535,C0837,632484.0,440355.0,10882.0,59,29,16.5,2026-09-29
L0536,C0838,426327.0,314293.0,8769.0,48,2,16.7,2026-10-02
L0537,C0840,257641.0,226055.0,5951.0,45,3,11.5,2026-10-03
L0538,C0842,249406.0,202303.0,4633.0,59,3,13.4,2026-10-03
L0539,C0844,298729.0,209440.0,7885.0,34,19,17.4,2026-09-19
L0540,C0846,270668.0,171947.0,9228.0,20,11,13.4,2026-10-11
L0541,C0849,339818.0,222667.0,5392.0,56,1,11.8,2026-10-01
L0542,C0850,274787.0,237538.0,7610.0,40,16,14.7,2026-09-16
L0543,C0851,74040.0,59959.0,4154.0,16,7,14.6,2026-10-07
L0544,C0852,301143.0,202376.0,5826.0,46,24,16.7,2026-09-24
L0545,C0853,333712.0,229453.0,9065.0,30,12,13.4,2026-10-12
L0546,C0854,191641.0,158551.0,6027.0,32,1,13.7,2026-10-01
L0547,C0857,1002232.0,661684.0,17041.0,48,25,11.6,2026-09-25
L0548,C0858,207774.0,146842.0,6834.0,23,23,10.1,2026-09-23
L0549,C0859,1422920.0,1123819.0,31538.0,51,16,16.3,2026-09-16
L0550,C0862,244495.0,160607.0,4369.0,51,19,16.8,2026-09-19
L0551,C0863,188514.0,152729.0,5941.0,31,15,11.9,2026-09-15
L0552,C0864,194062.0,175006.0,9850.0,21,27,16.7,2026-09-27
L0553,C0865,691409.0,434214.0,11589.0,49,26,15.5,2026-09-26
L0554,C0868,321573.0,237160.0,7692.0,40,4,17.2,2026-10-04
L0555,C0869,113844.0,76933.0,4087.0,22,17,12.1,2026-09-17
L0556,C0870,820970.0,553230.0,13947.0,58,17,15.7,2026-09-17
L0557,C0873,302347.0,247877.0,6962.0,47,18,11.9,2026-09-18
L0558,C0874,53858.0,38825.0,1998.0,21,30,11.2,2026-09-30
L0559,C0877,207242.0,149573.0,5504.0,32,10,15.5,2026-10-10
L0560,C0878,78423.0,68212.0,4845.0,15,15,14.2,2026-09-15
L0561,C0882,164666.0,136572.0,7221.0,20,15,11.2,2026-09-15
L0562,C0883,174089.0,156357.0,3815.0,52,12,9.1,2026-10-12
L0563,C0884,210548.0,176124.0,5683.0,41,15,15.3,2026-09-15
L0564,C0887,182827.0,134458.0,9324.0,16,3,13.5,2026-10-03
L0565,C0890,114697.0,103905.0,8237.0,14,21,9.9,2026-09-21
L0566,C0891,882742.0,594721.0,14655.0,47,21,10.1,2026-09-21
L0567,C0893,378147.0,238367.0,18758.0,14,5,17.5,2026-10-05
L0568,C0895,576362.0,450164.0,13040.0,40,27,10.0,2026-09-27
L0569,C0900,397217.0,353142.0,12267.0,34,1,9.9,2026-10-01
L0570,C0901,80531.0,55159.0,4296.0,13,12,10.6,2026-10-12
L0571,C0903,355909.0,222511.0,9656.0,29,4,15.5,2026-10-04
L0572,C0905,125742.0,79108.0,2213.0,49,6,14.7,2026-10-06
L0573,C0906,129376.0,88287.0,5686.0,17,3,14.2,2026-10-03
L0574,C0907,342292.0,273610.0,7684.0,42,25,11.8,2026-09-25
L0575,C0909,348575.0,297163.0,13036.0,27,29,10.4,2026-09-29
L0576,C0910,496088.0,414411.0,11233.0,55,16,16.8,2026-09-16
L0577,C0911,266712.0,189633.0,8538.0,26,30,10.5,2026-09-30
L0578,C0913,179371.0,123941.0,4632.0,34,15,16.5,2026-09-15
L0579,C0914,232834.0,159856.0,5145.0,43,30,16.9,2026-09-30
L0580,C0915,205015.0,174223.0,4398.0,58,12,14.3,2026-10-12
L0581,C0916,168132.0,136866.0,4892.0,38,8,17.9,2026-10-08
L0582,C0917,148646.0,116157.0,9529.0,13,22,11.8,2026-09-22
L0583,C0919,660685.0,433565.0,16753.0,29,11,13.1,2026-10-11
L0584,C0922,187946.0,161684.0,5277.0,35,21,10.8,2026-09-21
L0585,C0925,259943.0,195025.0,6280.0,44,24,16.9,2026-09-24
L0586,C0928,213166.0,147623.0,3570.0,56,3,15.4,2026-10-03
L0587,C0929,207900.0,159730.0,5080.0,40,18,13.4,2026-09-18
L0588,C0930,407068.0,276899.0,5595.0,59,25,9.2,2026-09-25
L0589,C0931,119474.0,99533.0,6349.0,18,4,17.4,2026-10-04
L0590,C0932,127731.0,88042.0,4033.0,25,5,12.2,2026-10-05
L0591,C0933,510825.0,460471.0,14178.0,41,7,13.9,2026-10-07
L0592,C0935,507370.0,385792.0,10404.0,53,1,17.6,2026-10-01
L0593,C0936,455251.0,395863.0,18196.0,24,17,14.1,2026-09-17
L0594,C0938,1649834.0,1050056.0,27371.0,44,15,9.1,2026-09-15
L0595,C0939,271141.0,189249.0,5620.0,45,10,13.9,2026-10-10
L0596,C0940,202404.0,166553.0,11667.0,16,2,16.2,2026-10-02
L0597,C0941,342330.0,274071.0,7544.0,47,2,15.4,2026-10-02
L0598,C0942,526063.0,341813.0,9372.0,47,26,13.6,2026-09-26
L0599,C0943,297849.0,204408.0,13311.0,17,18,10.8,2026-09-18
L0600,C0945,483976.0,351106.0,11842.0,36,7,16.3,2026-10-07
L0601,C0948,48961.0,33047.0,2898.0,13,28,16.2,2026-09-28
L0602,C0949,185285.0,136688.0,11533.0,12,23,10.5,2026-09-23
L0603,C0951,281645.0,188859.0,5036.0,47,4,11.4,2026-10-04
L0604,C0952,241878.0,162706.0,5893.0,32,12,13.3,2026-10-12
L0605,C0953,1571387.0,987361.0,22494.0,54,7,10.8,2026-10-07
L0606,C0955,123310.0,99635.0,3163.0,40,23,14.9,2026-09-23
L0607,C0956,168286.0,121424.0,5424.0,25,21,12.8,2026-09-21
L0608,C0957,278323.0,221775.0,6033.0,42,17,9.9,2026-09-17
L0609,C0959,243725.0,156043.0,11479.0,14,27,11.0,2026-09-27
L0610,C0961,180151.0,114659.0,3641.0,36,3,9.9,2026-10-03
L0611,C0962,224511.0,172387.0,8486.0,23,23,10.5,2026-09-23
L0612,C0963,97410.0,77020.0,5026.0,18,21,16.6,2026-09-21
L0613,C0964,118439.0,88634.0,3178.0,35,18,13.9,2026-09-18
L0614,C0965,120916.0,94113.0,4257.0,24,8,11.0,2026-10-08
L0615,C0967,834081.0,570345.0,15930.0,45,26,11.2,2026-09-26
L0616,C0969,924429.0,592572.0,15296.0,57,10,15.8,2026-10-10
L0617,C0970,240754.0,156433.0,9493.0,19,28,14.6,2026-09-28
L0618,C0971,662756.0,470869.0,14096.0,45,16,16.4,2026-09-16
L0619,C0973,166754.0,119665.0,7773.0,17,30,17.4,2026-09-30
L0620,C0974,325142.0,260721.0,5840.0,57,22,11.4,2026-09-22
L0621,C0975,433484.0,271709.0,10810.0,28,28,12.4,2026-09-28
L0622,C0976,262108.0,181139.0,8178.0,27,25,14.9,2026-09-25
L0623,C0977,117258.0,90650.0,4737.0,21,5,10.8,2026-10-05
L0624,C0979,135903.0,115570.0,3557.0,43,5,16.2,2026-10-05
L0625,C0981,584096.0,486341.0,12356.0,50,5,13.6,2026-10-05
L0626,C0987,182521.0,134923.0,5206.0,34,17,16.5,2026-09-17
L0627,C0988,282931.0,188455.0,4455.0,56,2,13.1,2026-10-02
L0628,C0989,296182.0,221345.0,7645.0,37,8,12.8,2026-10-08
L0629,C0990,229542.0,148736.0,3678.0,57,30,14.6,2026-09-30
L0630,C0991,201616.0,137619.0,5430.0,32,18,16.4,2026-09-18
L0631,C0992,463900.0,290036.0,8975.0,41,29,15.0,2026-09-29
L0632,C0994,239339.0,208869.0,9496.0,27,11,16.9,2026-10-11
L0633,C0995,144829.0,121899.0,7184.0,19,29,17.4,2026-09-29
L0634,C0996,153590.0,98498.0,3197.0,37,29,11.6,2026-09-29
L0635,C0998,311941.0,257353.0,16093.0,18,4,11.1,2026-10-04
L0636,C0999,668908.0,448003.0,10315.0,55,26,10.1,2026-09-26
L0637,C1000,282878.0,180868.0,6898.0,32,27,13.1,2026-09-27
L0638,C1001,200000.0,165000.0,9900.0,24,4,14.0,2026-10-04
