loan_id,customer_id,default_within_90d,stress_group
L0001,C0001,0,normal
L0002,C0002,0,dip
L0003,C0004,0,normal
L0004,C0005,0,normal
L0005,C0006,0,normal
L0006,C0007,0,normal
L0007,C0009,0,normal
L0008,C0011,0,dip
L0009,C0012,0,normal
L0010,C0013,0,normal
L0011,C0014,1,stressed
L0012,C0015,0,normal
L0013,C0017,0,normal
L0014,C0018,0,normal
L0015,C0020,0,normal
L0016,C0021,1,stressed
L0017,C0022,0,normal
L0018,C0023,0,normal
L0019,C0024,0,normal
L0020,C0025,0,normal
L0021,C0026,0,normal
L0022,C0027,0,normal
L0023,C0028,0,normal
L0024,C0030,0,normal
L0025,C0031,0,dip
L0026,C0033,0,normal
L0027,C0035,0,normal
L0028,C0036,0,dip
L0029,C0037,1,stressed
L0030,C0038,0,normal
L0031,C0039,0,dip
L0032,C0040,0,normal
L0033,C0041,1,stressed
L0034,C0043,0,normal
L0035,C0045,0,normal
L0036,C0046,0,normal
L0037,C0047,0,normal
L0038,C0049,0,normal
L0039,C0050,0,normal
L0040,C0052,1,stressed
L0041,C0053,0,normal
L0042,C0054,0,normal
L0043,C0056,0,normal
L0044,C0059,0,normal
L0045,C0060,0,normal
L0046,C0064,0,normal
L0047,C0068,0,normal
L0048,C0074,0,normal
L0049,C0075,0,normal
L0050,C0076,0,normal
L0051,C0078,0,stressed
L0052,C0079,0,normal
L0053,C0084,0,normal
L0054,C0085,0,normal
L0055,C0086,0,normal
L0056,C0088,0,dip
L0057,C0089,0,normal
L0058,C0091,0,normal
L0059,C0093,0,dip
L0060,C0095,0,normal
L0061,C0098,1,normal
L0062,C0099,0,normal
L0063,C0101,0,normal
L0064,C0103,0,normal
L0065,C0105,0,normal
L0066,C0106,0,normal
L0067,C0107,0,normal
L0068,C0108,0,normal
L0069,C0109,1,stressed
L0070,C0114,1,normal
L0071,C0115,0,normal
L0072,C0117,0,normal
L0073,C0118,0,normal
L0074,C0121,1,stressed
L0075,C0122,0,normal
L0076,C0123,0,normal
L0077,C0125,0,normal
L0078,C0127,0,normal
L0079,C0128,1,stressed
L0080,C0129,0,normal
L0081,C0130,0,normal
L0082,C0132,1,stressed
L0083,C0134,1,stressed
L0084,C0137,0,stressed
L0085,C0139,0,normal
L0086,C0140,0,normal
L0087,C0145,1,stressed
L0088,C0146,1,stressed
L0089,C0147,0,normal
L0090,C0148,0,normal
L0091,C0149,0,normal
L0092,C0150,0,normal
L0093,C0151,0,normal
L0094,C0152,0,normal
L0095,C0153,0,normal
L0096,C0155,1,stressed
L0097,C0158,1,normal
L0098,C0161,0,normal
L0099,C0163,0,normal
L0100,C0164,0,normal
L0101,C0165,0,normal
L0102,C0170,1,stressed
L0103,C0171,0,normal
L0104,C0172,0,normal
L0105,C0173,0,normal
L0106,C0175,0,normal
L0107,C0176,0,normal
L0108,C0177,0,normal
L0109,C0178,0,normal
L0110,C0179,0,normal
L0111,C0180,0,normal
L0112,C0181,0,normal
L0113,C0182,0,normal
L0114,C0183,1,stressed
L0115,C0185,0,normal
L0116,C0186,0,normal
L0117,C0187,0,stressed
L0118,C0188,0,normal
L0119,C0189,0,normal
L0120,C0190,0,normal
L0121,C0193,0,normal
L0122,C0194,0,normal
L0123,C0195,0,normal
L0124,C0196,0,normal
L0125,C0197,0,normal
L0126,C0199,0,normal
L0127,C0200,0,normal
L0128,C0201,0,normal
L0129,C0202,0,dip
L0130,C0203,0,normal
L0131,C0204,0,normal
L0132,C0205,0,normal
L0133,C0206,1,normal
L0134,C0207,1,stressed
L0135,C0209,0,normal
L0136,C0210,0,normal
L0137,C0213,0,normal
L0138,C0214,0,normal
L0139,C0215,0,normal
L0140,C0216,1,stressed
L0141,C0218,0,normal
L0142,C0219,0,normal
L0143,C0220,0,normal
L0144,C0221,0,normal
L0145,C0222,0,normal
L0146,C0223,0,normal
L0147,C0224,0,normal
L0148,C0231,0,normal
L0149,C0232,0,normal
L0150,C0233,0,normal
L0151,C0234,0,dip
L0152,C0236,0,normal
L0153,C0239,0,normal
L0154,C0240,0,normal
L0155,C0241,0,normal
L0156,C0242,0,normal
L0157,C0243,0,normal
L0158,C0244,0,normal
L0159,C0245,0,normal
L0160,C0246,0,normal
L0161,C0247,0,normal
L0162,C0248,0,normal
L0163,C0249,0,normal
L0164,C0251,0,normal
L0165,C0253,0,normal
L0166,C0254,0,normal
L0167,C0257,0,normal
L0168,C0259,0,normal
L0169,C0261,0,normal
L0170,C0267,1,normal
L0171,C0268,0,normal
L0172,C0270,0,normal
L0173,C0271,0,normal
L0174,C0273,0,normal
L0175,C0276,0,normal
L0176,C0277,0,normal
L0177,C0279,0,normal
L0178,C0281,0,normal
L0179,C0282,0,normal
L0180,C0283,0,normal
L0181,C0285,0,normal
L0182,C0288,0,normal
L0183,C0289,0,normal
L0184,C0290,1,stressed
L0185,C0292,0,normal
L0186,C0295,0,normal
L0187,C0296,0,normal
L0188,C0300,0,stressed
L0189,C0301,0,normal
L0190,C0302,0,normal
L0191,C0304,0,normal
L0192,C0306,0,normal
L0193,C0308,0,normal
L0194,C0310,0,dip
L0195,C0313,0,normal
L0196,C0314,0,normal
L0197,C0315,0,normal
L0198,C0316,0,normal
L0199,C0317,0,normal
L0200,C0318,0,normal
L0201,C0319,0,stressed
L0202,C0320,0,normal
L0203,C0322,1,stressed
L0204,C0323,0,normal
L0205,C0325,0,normal
L0206,C0329,0,normal
L0207,C0330,0,normal
L0208,C0333,0,normal
L0209,C0334,0,normal
L0210,C0337,0,normal
L0211,C0338,0,normal
L0212,C0339,0,normal
L0213,C0340,1,stressed
L0214,C0342,0,normal
L0215,C0343,0,normal
L0216,C0344,1,stressed
L0217,C0350,0,normal
L0218,C0351,0,normal
L0219,C0353,0,normal
L0220,C0354,0,normal
L0221,C0356,0,dip
L0222,C0358,0,normal
L0223,C0359,0,normal
L0224,C0362,0,normal
L0225,C0363,0,normal
L0226,C0364,0,stressed
L0227,C0365,0,normal
L0228,C0366,0,normal
L0229,C0367,0,normal
L0230,C0368,0,normal
L0231,C0369,0,normal
L0232,C0370,0,dip
L0233,C0371,0,normal
L0234,C0372,0,normal
L0235,C0373,0,normal
L0236,C0377,0,normal
L0237,C0379,0,normal
L0238,C0380,0,normal
L0239,C0382,0,normal
L0240,C0385,1,stressed
L0241,C0386,0,dip
L0242,C0388,0,normal
L0243,C0389,0,normal
L0244,C0390,0,normal
L0245,C0392,0,normal
L0246,C0395,0,normal
L0247,C0396,0,normal
L0248,C0398,0,normal
L0249,C0399,0,normal
L0250,C0400,0,normal
L0251,C0403,0,normal
L0252,C0404,0,normal
L0253,C0405,0,normal
L0254,C0407,0,normal
L0255,C0410,0,normal
L0256,C0414,0,stressed
L0257,C0416,0,normal
L0258,C0418,0,normal
L0259,C0419,0,dip
L0260,C0421,0,normal
L0261,C0422,0,normal
L0262,C0424,0,normal
L0263,C0427,0,normal
L0264,C0428,0,normal
L0265,C0431,0,normal
L0266,C0433,0,normal
L0267,C0434,0,normal
L0268,C0436,0,normal
L0269,C0437,0,normal
L0270,C0438,1,stressed
L0271,C0440,0,normal
L0272,C0441,0,normal
L0273,C0442,1,normal
L0274,C0443,1,stressed
L0275,C0445,0,normal
L0276,C0446,0,normal
L0277,C0448,0,stressed
L0278,C0449,1,stressed
L0279,C0452,0,normal
L0280,C0454,0,normal
L0281,C0456,0,normal
L0282,C0458,0,normal
L0283,C0463,0,normal
L0284,C0464,0,normal
L0285,C0465,0,normal
L0286,C0466,0,normal
L0287,C0469,0,normal
L0288,C0470,0,normal
L0289,C0472,0,normal
L0290,C0473,0,normal
L0291,C0474,0,normal
L0292,C0475,0,dip
L0293,C0477,0,normal
L0294,C0478,0,normal
L0295,C0479,0,normal
L0296,C0480,0,normal
L0297,C0481,0,normal
L0298,C0482,0,normal
L0299,C0485,1,normal
L0300,C0486,0,normal
L0301,C0488,0,normal
L0302,C0489,1,stressed
L0303,C0490,0,normal
L0304,C0491,0,stressed
L0305,C0493,0,normal
L0306,C0499,0,normal
L0307,C0501,0,normal
L0308,C0503,0,normal
L0309,C0504,0,normal
L0310,C0505,0,normal
L0311,C0506,0,dip
L0312,C0507,0,normal
L0313,C0508,1,stressed
L0314,C0509,0,normal
L0315,C0510,0,stressed
L0316,C0511,1,stressed
L0317,C0512,0,normal
L0318,C0513,0,dip
L0319,C0514,0,normal
L0320,C0515,0,normal
L0321,C0516,0,normal
L0322,C0518,0,normal
L0323,C0519,1,normal
L0324,C0520,0,normal
L0325,C0522,0,dip
L0326,C0523,0,normal
L0327,C0524,0,normal
L0328,C0525,0,normal
L0329,C0526,0,normal
L0330,C0529,0,normal
L0331,C0530,0,normal
L0332,C0531,0,dip
L0333,C0534,1,stressed
L0334,C0535,0,normal
L0335,C0536,1,stressed
L0336,C0538,0,normal
L0337,C0539,0,dip
L0338,C0540,0,normal
L0339,C0541,0,normal
L0340,C0543,0,dip
L0341,C0544,0,normal
L0342,C0546,1,stressed
L0343,C0549,0,normal
L0344,C0550,0,normal
L0345,C0551,0,normal
L0346,C0554,0,normal
L0347,C0558,0,normal
L0348,C0559,0,normal
L0349,C0564,0,normal
L0350,C0566,1,stressed
L0351,C0567,1,stressed
L0352,C0568,0,normal
L0353,C0569,0,normal
L0354,C0570,0,normal
L0355,C0573,0,normal
L0356,C0574,0,normal
L0357,C0575,0,normal
L0358,C0576,0,normal
L0359,C0577,0,normal
L0360,C0578,0,normal
L0361,C0580,0,normal
L0362,C0583,0,normal
L0363,C0584,0,normal
L0364,C0585,0,normal
L0365,C0586,0,normal
L0366,C0588,0,normal
L0367,C0589,0,normal
L0368,C0590,0,normal
L0369,C0591,0,normal
L0370,C0593,0,normal
L0371,C0595,0,normal
L0372,C0596,0,normal
L0373,C0597,0,normal
L0374,C0599,0,normal
L0375,C0601,0,normal
L0376,C0602,0,normal
L0377,C0603,0,normal
L0378,C0604,0,normal
L0379,C0605,0,normal
L0380,C0606,0,normal
L0381,C0608,0,normal
L0382,C0609,1,normal
L0383,C0610,0,normal
L0384,C0611,0,normal
L0385,C0612,0,normal
L0386,C0613,0,normal
L0387,C0614,0,normal
L0388,C0615,0,normal
L0389,C0616,1,stressed
L0390,C0619,0,normal
L0391,C0621,0,normal
L0392,C0623,0,normal
L0393,C0624,0,normal
L0394,C0625,0,normal
L0395,C0626,0,normal
L0396,C0628,0,normal
L0397,C0629,0,normal
L0398,C0630,0,normal
L0399,C0631,1,stressed
L0400,C0634,0,normal
L0401,C0636,0,dip
L0402,C0637,0,normal
L0403,C0638,0,normal
L0404,C0639,0,stressed
L0405,C0640,0,normal
L0406,C0641,1,stressed
L0407,C0645,0,normal
L0408,C0646,0,normal
L0409,C0648,0,normal
L0410,C0649,0,normal
L0411,C0650,0,normal
L0412,C0651,0,normal
L0413,C0653,0,normal
L0414,C0654,0,normal
L0415,C0656,0,normal
L0416,C0657,0,normal
L0417,C0658,0,normal
L0418,C0660,0,dip
L0419,C0661,0,normal
L0420,C0662,0,normal
L0421,C0664,0,normal
L0422,C0665,0,normal
L0423,C0666,0,normal
L0424,C0668,0,normal
L0425,C0669,1,stressed
L0426,C0670,0,normal
L0427,C0671,0,normal
L0428,C0672,0,normal
L0429,C0673,0,normal
L0430,C0674,0,stressed
L0431,C0676,0,normal
L0432,C0678,0,normal
L0433,C0680,0,normal
L0434,C0681,0,normal
L0435,C0682,0,normal
L0436,C0683,0,normal
L0437,C0685,1,stressed
L0438,C0687,0,dip
L0439,C0688,0,normal
L0440,C0690,0,normal
L0441,C0692,0,normal
L0442,C0693,0,normal
L0443,C0695,0,normal
L0444,C0696,1,stressed
L0445,C0697,0,normal
L0446,C0698,0,normal
L0447,C0699,0,normal
L0448,C0700,0,normal
L0449,C0701,0,normal
L0450,C0702,1,stressed
L0451,C0703,0,normal
L0452,C0704,0,dip
L0453,C0705,0,normal
L0454,C0708,1,stressed
L0455,C0709,0,normal
L0456,C0710,0,normal
L0457,C0711,0,normal
L0458,C0712,0,normal
L0459,C0715,0,normal
L0460,C0716,0,normal
L0461,C0719,1,stressed
L0462,C0721,0,normal
L0463,C0723,0,normal
L0464,C0724,0,normal
L0465,C0725,0,stressed
L0466,C0726,0,normal
L0467,C0727,0,dip
L0468,C0728,0,normal
L0469,C0730,0,normal
L0470,C0732,0,stressed
L0471,C0734,0,normal
L0472,C0735,0,normal
L0473,C0736,0,normal
L0474,C0738,0,normal
L0475,C0739,0,normal
L0476,C0741,0,normal
L0477,C0742,0,normal
L0478,C0743,1,normal
L0479,C0747,0,normal
L0480,C0748,0,normal
L0481,C0750,0,normal
L0482,C0751,0,normal
L0483,C0753,0,normal
L0484,C0754,1,stressed
L0485,C0756,0,normal
L0486,C0758,0,normal
L0487,C0759,0,stressed
L0488,C0763,0,normal
L0489,C0764,0,normal
L0490,C0765,0,normal
L0491,C0766,0,normal
L0492,C0769,1,stressed
L0493,C0771,0,normal
L0494,C0773,0,normal
L0495,C0776,0,normal
L0496,C0778,0,normal
L0497,C0780,0,dip
L0498,C0781,1,stressed
L0499,C0785,0,normal
L0500,C0786,0,normal
L0501,C0787,0,normal
L0502,C0791,0,normal
L0503,C0793,0,normal
L0504,C0795,1,dip
L0505,C0796,0,normal
L0506,C0797,0,normal
L0507,C0799,0,normal
L0508,C0800,0,normal
L0509,C0803,0,normal
L0510,C0804,0,normal
L0511,C0805,0,normal
L0512,C0806,1,stressed
L0513,C0807,0,normal
L0514,C0808,0,normal
L0515,C0809,0,normal
L0516,C0810,0,normal
L0517,C0811,0,normal
L0518,C0812,0,normal
L0519,C0813,0,normal
L0520,C0814,0,normal
L0521,C0815,0,normal
L0522,C0816,1,stressed
L0523,C0819,0,dip
L0524,C0823,0,stressed
L0525,C0824,0,stressed
L0526,C0825,0,normal
L0527,C0826,0,normal
L0528,C0827,0,normal
L0529,C0829,0,normal
L0530,C0830,0,normal
L0531,C0832,0,normal
L0532,C0833,0,normal
L0533,C0835,1,normal
L0534,C0836,0,normal
L0535,C0837,0,normal
L0536,C0838,0,normal
L0537,C0840,0,normal
L0538,C0842,0,normal
L0539,C0844,0,normal
L0540,C0846,0,normal
L0541,C0849,1,stressed
L0542,C0850,0,normal
L0543,C0851,0,normal
L0544,C0852,1,stressed
L0545,C0853,1,stressed
L0546,C0854,0,normal
L0547,C0857,0,normal
L0548,C0858,0,normal
L0549,C0859,0,normal
L0550,C0862,0,normal
L0551,C0863,0,normal
L0552,C0864,0,normal
L0553,C0865,0,normal
L0554,C0868,0,normal
L0555,C0869,0,normal
L0556,C0870,1,stressed
L0557,C0873,0,normal
L0558,C0874,0,normal
L0559,C0877,0,dip
L0560,C0878,0,normal
L0561,C0882,1,normal
L0562,C0883,0,normal
L0563,C0884,0,normal
L0564,C0887,0,normal
L0565,C0890,1,stressed
L0566,C0891,0,normal
L0567,C0893,1,stressed
L0568,C0895,0,normal
L0569,C0900,0,normal
L0570,C0901,0,normal
L0571,C0903,0,normal
L0572,C0905,0,normal
L0573,C0906,0,normal
L0574,C0907,0,normal
L0575,C0909,0,normal
L0576,C0910,0,normal
L0577,C0911,0,normal
L0578,C0913,0,normal
L0579,C0914,0,normal
L0580,C0915,0,normal
L0581,C0916,0,normal
L0582,C0917,0,normal
L0583,C0919,1,stressed
L0584,C0922,0,normal
L0585,C0925,0,normal
L0586,C0928,0,normal
L0587,C0929,0,normal
L0588,C0930,0,normal
L0589,C0931,0,normal
L0590,C0932,0,normal
L0591,C0933,0,normal
L0592,C0935,0,normal
L0593,C0936,0,normal
L0594,C0938,0,normal
L0595,C0939,0,normal
L0596,C0940,0,stressed
L0597,C0941,1,stressed
L0598,C0942,0,normal
L0599,C0943,1,stressed
L0600,C0945,0,dip
L0601,C0948,0,normal
L0602,C0949,1,stressed
L0603,C0951,0,normal
L0604,C0952,0,normal
L0605,C0953,0,normal
L0606,C0955,1,normal
L0607,C0956,0,normal
L0608,C0957,0,normal
L0609,C0959,0,normal
L0610,C0961,0,normal
L0611,C0962,0,normal
L0612,C0963,0,normal
L0613,C0964,0,normal
L0614,C0965,0,normal
L0615,C0967,0,normal
L0616,C0969,0,normal
L0617,C0970,0,normal
L0618,C0971,1,stressed
L0619,C0973,0,normal
L0620,C0974,0,dip
L0621,C0975,0,normal
L0622,C0976,0,normal
L0623,C0977,0,normal
L0624,C0979,0,normal
L0625,C0981,0,normal
L0626,C0987,1,stressed
L0627,C0988,0,normal
L0628,C0989,0,normal
L0629,C0990,0,dip
L0630,C0991,0,normal
L0631,C0992,0,normal
L0632,C0994,1,stressed
L0633,C0995,0,normal
L0634,C0996,0,normal
L0635,C0998,0,normal
L0636,C0999,1,stressed
L0637,C1000,1,normal
L0638,C1001,1,stressed
