payee_id,category,age_days,risk_score,is_mule
P00001,p2p,2032,0.314,0
P00002,p2p,1428,0.126,0
P00003,telecom,2388,0.286,0
P00004,grocery,2002,0.218,0
P00005,telecom,1447,0.079,0
P00006,grocery,2700,0.181,0
P00007,food,413,0.285,0
P00008,travel,1514,0.258,0
P00009,p2p,1418,0.109,0
P00010,food,2453,0.112,0
P00011,p2p,1755,0.052,0
P00012,fuel,1484,0.024,0
P00013,shopping,2425,0.078,0
P00014,p2p,1051,0.042,0
P00015,travel,553,0.15,0
P00016,grocery,1759,0.134,0
P00017,grocery,2721,0.144,0
P00018,food,1602,0.175,0
P00019,telecom,1225,0.043,0
P00020,entertainment,2744,0.077,0
P00021,utilities,2171,0.19,0
P00022,p2p,766,0.084,0
P00023,travel,1960,0.101,0
P00024,grocery,436,0.312,0
P00025,shopping,1451,0.264,0
P00026,p2p,1171,0.108,0
P00027,shopping,1718,0.165,0
P00028,grocery,1525,0.237,0
P00029,grocery,2064,0.117,0
P00030,healthcare,2082,0.056,0
P00031,p2p,1488,0.055,0
P00032,food,2463,0.086,0
P00033,rent,624,0.292,0
P00034,food,2696,0.11,0
P00035,entertainment,1263,0.028,0
P00036,grocery,934,0.128,0
P00037,p2p,1097,0.114,0
P00038,grocery,2921,0.187,0
P00039,shopping,1367,0.142,0
P00040,grocery,759,0.184,0
P00041,travel,1078,0.119,0
P00042,shopping,2875,0.048,0
P00043,shopping,708,0.119,0
P00044,grocery,2812,0.134,0
P00045,shopping,2813,0.42,0
P00046,p2p,2629,0.049,0
P00047,p2p,2885,0.042,0
P00048,food,494,0.094,0
P00049,grocery,1475,0.099,0
P00050,shopping,523,0.206,0
P00051,p2p,2419,0.08,0
P00052,shopping,2583,0.211,0
P00053,grocery,1331,0.02,0
P00054,p2p,2789,0.16,0
P00055,shopping,1104,0.287,0
P00056,food,1639,0.088,0
P00057,food,1614,0.132,0
P00058,telecom,1225,0.136,0
P00059,p2p,1569,0.2,0
P00060,entertainment,2027,0.048,0
P00061,grocery,1941,0.197,0
P00062,p2p,2232,0.322,0
P00063,food,2221,0.09,0
P00064,shopping,1852,0.009,0
P00065,fuel,859,0.126,0
P00066,travel,1878,0.17,0
P00067,healthcare,2487,0.154,0
P00068,grocery,2335,0.228,0
P00069,shopping,2857,0.142,0
P00070,entertainment,2821,0.122,0
P00071,grocery,1538,0.064,0
P00072,food,1847,0.025,0
P00073,p2p,1725,0.073,0
P00074,travel,509,0.129,0
P00075,food,1469,0.157,0
P00076,grocery,600,0.199,0
P00077,food,1005,0.08,0
P00078,entertainment,2578,0.304,0
P00079,fuel,1711,0.155,0
P00080,food,2286,0.063,0
P00081,grocery,396,0.267,0
P00082,grocery,1925,0.1,0
P00083,shopping,2643,0.171,0
P00084,entertainment,1802,0.089,0
P00085,utilities,2758,0.331,0
P00086,utilities,1527,0.143,0
P00087,food,2857,0.053,0
P00088,food,1847,0.064,0
P00089,travel,1926,0.134,0
P00090,food,1085,0.141,0
P00091,fuel,2253,0.086,0
P00092,grocery,1656,0.171,0
P00093,food,1565,0.232,0
P00094,p2p,684,0.305,0
P00095,food,1604,0.42,0
P00096,entertainment,2883,0.103,0
P00097,fuel,1506,0.049,0
P00098,p2p,658,0.191,0
P00099,grocery,2539,0.162,0
P00100,healthcare,2314,0.142,0
P00101,shopping,2225,0.085,0
P00102,travel,1581,0.099,0
P00103,shopping,2667,0.148,0
P00104,fuel,1147,0.133,0
P00105,fuel,2574,0.056,0
P00106,grocery,1687,0.219,0
P00107,utilities,1376,0.031,0
P00108,shopping,1061,0.024,0
P00109,healthcare,1642,0.064,0
P00110,entertainment,2217,0.043,0
P00111,rent,631,0.34,0
P00112,grocery,1007,0.074,0
P00113,rent,877,0.096,0
P00114,telecom,1352,0.296,0
P00115,grocery,2808,0.044,0
P00116,p2p,2090,0.103,0
P00117,grocery,2864,0.09,0
P00118,travel,1640,0.035,0
P00119,food,2186,0.105,0
P00120,grocery,1852,0.146,0
P00121,food,2370,0.182,0
P00122,healthcare,1342,0.227,0
P00123,food,1753,0.045,0
P00124,telecom,249,0.135,0
P00125,food,1769,0.325,0
P00126,travel,1110,0.058,0
P00127,p2p,204,0.17,0
P00128,fuel,993,0.274,0
P00129,shopping,1094,0.082,0
P00130,grocery,485,0.013,0
P00131,grocery,2956,0.116,0
P00132,utilities,1474,0.279,0
P00133,utilities,845,0.163,0
P00134,fuel,1366,0.037,0
P00135,p2p,1683,0.331,0
P00136,food,928,0.201,0
P00137,entertainment,735,0.164,0
P00138,grocery,621,0.346,0
P00139,shopping,846,0.015,0
P00140,grocery,1852,0.095,0
P00141,utilities,2911,0.371,0
P00142,p2p,1889,0.142,0
P00143,grocery,2613,0.026,0
P00144,entertainment,283,0.287,0
P00145,grocery,2373,0.049,0
P00146,grocery,602,0.095,0
P00147,healthcare,455,0.113,0
P00148,shopping,2665,0.269,0
P00149,shopping,637,0.272,0
P00150,utilities,847,0.122,0
P00151,rent,619,0.167,0
P00152,utilities,1373,0.087,0
P00153,grocery,1207,0.121,0
P00154,entertainment,2892,0.131,0
P00155,entertainment,1695,0.307,0
P00156,p2p,2392,0.063,0
P00157,rent,2966,0.297,0
P00158,shopping,1256,0.165,0
P00159,fuel,389,0.127,0
P00160,travel,750,0.057,0
P00161,food,1538,0.045,0
P00162,grocery,765,0.054,0
P00163,grocery,855,0.108,0
P00164,rent,906,0.068,0
P00165,food,822,0.072,0
P00166,grocery,1748,0.276,0
P00167,food,2538,0.091,0
P00168,grocery,1333,0.105,0
P00169,grocery,2021,0.139,0
P00170,p2p,1357,0.04,0
P00171,grocery,302,0.141,0
P00172,fuel,2832,0.159,0
P00173,telecom,450,0.259,0
P00174,food,1549,0.205,0
P00175,shopping,400,0.139,0
P00176,p2p,1502,0.222,0
P00177,food,359,0.333,0
P00178,healthcare,2424,0.056,0
P00179,food,2658,0.228,0
P00180,utilities,373,0.235,0
P00181,travel,2043,0.243,0
P00182,travel,1879,0.227,0
P00183,entertainment,977,0.081,0
P00184,food,2977,0.237,0
P00185,fuel,2230,0.241,0
P00186,utilities,2739,0.106,0
P00187,travel,1054,0.05,0
P00188,food,255,0.058,0
P00189,food,987,0.132,0
P00190,telecom,2089,0.012,0
P00191,rent,1654,0.1,0
P00192,shopping,1319,0.069,0
P00193,shopping,2173,0.167,0
P00194,telecom,1571,0.083,0
P00195,p2p,494,0.035,0
P00196,food,1545,0.117,0
P00197,p2p,1798,0.107,0
P00198,grocery,669,0.116,0
P00199,food,2848,0.291,0
P00200,grocery,631,0.111,0
P00201,travel,1467,0.033,0
P00202,fuel,513,0.234,0
P00203,fuel,496,0.127,0
P00204,utilities,466,0.236,0
P00205,p2p,2737,0.185,0
P00206,fuel,2499,0.103,0
P00207,grocery,1062,0.056,0
P00208,p2p,1694,0.071,0
P00209,grocery,382,0.074,0
P00210,utilities,2610,0.251,0
P00211,entertainment,2200,0.011,0
P00212,grocery,1501,0.132,0
P00213,utilities,2157,0.126,0
P00214,p2p,2973,0.37,0
P00215,travel,2850,0.041,0
P00216,entertainment,1009,0.127,0
P00217,food,1007,0.144,0
P00218,food,1372,0.132,0
P00219,grocery,1214,0.033,0
P00220,healthcare,202,0.295,0
P00221,food,1527,0.029,0
P00222,food,1840,0.09,0
P00223,food,1162,0.057,0
P00224,food,1210,0.232,0
P00225,grocery,1487,0.046,0
P00226,fuel,1934,0.176,0
P00227,telecom,441,0.234,0
P00228,fuel,1815,0.009,0
P00229,grocery,2032,0.135,0
P00230,food,1099,0.083,0
P00231,telecom,2245,0.02,0
P00232,travel,1296,0.058,0
P00233,grocery,1055,0.185,0
P00234,p2p,664,0.098,0
P00235,travel,2978,0.25,0
P00236,grocery,347,0.072,0
P00237,entertainment,622,0.015,0
P00238,food,2586,0.1,0
P00239,grocery,1417,0.01,0
P00240,p2p,2369,0.046,0
P00241,grocery,1291,0.359,0
P00242,utilities,2470,0.005,0
P00243,p2p,392,0.186,0
P00244,fuel,996,0.274,0
P00245,shopping,581,0.316,0
P00246,grocery,312,0.015,0
P00247,p2p,1361,0.091,0
P00248,utilities,2928,0.186,0
P00249,telecom,2049,0.073,0
P00250,telecom,313,0.033,0
P00251,grocery,2222,0.092,0
P00252,grocery,1697,0.026,0
P00253,telecom,759,0.348,0
P00254,p2p,464,0.025,0
P00255,shopping,2903,0.502,0
P00256,utilities,2716,0.016,0
P00257,p2p,2228,0.087,0
P00258,food,1449,0.329,0
P00259,rent,313,0.113,0
P00260,shopping,861,0.148,0
P00261,p2p,2616,0.02,0
P00262,food,1929,0.22,0
P00263,shopping,1384,0.323,0
P00264,food,711,0.198,0
P00265,grocery,1848,0.163,0
P00266,fuel,1593,0.216,0
P00267,food,2215,0.105,0
P00268,fuel,1985,0.102,0
P00269,utilities,1476,0.263,0
P00270,travel,1986,0.063,0
P00271,fuel,327,0.064,0
P00272,food,2262,0.13,0
P00273,grocery,479,0.084,0
P00274,p2p,2876,0.189,0
P00275,fuel,2446,0.141,0
P00276,entertainment,612,0.089,0
P00277,p2p,777,0.058,0
P00278,fuel,1455,0.172,0
P00279,food,1223,0.289,0
P00280,p2p,566,0.078,0
P00281,rent,1520,0.119,0
P00282,grocery,1917,0.095,0
P00283,shopping,2337,0.062,0
P00284,p2p,1746,0.063,0
P00285,utilities,2297,0.385,0
P00286,food,950,0.192,0
P00287,utilities,366,0.063,0
P00288,food,2535,0.117,0
P00289,food,2888,0.038,0
P00290,food,973,0.107,0
P00291,food,2094,0.208,0
P00292,fuel,212,0.181,0
P00293,food,862,0.084,0
P00294,shopping,728,0.063,0
P00295,healthcare,400,0.038,0
P00296,food,888,0.088,0
P00297,healthcare,1708,0.152,0
P00298,telecom,2447,0.271,0
P00299,grocery,438,0.097,0
P00300,p2p,653,0.008,0
P00301,food,477,0.128,0
P00302,entertainment,1932,0.229,0
P00303,p2p,651,0.135,0
P00304,fuel,2298,0.28,0
P00305,food,2368,0.146,0
P00306,telecom,2262,0.115,0
P00307,shopping,2046,0.23,0
P00308,food,1527,0.116,0
P00309,food,898,0.025,0
P00310,grocery,2356,0.037,0
P00311,grocery,1466,0.087,0
P00312,grocery,1175,0.034,0
P00313,fuel,1346,0.361,0
P00314,entertainment,2381,0.129,0
P00315,utilities,371,0.256,0
P00316,shopping,1993,0.112,0
P00317,food,2518,0.059,0
P00318,rent,673,0.291,0
P00319,p2p,304,0.124,0
P00320,utilities,1966,0.222,0
P00321,food,1381,0.362,0
P00322,p2p,629,0.093,0
P00323,travel,2021,0.057,0
P00324,shopping,2747,0.358,0
P00325,travel,1766,0.054,0
P00326,food,2111,0.068,0
P00327,fuel,1713,0.318,0
P00328,shopping,1597,0.266,0
P00329,healthcare,1137,0.349,0
P00330,food,1581,0.024,0
P00331,entertainment,2186,0.115,0
P00332,shopping,290,0.183,0
P00333,food,899,0.098,0
P00334,food,2736,0.143,0
P00335,rent,224,0.289,0
P00336,food,2972,0.158,0
P00337,rent,1457,0.105,0
P00338,shopping,2958,0.169,0
P00339,entertainment,2461,0.064,0
P00340,utilities,1133,0.021,0
P00341,food,513,0.123,0
P00342,shopping,695,0.1,0
P00343,utilities,2089,0.25,0
P00344,grocery,1439,0.178,0
P00345,travel,594,0.079,0
P00346,fuel,2229,0.23,0
P00347,entertainment,1205,0.022,0
P00348,p2p,251,0.212,0
P00349,food,699,0.072,0
P00350,p2p,319,0.07,0
P00351,telecom,1651,0.144,0
P00352,telecom,2865,0.361,0
P00353,shopping,1546,0.315,0
P00354,entertainment,1368,0.018,0
P00355,telecom,565,0.312,0
P00356,telecom,2252,0.18,0
P00357,p2p,2398,0.065,0
P00358,rent,876,0.116,0
P00359,grocery,1362,0.209,0
P00360,fuel,1530,0.076,0
P00361,grocery,1188,0.082,0
P00362,grocery,2678,0.163,0
P00363,fuel,952,0.191,0
P00364,grocery,982,0.128,0
P00365,p2p,216,0.113,0
P00366,food,1257,0.06,0
P00367,grocery,2943,0.123,0
P00368,telecom,1883,0.404,0
P00369,grocery,2422,0.302,0
P00370,food,1141,0.035,0
P00371,grocery,2232,0.164,0
P00372,telecom,2847,0.122,0
P00373,p2p,657,0.168,0
P00374,rent,1455,0.097,0
P00375,food,2200,0.207,0
P00376,food,2104,0.424,0
P00377,shopping,944,0.111,0
P00378,grocery,798,0.425,0
P00379,telecom,833,0.12,0
P00380,grocery,1898,0.166,0
P00381,grocery,405,0.16,0
P00382,food,2797,0.131,0
P00383,food,1156,0.216,0
P00384,rent,1118,0.221,0
P00385,p2p,390,0.151,0
P00386,p2p,2341,0.196,0
P00387,travel,573,0.072,0
P00388,grocery,295,0.127,0
P00389,food,2919,0.101,0
P00390,utilities,1299,0.215,0
P00391,fuel,339,0.329,0
P00392,food,625,0.349,0
P00393,grocery,2794,0.154,0
P00394,telecom,1674,0.465,0
P00395,shopping,705,0.098,0
P00396,grocery,2484,0.043,0
P00397,shopping,1133,0.06,0
P00398,fuel,2210,0.096,0
P00399,telecom,1164,0.069,0
P00400,healthcare,1081,0.114,0
WALLET_PRV,wallet_topup,2000,0.05,0
E00402,salary,3000,0.02,0
E00403,salary,3000,0.02,0
E00404,salary,3000,0.02,0
E00405,salary,3000,0.02,0
E00406,salary,3000,0.02,0
E00407,salary,3000,0.02,0
E00408,salary,3000,0.02,0
E00409,salary,3000,0.02,0
E00410,salary,3000,0.02,0
E00411,salary,3000,0.02,0
E00412,salary,3000,0.02,0
E00413,salary,3000,0.02,0
E00414,salary,3000,0.02,0
E00415,salary,3000,0.02,0
E00416,salary,3000,0.02,0
E00417,salary,3000,0.02,0
E00418,salary,3000,0.02,0
E00419,salary,3000,0.02,0
E00420,salary,3000,0.02,0
E00421,salary,3000,0.02,0
E00422,salary,3000,0.02,0
E00423,salary,3000,0.02,0
E00424,salary,3000,0.02,0
E00425,salary,3000,0.02,0
E00426,salary,3000,0.02,0
E00427,salary,3000,0.02,0
E00428,salary,3000,0.02,0
E00429,salary,3000,0.02,0
E00430,salary,3000,0.02,0
E00431,salary,3000,0.02,0
E00432,salary,3000,0.02,0
E00433,salary,3000,0.02,0
E00434,salary,3000,0.02,0
E00435,salary,3000,0.02,0
E00436,salary,3000,0.02,0
E00437,salary,3000,0.02,0
E00438,salary,3000,0.02,0
E00439,salary,3000,0.02,0
E00440,salary,3000,0.02,0
E00441,salary,3000,0.02,0
M00442,p2p,9,0.939,1
M00443,p2p,27,0.371,1
M00444,p2p,21,0.518,1
M00445,p2p,15,0.387,1
M00446,p2p,13,0.561,1
P00447,rent,1770,0.22,0
P00448,shopping,1959,0.072,0
P00449,travel,759,0.27,0
P00450,shopping,1476,0.022,0
P00451,travel,1040,0.073,0
P00452,shopping,1242,0.052,0
P00453,travel,846,0.029,0
P00454,rent,928,0.144,0
P00455,rent,897,0.357,0
P00456,rent,1094,0.329,0
P00457,shopping,428,0.069,0
P00458,travel,1876,0.101,0
P00459,shopping,735,0.049,0
P00460,travel,1171,0.099,0
P00461,shopping,1712,0.265,0
P00462,rent,1792,0.063,0
P00463,travel,1768,0.034,0
P00464,shopping,1857,0.151,0
P00465,travel,449,0.034,0
P00466,travel,1558,0.163,0
P00467,travel,1777,0.111,0
P00468,shopping,1778,0.059,0
P00469,rent,1976,0.33,0
P00470,shopping,1481,0.249,0
P00471,rent,1584,0.257,0
P00472,rent,314,0.142,0
P00473,rent,1161,0.101,0
P00474,shopping,1182,0.033,0
P00475,shopping,1295,0.142,0
P00476,rent,817,0.19,0
P00477,travel,345,0.063,0
P00478,shopping,351,0.087,0
P00479,rent,1141,0.141,0
P00480,shopping,423,0.155,0
P00481,rent,958,0.146,0
P00482,rent,1122,0.141,0
P00483,travel,1058,0.1,0
P00484,rent,1588,0.143,0
P00485,rent,417,0.009,0
P00486,shopping,534,0.103,0
P00487,rent,1299,0.21,0
P00488,travel,1867,0.063,0
P00489,rent,1640,0.015,0
P00490,rent,1390,0.138,0
P00491,shopping,1716,0.024,0
P00492,rent,967,0.17,0
P00493,shopping,1971,0.377,0
P00494,travel,1621,0.115,0
P00495,shopping,961,0.233,0
P00496,rent,570,0.286,0
P00497,shopping,636,0.102,0
P00498,shopping,1753,0.026,0
P00499,travel,1853,0.084,0
P00500,travel,728,0.097,0
P00501,shopping,884,0.088,0
P00502,rent,902,0.027,0
P00503,rent,1659,0.13,0
P00504,travel,408,0.183,0
P00505,rent,1739,0.259,0
P00506,rent,1548,0.084,0
P00507,rent,549,0.091,0
P00508,shopping,1489,0.146,0
P00509,rent,1330,0.212,0
P00510,rent,1763,0.08,0
P00511,rent,1754,0.163,0
P00512,rent,1264,0.187,0
P00513,shopping,570,0.09,0
P00514,shopping,1045,0.07,0
P00515,rent,1070,0.048,0
P00516,travel,447,0.058,0
P00517,shopping,835,0.027,0
P00518,travel,1465,0.082,0
P00519,rent,1529,0.116,0
P00520,rent,551,0.299,0
P00521,shopping,780,0.323,0
P00522,travel,431,0.052,0
P00523,shopping,670,0.047,0
P00524,shopping,576,0.176,0
P00525,shopping,1808,0.145,0
P00526,rent,1891,0.111,0
P00527,travel,1209,0.369,0
P00528,travel,383,0.248,0
P00529,rent,1015,0.216,0
P00530,travel,1543,0.139,0
P00531,rent,1091,0.107,0
P00532,shopping,728,0.053,0
P00533,shopping,1923,0.131,0
P00534,travel,1206,0.256,0
P00535,travel,373,0.151,0
P00536,travel,1668,0.021,0
P00537,rent,869,0.447,0
P00538,rent,1583,0.041,0
P00539,rent,1666,0.039,0
P00540,shopping,707,0.016,0
P00541,travel,528,0.139,0
P00542,shopping,999,0.14,0
P00543,shopping,1770,0.162,0
P00544,travel,1364,0.02,0
P00545,travel,444,0.137,0
P00546,shopping,1627,0.309,0
P00547,rent,1307,0.274,0
P00548,rent,440,0.092,0
P00549,rent,1628,0.258,0
P00550,rent,1517,0.205,0
P00551,rent,721,0.069,0
P00552,travel,1360,0.046,0
P00553,shopping,444,0.07,0
P00554,travel,1126,0.261,0
P00555,travel,1800,0.258,0
P00556,shopping,1379,0.038,0
P00557,rent,868,0.232,0
P00558,shopping,864,0.062,0
P00559,rent,594,0.173,0
P00560,shopping,1237,0.276,0
P00561,shopping,841,0.036,0
P00562,rent,658,0.112,0
P00563,travel,613,0.345,0
P00564,travel,1724,0.148,0
P00565,rent,1281,0.226,0
P00566,shopping,1825,0.235,0
P00567,shopping,561,0.029,0
P00568,shopping,757,0.094,0
P00569,travel,1782,0.251,0
P00570,rent,1407,0.025,0
P00571,shopping,1752,0.025,0
P00572,travel,515,0.057,0
P00573,rent,1430,0.173,0
P00574,rent,529,0.1,0
P00575,rent,1315,0.106,0
P00576,shopping,1307,0.35,0
P00577,rent,1703,0.311,0
P00578,travel,626,0.163,0
P00579,travel,314,0.163,0
P00580,travel,1364,0.148,0
P00581,shopping,1048,0.107,0
P00582,rent,444,0.333,0
P00583,travel,461,0.081,0
P00584,rent,402,0.156,0
P00585,shopping,382,0.192,0
P00586,rent,999,0.218,0
P00587,shopping,1890,0.035,0
P00588,rent,1679,0.02,0
P00589,travel,1683,0.091,0
P00590,shopping,562,0.199,0
P00591,shopping,1783,0.078,0
P00592,rent,730,0.17,0
P00593,travel,1396,0.247,0
P00594,travel,1986,0.026,0
P00595,shopping,339,0.087,0
P00596,shopping,1594,0.265,0
P00597,p2p,12,0.437,0
P00598,p2p,354,0.62,0
P00599,p2p,19,0.277,0
P00600,p2p,25,0.472,0
P00601,p2p,280,0.205,0
P00602,p2p,5,0.644,0
P00603,p2p,27,0.591,0
P00604,p2p,26,0.558,0
P00605,p2p,18,0.731,0
P00606,p2p,30,0.586,0
P00607,p2p,23,0.657,0
P00608,p2p,24,0.115,0
P00609,p2p,28,0.533,0
P00610,p2p,2,0.922,0
P00611,p2p,5,0.557,0
P00612,p2p,23,0.512,0
P00613,p2p,6,0.244,0
P00614,p2p,17,0.405,0
P00615,p2p,1,0.454,0
P00616,p2p,16,0.298,0
P00617,p2p,4,0.348,0
P00618,p2p,17,0.623,0
P00619,p2p,3,0.689,0
P00620,p2p,3,0.684,0
P00621,p2p,12,0.683,0
P00622,p2p,22,0.491,0
P00623,p2p,12,0.289,0
P00624,p2p,22,0.428,0
P00625,p2p,28,0.391,0
P00626,p2p,5,0.337,0
P00627,p2p,20,0.271,0
P00628,p2p,24,0.497,0
P00629,p2p,12,0.587,0
P00630,p2p,233,0.243,0
P00631,p2p,5,0.56,0
P00632,p2p,10,0.53,0
P00633,p2p,3,0.588,0
P00634,p2p,20,0.227,0
P00635,p2p,105,0.384,0
P00636,p2p,14,0.383,0
P00637,p2p,9,0.663,0
P00638,p2p,28,0.168,0
P00639,p2p,19,0.582,0
P00640,p2p,3,0.671,0
P00641,p2p,9,0.685,0
P00642,p2p,23,0.231,0
P00643,p2p,26,0.705,0
P00644,p2p,259,0.303,0
P00645,p2p,29,0.835,0
P00646,p2p,14,0.671,0
P00647,p2p,25,0.521,0
P00648,p2p,29,0.476,0
P00649,p2p,12,0.485,0
P00650,p2p,18,0.59,0
P00651,p2p,30,0.46,0
P00652,p2p,18,0.521,0
P00653,p2p,18,0.58,0
P00654,p2p,27,0.334,0
P00655,p2p,22,0.563,0
P00656,p2p,141,0.54,0
P00657,p2p,19,0.787,0
P00658,p2p,10,0.668,0
P00659,p2p,4,0.788,0
P00660,p2p,3,0.534,0
P00661,p2p,28,0.588,0
P00662,p2p,14,0.131,0
P00663,p2p,183,0.472,0
P00664,p2p,9,0.387,0
P00665,p2p,155,0.453,0
P00666,p2p,12,0.466,0
P00667,p2p,22,0.477,0
P00668,p2p,14,0.578,0
P00669,p2p,1,0.535,0
P00670,p2p,285,0.411,0
P00671,p2p,13,0.521,0
P00672,p2p,29,0.375,0
P00673,p2p,16,0.685,0
P00674,p2p,6,0.483,0
P00675,p2p,4,0.554,0
P00676,p2p,23,0.59,0
P00677,p2p,8,0.707,0
P00678,p2p,22,0.464,0
P00679,p2p,2,0.416,0
P00680,p2p,2,0.557,0
P00681,p2p,9,0.359,0
P00682,p2p,119,0.632,0
P00683,p2p,5,0.61,0
P00684,p2p,10,0.68,0
P00685,p2p,268,0.265,0
P00686,p2p,5,0.359,0
P00687,p2p,5,0.369,0
P00688,p2p,16,0.49,0
P00689,p2p,26,0.556,0
P00690,p2p,28,0.665,0
P00691,p2p,3,0.537,0
P00692,p2p,340,0.208,0
P00693,p2p,23,0.376,0
P00694,p2p,1,0.851,0
P00695,p2p,318,0.27,0
P00696,p2p,7,0.405,0
P00697,p2p,8,0.28,0
P00698,p2p,11,0.301,0
P00699,p2p,13,0.244,0
P00700,p2p,21,0.373,0
P00701,p2p,5,0.618,0
P00702,p2p,24,0.282,0
P00703,p2p,29,0.297,0
P00704,p2p,4,0.829,0
P00705,p2p,18,0.626,0
P00706,p2p,2,0.277,0
P00707,p2p,17,0.2,0
P00708,p2p,1,0.505,0
P00709,p2p,6,0.849,0
P00710,p2p,6,0.7,0
P00711,p2p,12,0.687,0
P00712,p2p,2,0.397,0
P00713,p2p,6,0.27,0
P00714,p2p,16,0.171,0
P00715,p2p,121,0.324,0
P00716,p2p,10,0.604,0
P00717,p2p,7,0.6,0
P00718,p2p,351,0.677,0
P00719,p2p,6,0.711,0
P00720,p2p,215,0.367,0
P00721,p2p,26,0.507,0
P00722,p2p,25,0.591,0
P00723,p2p,27,0.648,0
P00724,p2p,20,0.416,0
P00725,p2p,13,0.611,0
P00726,p2p,28,0.171,0
P00727,p2p,3,0.476,0
P00728,p2p,198,0.172,0
P00729,p2p,14,0.397,0
P00730,p2p,25,0.343,0
P00731,p2p,3,0.567,0
P00732,p2p,27,0.679,0
P00733,p2p,1,0.665,0
P00734,p2p,12,0.323,0
P00735,p2p,30,0.523,0
P00736,p2p,27,0.44,0
P00737,p2p,2,0.405,0
P00738,p2p,22,0.58,0
P00739,p2p,14,0.49,0
P00740,p2p,8,0.403,0
P00741,p2p,6,0.449,0
P00742,p2p,13,0.535,0
P00743,p2p,12,0.577,0
P00744,p2p,20,0.264,0
P00745,p2p,5,0.527,0
P00746,p2p,29,0.608,0
P00747,p2p,1,0.378,0
P00748,p2p,4,0.442,0
P00749,p2p,138,0.221,0
P00750,p2p,270,0.289,0
P00751,p2p,12,0.738,0
P00752,p2p,28,0.553,0
P00753,p2p,6,0.602,0
P00754,p2p,239,0.334,0
P00755,p2p,20,0.492,0
P00756,p2p,5,0.437,0
P00757,p2p,13,0.588,0
P00758,p2p,295,0.376,0
P00759,p2p,29,0.21,0
P00760,p2p,5,0.527,0
P00761,p2p,106,0.438,0
P00762,p2p,11,0.254,0
P00763,p2p,5,0.272,0
P00764,p2p,12,0.848,0
P00765,p2p,11,0.391,0
P00766,p2p,397,0.294,0
P00767,p2p,15,0.439,0
P00768,p2p,12,0.499,0
P00769,p2p,14,0.491,0
P00770,p2p,21,0.752,0
P00771,p2p,64,0.574,0
P00772,p2p,25,0.453,0
P00773,p2p,214,0.512,0
P00774,p2p,27,0.616,0
P00775,p2p,22,0.512,0
P00776,p2p,78,0.174,0
P00777,p2p,18,0.501,0
P00778,p2p,15,0.64,0
P00779,p2p,18,0.625,0
P00780,p2p,6,0.35,0
P00781,p2p,334,0.647,0
P00782,p2p,10,0.486,0
P00783,p2p,21,0.43,0
P00784,p2p,14,0.34,0
P00785,p2p,197,0.625,0
P00786,p2p,10,0.585,0
P00787,p2p,11,0.392,0
P00788,p2p,75,0.271,0
P00789,p2p,23,0.432,0
P00790,p2p,292,0.527,0
P00791,p2p,30,0.183,0
P00792,p2p,12,0.574,0
P00793,p2p,101,0.259,0
P00794,p2p,19,0.578,0
P00795,p2p,13,0.436,0
P00796,p2p,15,0.413,0
P00797,p2p,1,0.329,0
P00798,p2p,7,0.702,0
P00799,p2p,21,0.519,0
P00800,p2p,137,0.575,0
P00801,p2p,6,0.505,0
P00802,p2p,60,0.591,0
P00803,p2p,26,0.671,0
P00804,p2p,8,0.527,0
P00805,p2p,1,0.355,0
P00806,p2p,29,0.375,0
P00807,p2p,30,0.622,0
P00808,p2p,22,0.713,0
P00809,p2p,21,0.218,0
P00810,p2p,13,0.916,0
P00811,p2p,16,0.587,0
P00812,p2p,14,0.332,0
P00813,p2p,11,0.091,0
P00814,p2p,8,0.52,0
P00815,p2p,113,0.236,0
P00816,p2p,23,0.108,0
P00817,p2p,10,0.237,0
P00818,p2p,3,0.536,0
P00819,p2p,29,0.502,0
P00820,p2p,148,0.408,0
P00821,p2p,25,0.397,0
P00822,p2p,5,0.504,0
P00823,p2p,23,0.514,0
P00824,p2p,11,0.767,0
P00825,p2p,187,0.482,0
P00826,p2p,18,0.72,0
P00827,p2p,7,0.211,0
P00828,p2p,20,0.542,0
P00829,p2p,30,0.557,0
P00830,p2p,9,0.244,0
P00831,p2p,15,0.542,0
P00832,p2p,8,0.263,0
P00833,p2p,3,0.377,0
P00834,p2p,11,0.439,0
P00835,p2p,20,0.355,0
P00836,p2p,314,0.178,0
P00837,p2p,18,0.261,0
P00838,p2p,4,0.219,0
P00839,p2p,2,0.599,0
P00840,p2p,5,0.689,0
P00841,p2p,3,0.153,0
P00842,p2p,24,0.424,0
P00843,p2p,15,0.746,0
P00844,p2p,2,0.525,0
P00845,p2p,17,0.486,0
P00846,p2p,5,0.525,0
P00847,p2p,113,0.327,0
P00848,p2p,13,0.474,0
P00849,p2p,332,0.411,0
P00850,p2p,336,0.361,0
P00851,p2p,27,0.324,0
P00852,p2p,28,0.569,0
P00853,p2p,9,0.246,0
P00854,p2p,317,0.252,0
P00855,p2p,3,0.613,0
P00856,p2p,2,0.171,0
P00857,p2p,7,0.646,0
P00858,p2p,22,0.464,0
P00859,p2p,7,0.387,0
P00860,p2p,3,0.367,0
P00861,p2p,30,0.687,0
P00862,p2p,6,0.455,0
P00863,p2p,1,0.634,0
P00864,p2p,19,0.329,0
P00865,p2p,25,0.398,0
P00866,p2p,6,0.54,0
P00867,p2p,19,0.319,0
P00868,p2p,199,0.199,0
P00869,p2p,11,0.637,0
P00870,p2p,8,0.425,0
P00871,p2p,69,0.269,0
P00872,p2p,14,0.59,0
P00873,p2p,142,0.353,0
P00874,p2p,28,0.627,0
P00875,p2p,6,0.528,0
P00876,p2p,71,0.714,0
P00877,p2p,228,0.417,0
P00878,p2p,24,0.483,0
P00879,p2p,7,0.526,0
P00880,p2p,20,0.189,0
P00881,p2p,14,0.599,0
P00882,p2p,7,0.7,0
P00883,p2p,10,0.711,0
P00884,p2p,11,0.485,0
P00885,p2p,13,0.443,0
P00886,p2p,28,0.341,0
P00887,p2p,1,0.578,0
P00888,p2p,1,0.751,0
P00889,p2p,8,0.605,0
P00890,p2p,107,0.328,0
P00891,p2p,9,0.261,0
P00892,p2p,385,0.161,0
P00893,p2p,21,0.639,0
P00894,p2p,29,0.595,0
P00895,p2p,5,0.48,0
P00896,p2p,30,0.418,0
P00897,p2p,5,0.592,0
P00898,p2p,26,0.354,0
P00899,p2p,18,0.65,0
P00900,p2p,4,0.418,0
P00901,p2p,19,0.422,0
P00902,p2p,3,0.453,0
P00903,p2p,12,0.369,0
P00904,p2p,29,0.659,0
P00905,p2p,16,0.753,0
P00906,p2p,6,0.589,0
P00907,p2p,2,0.189,0
P00908,p2p,28,0.694,0
P00909,p2p,13,0.46,0
P00910,p2p,11,0.202,0
P00911,p2p,4,0.635,0
P00912,p2p,5,0.467,0
P00913,p2p,134,0.363,0
P00914,p2p,21,0.619,0
P00915,p2p,310,0.599,0
P00916,p2p,169,0.325,0
P00917,p2p,14,0.302,0
P00918,p2p,4,0.527,0
P00919,p2p,19,0.455,0
P00920,p2p,29,0.23,0
P00921,p2p,9,0.57,0
P00922,p2p,6,0.597,0
P00923,p2p,12,0.466,0
P00924,p2p,3,0.504,0
P00925,p2p,18,0.391,0
P00926,p2p,16,0.553,0
P00927,p2p,8,0.323,0
P00928,p2p,25,0.361,0
P00929,p2p,6,0.55,0
P00930,p2p,20,0.637,0
P00931,p2p,3,0.323,0
P00932,p2p,26,0.514,0
P00933,p2p,13,0.379,0
P00934,p2p,1,0.546,0
P00935,p2p,19,0.458,0
P00936,p2p,9,0.659,0
P00937,p2p,221,0.165,0
P00938,p2p,335,0.564,0
P00939,p2p,27,0.717,0
P00940,p2p,5,0.42,0
P00941,p2p,121,0.338,0
P00942,p2p,22,0.851,0
P00943,p2p,26,0.464,0
P00944,p2p,26,0.285,0
P00945,p2p,27,0.442,0
P00946,p2p,161,0.257,0
P00947,p2p,21,0.442,0
P00948,p2p,14,0.458,0
P00949,p2p,13,0.601,0
P00950,p2p,17,0.52,0
P00951,p2p,6,0.363,0
P00952,p2p,24,0.294,0
P00953,p2p,21,0.481,0
P00954,p2p,1,0.782,0
P00955,p2p,6,0.683,0
P00956,p2p,12,0.388,0
P00957,p2p,25,0.549,0
P00958,p2p,30,0.448,0
P00959,p2p,25,0.388,0
P00960,p2p,21,0.283,0
P00961,p2p,13,0.483,0
P00962,p2p,16,0.482,0
P00963,p2p,20,0.551,0
P00964,p2p,2,0.509,0
P00965,p2p,24,0.82,0
P00966,p2p,28,0.299,0
P00967,p2p,116,0.575,0
P00968,p2p,4,0.731,0
P00969,p2p,18,0.61,0
P00970,p2p,2,0.949,0
P00971,p2p,13,0.44,0
P00972,p2p,15,0.511,0
P00973,p2p,17,0.508,0
P00974,p2p,2,0.318,0
P00975,p2p,16,0.4,0
P00976,p2p,3,0.439,0
P00977,p2p,207,0.503,0
P00978,p2p,30,0.568,0
P00979,p2p,7,0.775,0
P00980,p2p,29,0.487,0
P00981,p2p,251,0.228,0
P00982,p2p,21,0.666,0
P00983,p2p,83,0.501,0
P00984,p2p,29,0.44,0
P00985,p2p,3,0.557,0
P00986,p2p,8,0.587,0
P00987,p2p,26,0.523,0
P00988,p2p,2,0.574,0
P00989,p2p,23,0.559,0
P00990,p2p,16,0.573,0
P00991,p2p,6,0.535,0
P00992,p2p,8,0.697,0
P00993,p2p,21,0.461,0
P00994,p2p,7,0.495,0
P00995,p2p,4,0.793,0
P00996,p2p,161,0.327,0
P00997,p2p,141,0.106,0
P00998,p2p,14,0.282,0
P00999,p2p,16,0.727,0
P01000,p2p,19,0.385,0
P01001,p2p,17,0.269,0
P01002,p2p,17,0.672,0
P01003,p2p,17,0.254,0
P01004,p2p,28,0.435,0
P01005,p2p,70,0.18,0
P01006,p2p,11,0.718,0
P01007,p2p,6,0.607,0
P01008,p2p,12,0.768,0
P01009,p2p,11,0.282,0
P01010,p2p,25,0.351,0
P01011,p2p,8,0.455,0
P01012,p2p,15,0.452,0
P01013,p2p,13,0.448,0
P01014,p2p,25,0.346,0
P01015,p2p,10,0.503,0
P01016,p2p,24,0.321,0
P01017,p2p,4,0.531,0
P01018,p2p,2,0.684,0
P01019,p2p,23,0.312,0
P01020,p2p,30,0.481,0
P01021,p2p,29,0.314,0
P01022,p2p,14,0.699,0
P01023,p2p,22,0.456,0
P01024,p2p,6,0.566,0
P01025,p2p,15,0.487,0
P01026,p2p,3,0.345,0
P01027,p2p,15,0.757,0
P01028,p2p,9,0.424,0
P01029,p2p,170,0.386,0
P01030,p2p,12,0.569,0
P01031,p2p,24,0.345,0
P01032,p2p,12,0.593,0
P01033,p2p,1,0.712,0
P01034,p2p,12,0.519,0
P01035,p2p,2,0.507,0
P01036,p2p,15,0.602,0
P01037,investment,19,0.233,0
P01038,investment,30,0.576,0
P01039,investment,16,0.334,0
P01040,investment,14,0.581,0
P01041,investment,28,0.258,0
P01042,investment,19,0.285,0
P01043,investment,19,0.684,0
P01044,investment,8,0.385,0
P01045,investment,17,0.376,0
P01046,investment,24,0.552,0
P01047,investment,95,0.143,0
P01048,investment,19,0.354,0
P01049,investment,29,0.509,0
P01050,investment,6,0.802,0
P01051,investment,11,0.57,0
P01052,investment,11,0.437,0
P01053,investment,14,0.389,0
P01054,investment,26,0.273,0
P01055,investment,340,0.19,0
P01056,investment,9,0.542,0
P01057,investment,29,0.428,0
P01058,investment,30,0.542,0
P01059,investment,1,0.572,0
P01060,investment,5,0.367,0
P01061,investment,7,0.378,0
P01062,investment,5,0.602,0
P01063,investment,4,0.756,0
P01064,investment,14,0.752,0
P01065,investment,25,0.634,0
P01066,investment,200,0.374,0
P01067,investment,178,0.23,0
P01068,investment,7,0.589,0
P01069,investment,17,0.297,0
P01070,investment,9,0.466,0
P01071,investment,3,0.511,0
P01072,investment,9,0.643,0
P01073,investment,15,0.485,0
P01074,investment,24,0.492,0
P01075,investment,17,0.376,0
P01076,investment,27,0.318,0
P01077,investment,13,0.361,0
P01078,investment,26,0.261,0
P01079,investment,18,0.493,0
P01080,investment,17,0.187,0
P01081,investment,10,0.764,0
P01082,investment,16,0.399,0
P01083,investment,17,0.531,0
P01084,investment,19,0.114,0
P01085,investment,22,0.226,0
P01086,investment,12,0.381,0
P01087,investment,11,0.417,0
P01088,investment,7,0.441,0
P01089,investment,27,0.365,0
P01090,investment,5,0.506,0
P01091,investment,7,0.699,0
P01092,investment,28,0.33,0
P01093,investment,3,0.091,0
P01094,investment,5,0.525,0
P01095,investment,3,0.634,0
P01096,investment,108,0.4,0
P01097,p2p,620,0.342,0
P01098,p2p,789,0.199,0
P01099,p2p,1001,0.128,0
P01100,p2p,1458,0.328,0
P01101,p2p,397,0.077,0
P01102,p2p,350,0.153,0
P01103,p2p,324,0.33,0
P01104,p2p,450,0.076,0
P01105,p2p,389,0.172,0
P01106,p2p,1380,0.305,0
P01107,p2p,975,0.036,0
P01108,p2p,510,0.032,0
P01109,p2p,425,0.422,0
P01110,p2p,754,0.145,0
P01111,p2p,409,0.176,0
P01112,p2p,991,0.156,0
P01113,p2p,386,0.344,0
P01114,p2p,1306,0.249,0
P01115,p2p,757,0.115,0
P01116,p2p,1028,0.224,0
P01117,p2p,505,0.176,0
P01118,p2p,1311,0.276,0
P01119,p2p,580,0.059,0
P01120,p2p,308,0.134,0
P01121,p2p,852,0.148,0
P01122,p2p,1023,0.275,0
P01123,p2p,812,0.047,0
P01124,p2p,1041,0.283,0
P01125,p2p,524,0.265,0
P01126,p2p,302,0.101,0
P01127,p2p,822,0.423,0
P01128,p2p,323,0.359,0
P01129,p2p,507,0.126,0
P01130,p2p,473,0.382,0
P01131,p2p,999,0.138,0
P01132,p2p,652,0.051,0
P01133,p2p,1358,0.055,0
P01134,p2p,1411,0.104,0
P01135,p2p,1046,0.126,0
P01136,p2p,116,0.317,0
P01137,p2p,993,0.217,0
P01138,p2p,1375,0.366,0
P01139,p2p,288,0.117,0
P01140,p2p,535,0.116,0
P01141,p2p,560,0.131,0
P01142,p2p,299,0.273,0
P01143,p2p,395,0.369,0
P01144,p2p,958,0.112,0
P01145,p2p,859,0.167,0
P01146,p2p,538,0.174,0
P01147,p2p,815,0.18,0
P01148,p2p,1021,0.248,0
P01149,p2p,1446,0.225,0
P01150,p2p,560,0.214,0
P01151,p2p,950,0.305,0
P01152,p2p,1309,0.342,0
P01153,p2p,510,0.161,0
P01154,p2p,471,0.401,0
P01155,p2p,353,0.12,0
P01156,p2p,1012,0.133,0
P01157,p2p,1431,0.211,0
P01158,p2p,1299,0.239,0
P01159,p2p,523,0.368,0
P01160,p2p,1436,0.303,0
P01161,p2p,1310,0.188,0
P01162,p2p,179,0.161,0
P01163,p2p,1483,0.059,0
P01164,p2p,487,0.096,0
P01165,p2p,865,0.385,0
P01166,p2p,856,0.08,0
P01167,p2p,790,0.334,0
P01168,p2p,832,0.1,0
P01169,p2p,120,0.066,0
P01170,p2p,849,0.094,0
P01171,p2p,832,0.459,0
P01172,p2p,979,0.476,0
P01173,p2p,476,0.044,0
P01174,p2p,596,0.212,0
P01175,p2p,1162,0.059,0
P01176,p2p,1072,0.185,0
P01177,p2p,769,0.406,0
P01178,p2p,110,0.113,0
P01179,p2p,373,0.089,0
P01180,p2p,300,0.171,0
P01181,p2p,550,0.189,0
P01182,p2p,143,0.054,0
P01183,p2p,1092,0.364,0
P01184,p2p,141,0.057,0
P01185,p2p,627,0.12,0
P01186,p2p,524,0.286,0
P01187,p2p,305,0.201,0
P01188,p2p,1010,0.19,0
P01189,p2p,891,0.212,0
P01190,p2p,1291,0.113,0
P01191,p2p,587,0.026,0
P01192,p2p,400,0.122,0
P01193,p2p,485,0.139,0
P01194,p2p,1471,0.298,0
P01195,p2p,1452,0.128,0
P01196,p2p,1437,0.344,0
P01197,p2p,967,0.332,0
P01198,p2p,251,0.078,0
P01199,p2p,341,0.435,0
P01200,p2p,826,0.353,0
P01201,p2p,951,0.09,0
P01202,p2p,236,0.049,0
P01203,p2p,1128,0.441,0
P01204,p2p,1335,0.252,0
P01205,p2p,906,0.025,0
P01206,p2p,1411,0.169,0
P01207,p2p,1346,0.294,0
P01208,p2p,824,0.139,0
P01209,p2p,394,0.222,0
P01210,p2p,158,0.021,0
P01211,p2p,654,0.336,0
P01212,p2p,943,0.223,0
P01213,p2p,1290,0.479,0
P01214,p2p,835,0.393,0
P01215,p2p,953,0.053,0
P01216,p2p,1459,0.237,0
P01217,p2p,441,0.375,0
P01218,p2p,189,0.046,0
P01219,p2p,412,0.047,0
P01220,p2p,628,0.256,0
P01221,p2p,1020,0.234,0
P01222,p2p,1130,0.103,0
P01223,p2p,1376,0.354,0
P01224,p2p,1144,0.246,0
P01225,p2p,290,0.283,0
P01226,p2p,648,0.075,0
P01227,p2p,1213,0.056,0
P01228,p2p,1015,0.11,0
P01229,p2p,587,0.13,0
P01230,p2p,455,0.027,0
P01231,p2p,669,0.151,0
P01232,p2p,119,0.062,0
P01233,p2p,1476,0.05,0
P01234,p2p,1168,0.328,0
P01235,p2p,749,0.357,0
P01236,p2p,1072,0.173,0
P01237,p2p,1018,0.283,0
P01238,p2p,121,0.283,0
P01239,p2p,565,0.054,0
P01240,p2p,1330,0.045,0
P01241,p2p,506,0.318,0
P01242,p2p,662,0.293,0
P01243,p2p,664,0.384,0
P01244,p2p,1268,0.211,0
P01245,p2p,501,0.315,0
P01246,p2p,1214,0.148,0
P01247,p2p,223,0.32,0
P01248,p2p,570,0.006,0
P01249,p2p,378,0.066,0
P01250,p2p,1133,0.194,0
P01251,p2p,951,0.587,0
P01252,p2p,1322,0.25,0
P01253,p2p,176,0.214,0
P01254,p2p,349,0.248,0
P01255,p2p,694,0.252,0
P01256,p2p,866,0.254,0
P01257,p2p,231,0.01,0
P01258,p2p,373,0.13,0
P01259,p2p,1296,0.214,0
P01260,p2p,180,0.224,0
P01261,p2p,1032,0.188,0
P01262,p2p,782,0.076,0
P01263,p2p,763,0.225,0
P01264,p2p,627,0.274,0
P01265,p2p,652,0.216,0
P01266,p2p,1423,0.052,0
P01267,p2p,1112,0.407,0
P01268,p2p,1340,0.144,0
P01269,p2p,1044,0.341,0
P01270,p2p,744,0.177,0
P01271,p2p,913,0.13,0
P01272,p2p,543,0.121,0
P01273,p2p,379,0.211,0
P01274,p2p,845,0.184,0
P01275,p2p,1446,0.191,0
P01276,p2p,803,0.164,0
P01277,p2p,1444,0.133,0
P01278,p2p,1399,0.264,0
P01279,p2p,536,0.048,0
P01280,p2p,207,0.269,0
P01281,p2p,117,0.115,0
P01282,p2p,977,0.251,0
P01283,p2p,1341,0.186,0
P01284,p2p,1333,0.35,0
P01285,p2p,286,0.16,0
P01286,p2p,194,0.043,0
P01287,p2p,1475,0.086,0
P01288,p2p,1009,0.185,0
P01289,p2p,1361,0.252,0
P01290,p2p,389,0.243,0
P01291,p2p,1442,0.04,0
P01292,p2p,1135,0.194,0
P01293,p2p,108,0.165,0
P01294,p2p,733,0.252,0
P01295,p2p,233,0.035,0
P01296,p2p,897,0.059,0
P01297,p2p,1006,0.106,0
P01298,p2p,398,0.161,0
P01299,p2p,1023,0.077,0
P01300,p2p,455,0.397,0
P01301,p2p,997,0.167,0
P01302,p2p,142,0.012,0
P01303,p2p,769,0.213,0
P01304,p2p,1204,0.193,0
P01305,p2p,108,0.254,0
P01306,p2p,956,0.187,0
P01307,p2p,880,0.381,0
P01308,p2p,870,0.202,0
P01309,p2p,450,0.384,0
P01310,p2p,323,0.121,0
P01311,p2p,1089,0.162,0
P01312,p2p,1427,0.171,0
P01313,p2p,207,0.259,0
P01314,p2p,679,0.168,0
P01315,p2p,1221,0.294,0
P01316,p2p,604,0.329,0
P01317,p2p,1021,0.085,0
P01318,p2p,1386,0.258,0
P01319,p2p,1129,0.202,0
P01320,p2p,1231,0.031,0
P01321,p2p,1110,0.378,0
P01322,p2p,402,0.128,0
P01323,p2p,739,0.076,0
P01324,p2p,500,0.218,0
P01325,p2p,579,0.175,0
P01326,p2p,1198,0.388,0
P01327,p2p,147,0.099,0
P01328,p2p,128,0.043,0
P01329,p2p,1368,0.098,0
P01330,p2p,1218,0.11,0
P01331,p2p,355,0.099,0
P01332,p2p,1187,0.182,0
P01333,p2p,123,0.2,0
P01334,p2p,823,0.333,0
P01335,p2p,787,0.058,0
P01336,p2p,381,0.052,0
P01337,p2p,1101,0.112,0
P01338,p2p,108,0.025,0
P01339,p2p,621,0.139,0
P01340,p2p,1370,0.184,0
P01341,p2p,1068,0.113,0
P01342,p2p,824,0.149,0
P01343,p2p,1024,0.228,0
P01344,p2p,16,0.683,0
P01345,p2p,337,0.347,0
P01346,p2p,14,0.607,0
P01347,p2p,2,0.647,0
P01348,p2p,364,0.306,0
P01349,p2p,30,0.719,0
P01350,p2p,371,0.499,0
P01351,p2p,26,0.606,0
P01352,p2p,1,0.873,0
P01353,p2p,8,0.453,0
P01354,p2p,13,0.511,0
P01355,p2p,183,0.199,0
P01356,p2p,25,0.587,0
P01357,p2p,166,0.413,0
P01358,p2p,12,0.521,0
P01359,p2p,98,0.583,0
P01360,p2p,13,0.464,0
P01361,p2p,7,0.785,0
P01362,p2p,20,0.476,0
P01363,p2p,23,0.451,0
P01364,p2p,20,0.63,0
P01365,p2p,13,0.425,0
P01366,p2p,12,0.657,0
P01367,p2p,15,0.496,0
P01368,p2p,24,0.249,0
P01369,p2p,8,0.336,0
P01370,p2p,26,0.446,0
P01371,p2p,11,0.435,0
P01372,p2p,27,0.498,0
P01373,p2p,265,0.511,0
P01374,p2p,9,0.63,0
P01375,p2p,1,0.421,0
P01376,p2p,10,0.6,0
P01377,p2p,28,0.383,0
P01378,p2p,20,0.676,0
P01379,p2p,15,0.746,0
P01380,p2p,14,0.419,0
P01381,p2p,18,0.364,0
P01382,p2p,364,0.309,0
P01383,p2p,14,0.64,0
P01384,p2p,19,0.853,0
P01385,p2p,16,0.575,0
P01386,p2p,28,0.505,0
P01387,p2p,19,0.4,0
P01388,p2p,6,0.539,0
P01389,p2p,376,0.402,0
P01390,p2p,16,0.598,0
P01391,p2p,22,0.607,0
P01392,p2p,19,0.272,0
P01393,p2p,15,0.302,0
P01394,p2p,21,0.334,0
P01395,p2p,18,0.558,0
P01396,p2p,18,0.595,0
P01397,p2p,13,0.698,0
P01398,p2p,15,0.299,0
P01399,p2p,1,0.404,0
P01400,p2p,5,0.388,0
P01401,p2p,116,0.385,0
P01402,p2p,30,0.827,0
P01403,p2p,233,0.197,0
P01404,p2p,8,0.318,0
P01405,p2p,379,0.348,0
P01406,p2p,15,0.692,0
P01407,p2p,16,0.455,0
P01408,p2p,29,0.56,0
P01409,p2p,135,0.685,0
P01410,p2p,25,0.327,0
P01411,p2p,2,0.588,0
P01412,p2p,2,0.572,0
P01413,p2p,17,0.243,0
P01414,p2p,2,0.67,0
P01415,p2p,23,0.514,0
P01416,p2p,27,0.298,0
P01417,p2p,10,0.621,0
P01418,p2p,4,0.668,0
P01419,p2p,18,0.246,0
P01420,p2p,16,0.293,0
P01421,p2p,293,0.099,0
P01422,p2p,11,0.496,0
P01423,p2p,10,0.439,0
P01424,p2p,19,0.528,0
P01425,p2p,24,0.748,0
P01426,p2p,14,0.34,0
P01427,p2p,6,0.429,0
P01428,p2p,176,0.237,0
P01429,p2p,4,0.452,0
P01430,p2p,4,0.684,0
P01431,p2p,5,0.475,0
P01432,p2p,370,0.561,0
P01433,p2p,17,0.584,0
P01434,p2p,3,0.445,0
P01435,p2p,26,0.401,0
P01436,p2p,24,0.521,0
P01437,p2p,19,0.56,0
P01438,p2p,8,0.553,0
P01439,p2p,155,0.443,0
P01440,p2p,26,0.41,0
P01441,p2p,30,0.756,0
P01442,p2p,22,0.585,0
P01443,p2p,11,0.358,0
P01444,p2p,17,0.548,0
P01445,p2p,25,0.572,0
P01446,p2p,25,0.362,0
P01447,p2p,5,0.672,0
P01448,p2p,13,0.308,0
P01449,p2p,20,0.276,0
P01450,p2p,18,0.534,0
P01451,p2p,17,0.649,0
P01452,p2p,8,0.477,0
P01453,p2p,23,0.083,0
P01454,p2p,21,0.555,0
P01455,p2p,25,0.305,0
P01456,p2p,11,0.564,0
P01457,p2p,28,0.702,0
P01458,p2p,195,0.121,0
P01459,p2p,27,0.478,0
P01460,p2p,298,0.554,0
P01461,p2p,130,0.511,0
P01462,p2p,74,0.292,0
P01463,p2p,9,0.184,0
P01464,p2p,21,0.531,0
P01465,p2p,6,0.612,0
P01466,p2p,22,0.446,0
P01467,p2p,19,0.256,0
P01468,p2p,18,0.575,0
P01469,p2p,342,0.353,0
P01470,p2p,27,0.361,0
P01471,p2p,8,0.455,0
P01472,p2p,20,0.341,0
P01473,p2p,8,0.438,0
P01474,p2p,18,0.505,0
P01475,p2p,30,0.462,0
P01476,p2p,22,0.349,0
P01477,p2p,25,0.559,0
P01478,p2p,25,0.778,0
P01479,p2p,214,0.491,0
P01480,p2p,19,0.595,0
P01481,p2p,9,0.322,0
P01482,p2p,26,0.503,0
P01483,p2p,10,0.535,0
P01484,p2p,29,0.572,0
P01485,p2p,19,0.732,0
P01486,p2p,26,0.397,0
P01487,p2p,28,0.722,0
P01488,p2p,21,0.481,0
P01489,p2p,29,0.347,0
P01490,p2p,6,0.483,0
P01491,p2p,7,0.628,0
P01492,p2p,25,0.684,0
P01493,p2p,20,0.815,0
P01494,p2p,238,0.507,0
P01495,p2p,12,0.414,0
P01496,p2p,12,0.271,0
P01497,p2p,2,0.236,0
P01498,p2p,6,0.469,0
P01499,p2p,15,0.154,0
P01500,p2p,16,0.572,0
P01501,p2p,17,0.291,0
P01502,p2p,12,0.573,0
P01503,p2p,18,0.753,0
P01504,p2p,21,0.34,0
P01505,p2p,27,0.569,0
P01506,p2p,17,0.612,0
P01507,p2p,16,0.715,0
P01508,p2p,24,0.706,0
P01509,p2p,202,0.326,0
P01510,p2p,17,0.64,0
P01511,p2p,2,0.672,0
P01512,p2p,21,0.532,0
P01513,p2p,11,0.546,0
P01514,p2p,26,0.652,0
P01515,p2p,21,0.585,0
P01516,p2p,19,0.766,0
P01517,p2p,29,0.402,0
P01518,p2p,10,0.42,0
P01519,p2p,9,0.29,0
P01520,p2p,2,0.506,0
P01521,p2p,6,0.391,0
P01522,p2p,23,0.564,0
P01523,p2p,22,0.603,0
P01524,p2p,20,0.633,0
P01525,p2p,12,0.56,0
P01526,p2p,4,0.3,0
P01527,p2p,24,0.633,0
P01528,p2p,78,0.504,0
P01529,p2p,19,0.492,0
P01530,p2p,3,0.325,0
P01531,p2p,11,0.454,0
P01532,p2p,20,0.35,0
P01533,p2p,25,0.565,0
P01534,p2p,375,0.689,0
P01535,p2p,7,0.503,0
P01536,p2p,87,0.467,0
P01537,p2p,5,0.624,0
P01538,p2p,7,0.115,0
P01539,p2p,246,0.361,0
P01540,p2p,7,0.467,0
P01541,p2p,2,0.264,0
P01542,p2p,18,0.459,0
P01543,p2p,25,0.59,0
P01544,p2p,16,0.852,0
P01545,p2p,146,0.281,0
P01546,p2p,28,0.606,0
P01547,p2p,15,0.448,0
P01548,p2p,1,0.343,0
P01549,p2p,17,0.355,0
P01550,p2p,9,0.295,0
P01551,p2p,5,0.332,0
P01552,p2p,29,0.56,0
P01553,p2p,9,0.229,0
P01554,p2p,16,0.579,0
P01555,p2p,18,0.284,0
P01556,p2p,3,0.706,0
P01557,p2p,17,0.412,0
P01558,p2p,81,0.558,0
P01559,p2p,11,0.594,0
P01560,p2p,21,0.471,0
P01561,p2p,4,0.658,0
P01562,p2p,3,0.323,0
P01563,p2p,26,0.417,0
P01564,p2p,29,0.255,0
P01565,p2p,27,0.18,0
P01566,p2p,10,0.534,0
P01567,p2p,5,0.585,0
P01568,p2p,20,0.674,0
P01569,p2p,15,0.686,0
P01570,p2p,26,0.441,0
P01571,p2p,250,0.649,0
P01572,p2p,30,0.308,0
P01573,p2p,20,0.54,0
P01574,p2p,11,0.531,0
P01575,p2p,373,0.149,0
P01576,p2p,12,0.622,0
P01577,p2p,26,0.359,0
P01578,p2p,25,0.176,0
P01579,p2p,206,0.38,0
P01580,p2p,302,0.505,0
P01581,p2p,19,0.332,0
P01582,p2p,10,0.395,0
P01583,p2p,14,0.609,0
P01584,p2p,161,0.601,0
P01585,p2p,22,0.341,0
P01586,p2p,294,0.57,0
P01587,p2p,2,0.252,0
P01588,p2p,308,0.534,0
P01589,p2p,98,0.548,0
P01590,p2p,30,0.748,0
P01591,p2p,19,0.371,0
P01592,p2p,28,0.361,0
P01593,p2p,11,0.808,0
P01594,p2p,104,0.406,0
P01595,p2p,26,0.518,0
P01596,p2p,6,0.503,0
P01597,p2p,167,0.386,0
P01598,p2p,12,0.396,0
P01599,p2p,26,0.624,0
P01600,p2p,30,0.421,0
P01601,p2p,28,0.796,0
P01602,p2p,18,0.275,0
P01603,p2p,17,0.513,0
P01604,p2p,229,0.139,0
P01605,p2p,11,0.649,0
P01606,p2p,30,0.616,0
