loan_id,due_date,paid_date,status,days_past_due
L0001,2026-08-25,2026-08-24,on_time,0
L0001,2026-07-26,2026-07-25,on_time,0
L0001,2026-06-26,2026-06-26,on_time,0
L0001,2026-05-27,2026-05-27,on_time,0
L0002,2026-08-18,2026-08-18,on_time,0
L0002,2026-07-19,2026-07-17,on_time,0
L0002,2026-06-19,2026-06-19,on_time,0
L0002,2026-05-20,2026-05-19,on_time,0
L0003,2026-09-05,2026-09-05,on_time,0
L0003,2026-08-06,2026-08-04,on_time,0
L0003,2026-07-07,2026-07-07,on_time,0
L0003,2026-06-07,2026-06-05,on_time,0
L0004,2026-08-24,2026-08-23,on_time,0
L0004,2026-07-25,2026-07-30,late,5
L0004,2026-06-25,2026-06-24,on_time,0
L0004,2026-05-26,2026-05-26,on_time,0
L0005,2026-08-18,2026-08-17,on_time,0
L0005,2026-07-19,2026-07-18,on_time,0
L0005,2026-06-19,2026-06-19,on_time,0
L0005,2026-05-20,2026-05-19,on_time,0
L0006,2026-08-23,2026-08-21,on_time,0
L0006,2026-07-24,2026-07-24,on_time,0
L0006,2026-06-24,2026-06-24,on_time,0
L0006,2026-05-25,2026-05-25,on_time,0
L0007,2026-08-22,2026-08-20,on_time,0
L0007,2026-07-23,2026-07-21,on_time,0
L0007,2026-06-23,2026-06-21,on_time,0
L0007,2026-05-24,2026-05-24,on_time,0
L0008,2026-08-22,2026-08-22,on_time,0
L0008,2026-07-23,2026-07-21,on_time,0
L0008,2026-06-23,2026-06-21,on_time,0
L0008,2026-05-24,2026-05-24,on_time,0
L0009,2026-08-22,2026-08-22,on_time,0
L0009,2026-07-23,2026-07-21,on_time,0
L0009,2026-06-23,2026-06-21,on_time,0
L0009,2026-05-24,2026-05-24,on_time,0
L0010,2026-09-11,2026-09-09,on_time,0
L0010,2026-08-12,2026-08-12,on_time,0
L0010,2026-07-13,2026-07-12,on_time,0
L0010,2026-06-13,2026-06-11,on_time,0
L0011,2026-08-23,2026-09-02,late,10
L0011,2026-07-24,2026-08-05,late,12
L0011,2026-06-24,2026-06-24,on_time,0
L0011,2026-05-25,2026-05-24,on_time,0
L0012,2026-09-03,2026-09-03,on_time,0
L0012,2026-08-04,2026-08-09,late,5
L0012,2026-07-05,2026-07-04,on_time,0
L0012,2026-06-05,2026-06-03,on_time,0
L0013,2026-08-19,2026-08-19,on_time,0
L0013,2026-07-20,2026-07-20,on_time,0
L0013,2026-06-20,2026-06-19,on_time,0
L0013,2026-05-21,2026-05-20,on_time,0
L0014,2026-09-06,2026-09-04,on_time,0
L0014,2026-08-07,2026-08-06,on_time,0
L0014,2026-07-08,2026-07-06,on_time,0
L0014,2026-06-08,2026-06-08,on_time,0
L0015,2026-09-03,2026-09-03,on_time,0
L0015,2026-08-04,2026-08-02,on_time,0
L0015,2026-07-05,2026-07-05,on_time,0
L0015,2026-06-05,2026-06-05,on_time,0
L0016,2026-09-04,2026-09-14,late,10
L0016,2026-08-05,2026-08-27,late,22
L0016,2026-07-06,2026-07-06,on_time,0
L0016,2026-06-06,2026-06-04,on_time,0
L0017,2026-09-01,2026-08-30,on_time,0
L0017,2026-08-02,2026-08-02,on_time,0
L0017,2026-07-03,2026-07-01,on_time,0
L0017,2026-06-03,2026-06-02,on_time,0
L0018,2026-09-07,2026-09-06,on_time,0
L0018,2026-08-08,2026-08-06,on_time,0
L0018,2026-07-09,2026-07-09,on_time,0
L0018,2026-06-09,2026-06-09,on_time,0
L0019,2026-08-30,2026-08-29,on_time,0
L0019,2026-07-31,2026-07-29,on_time,0
L0019,2026-07-01,2026-06-30,on_time,0
L0019,2026-06-01,2026-05-31,on_time,0
L0020,2026-09-12,2026-09-11,on_time,0
L0020,2026-08-13,2026-08-11,on_time,0
L0020,2026-07-14,2026-07-14,on_time,0
L0020,2026-06-14,2026-06-12,on_time,0
L0021,2026-08-30,2026-08-28,on_time,0
L0021,2026-07-31,2026-07-30,on_time,0
L0021,2026-07-01,2026-06-30,on_time,0
L0021,2026-06-01,2026-06-01,on_time,0
L0022,2026-08-24,2026-08-24,on_time,0
L0022,2026-07-25,2026-07-23,on_time,0
L0022,2026-06-25,2026-06-25,on_time,0
L0022,2026-05-26,2026-05-25,on_time,0
L0023,2026-08-17,2026-08-15,on_time,0
L0023,2026-07-18,2026-07-16,on_time,0
L0023,2026-06-18,2026-06-16,on_time,0
L0023,2026-05-19,2026-05-18,on_time,0
L0024,2026-09-09,2026-09-09,on_time,0
L0024,2026-08-10,2026-08-08,on_time,0
L0024,2026-07-11,2026-07-11,on_time,0
L0024,2026-06-11,2026-06-11,on_time,0
L0025,2026-09-03,2026-09-03,on_time,0
L0025,2026-08-04,2026-08-04,on_time,0
L0025,2026-07-05,2026-07-04,on_time,0
L0025,2026-06-05,2026-06-07,late,2
L0026,2026-08-19,2026-08-18,on_time,0
L0026,2026-07-20,2026-07-19,on_time,0
L0026,2026-06-20,2026-06-18,on_time,0
L0026,2026-05-21,2026-05-21,on_time,0
L0027,2026-08-16,2026-08-15,on_time,0
L0027,2026-07-17,2026-07-17,on_time,0
L0027,2026-06-17,2026-06-16,on_time,0
L0027,2026-05-18,2026-05-18,on_time,0
L0028,2026-08-17,2026-08-16,on_time,0
L0028,2026-07-18,2026-07-18,on_time,0
L0028,2026-06-18,2026-06-16,on_time,0
L0028,2026-05-19,2026-05-17,on_time,0
L0029,2026-08-25,2026-09-11,late,17
L0029,2026-07-26,2026-07-30,late,4
L0029,2026-06-26,2026-06-25,on_time,0
L0029,2026-05-27,2026-05-25,on_time,0
L0030,2026-08-16,2026-08-16,on_time,0
L0030,2026-07-17,2026-07-17,on_time,0
L0030,2026-06-17,2026-06-16,on_time,0
L0030,2026-05-18,2026-05-16,on_time,0
L0031,2026-08-30,2026-08-29,on_time,0
L0031,2026-07-31,2026-07-29,on_time,0
L0031,2026-07-01,2026-06-29,on_time,0
L0031,2026-06-01,2026-05-31,on_time,0
L0032,2026-09-08,2026-09-07,on_time,0
L0032,2026-08-09,2026-08-08,on_time,0
L0032,2026-07-10,2026-07-09,on_time,0
L0032,2026-06-10,2026-06-08,on_time,0
L0033,2026-08-27,2026-09-01,late,5
L0033,2026-07-28,2026-08-04,late,7
L0033,2026-06-28,2026-06-26,on_time,0
L0033,2026-05-29,2026-05-29,on_time,0
L0034,2026-08-23,2026-08-21,on_time,0
L0034,2026-07-24,2026-07-22,on_time,0
L0034,2026-06-24,2026-06-23,on_time,0
L0034,2026-05-25,2026-05-23,on_time,0
L0035,2026-08-29,2026-08-27,on_time,0
L0035,2026-07-30,2026-07-30,on_time,0
L0035,2026-06-30,2026-06-29,on_time,0
L0035,2026-05-31,2026-05-30,on_time,0
L0036,2026-09-06,2026-09-05,on_time,0
L0036,2026-08-07,2026-08-06,on_time,0
L0036,2026-07-08,2026-07-07,on_time,0
L0036,2026-06-08,2026-06-06,on_time,0
L0037,2026-08-27,2026-08-25,on_time,0
L0037,2026-07-28,2026-07-28,on_time,0
L0037,2026-06-28,2026-06-27,on_time,0
L0037,2026-05-29,2026-05-29,on_time,0
L0038,2026-09-04,2026-09-02,on_time,0
L0038,2026-08-05,2026-08-04,on_time,0
L0038,2026-07-06,2026-07-11,late,5
L0038,2026-06-06,2026-06-04,on_time,0
L0039,2026-09-06,2026-09-04,on_time,0
L0039,2026-08-07,2026-08-06,on_time,0
L0039,2026-07-08,2026-07-08,on_time,0
L0039,2026-06-08,2026-06-06,on_time,0
L0040,2026-08-29,2026-09-14,late,16
L0040,2026-07-30,2026-07-29,on_time,0
L0040,2026-06-30,2026-06-29,on_time,0
L0040,2026-05-31,2026-05-31,on_time,0
L0041,2026-08-28,2026-08-26,on_time,0
L0041,2026-07-29,2026-07-27,on_time,0
L0041,2026-06-29,2026-06-27,on_time,0
L0041,2026-05-30,2026-05-30,on_time,0
L0042,2026-08-23,2026-08-21,on_time,0
L0042,2026-07-24,2026-07-22,on_time,0
L0042,2026-06-24,2026-06-22,on_time,0
L0042,2026-05-25,2026-05-23,on_time,0
L0043,2026-09-01,2026-08-31,on_time,0
L0043,2026-08-02,2026-08-01,on_time,0
L0043,2026-07-03,2026-07-02,on_time,0
L0043,2026-06-03,2026-06-02,on_time,0
L0044,2026-08-23,2026-08-22,on_time,0
L0044,2026-07-24,2026-07-24,on_time,0
L0044,2026-06-24,2026-06-24,on_time,0
L0044,2026-05-25,2026-05-25,on_time,0
L0045,2026-09-11,2026-09-10,on_time,0
L0045,2026-08-12,2026-08-11,on_time,0
L0045,2026-07-13,2026-07-11,on_time,0
L0045,2026-06-13,2026-06-13,on_time,0
L0046,2026-08-26,2026-08-24,on_time,0
L0046,2026-07-27,2026-07-25,on_time,0
L0046,2026-06-27,2026-06-26,on_time,0
L0046,2026-05-28,2026-05-28,on_time,0
L0047,2026-09-05,2026-09-03,on_time,0
L0047,2026-08-06,2026-08-05,on_time,0
L0047,2026-07-07,2026-07-07,on_time,0
L0047,2026-06-07,2026-06-05,on_time,0
L0048,2026-08-18,2026-08-18,on_time,0
L0048,2026-07-19,2026-07-18,on_time,0
L0048,2026-06-19,2026-06-17,on_time,0
L0048,2026-05-20,2026-05-19,on_time,0
L0049,2026-08-29,2026-08-29,on_time,0
L0049,2026-07-30,2026-07-30,on_time,0
L0049,2026-06-30,2026-06-30,on_time,0
L0049,2026-05-31,2026-05-31,on_time,0
L0050,2026-08-27,2026-08-25,on_time,0
L0050,2026-07-28,2026-07-27,on_time,0
L0050,2026-06-28,2026-06-27,on_time,0
L0050,2026-05-29,2026-05-28,on_time,0
L0051,2026-08-17,2026-09-05,late,19
L0051,2026-07-18,2026-07-28,late,10
L0051,2026-06-18,2026-07-07,late,19
L0051,2026-05-19,2026-05-23,late,4
L0052,2026-09-02,2026-09-01,on_time,0
L0052,2026-08-03,2026-08-03,on_time,0
L0052,2026-07-04,2026-07-04,on_time,0
L0052,2026-06-04,2026-06-03,on_time,0
L0053,2026-09-07,2026-09-05,on_time,0
L0053,2026-08-08,2026-08-08,on_time,0
L0053,2026-07-09,2026-07-09,on_time,0
L0053,2026-06-09,2026-06-09,on_time,0
L0054,2026-09-09,2026-09-09,on_time,0
L0054,2026-08-10,2026-08-08,on_time,0
L0054,2026-07-11,2026-07-09,on_time,0
L0054,2026-06-11,2026-06-10,on_time,0
L0055,2026-08-20,2026-08-20,on_time,0
L0055,2026-07-21,2026-07-19,on_time,0
L0055,2026-06-21,2026-06-20,on_time,0
L0055,2026-05-22,2026-05-22,on_time,0
L0056,2026-09-03,2026-09-01,on_time,0
L0056,2026-08-04,2026-08-02,on_time,0
L0056,2026-07-05,2026-07-03,on_time,0
L0056,2026-06-05,2026-06-09,late,4
L0057,2026-08-19,2026-08-19,on_time,0
L0057,2026-07-20,2026-07-19,on_time,0
L0057,2026-06-20,2026-06-19,on_time,0
L0057,2026-05-21,2026-05-19,on_time,0
L0058,2026-09-10,2026-09-08,on_time,0
L0058,2026-08-11,2026-08-11,on_time,0
L0058,2026-07-12,2026-07-10,on_time,0
L0058,2026-06-12,2026-06-12,on_time,0
L0059,2026-08-20,2026-08-18,on_time,0
L0059,2026-07-21,2026-07-21,on_time,0
L0059,2026-06-21,2026-06-20,on_time,0
L0059,2026-05-22,2026-05-20,on_time,0
L0060,2026-09-12,2026-09-12,on_time,0
L0060,2026-08-13,2026-08-11,on_time,0
L0060,2026-07-14,2026-07-12,on_time,0
L0060,2026-06-14,2026-06-13,on_time,0
L0061,2026-08-28,2026-08-28,on_time,0
L0061,2026-07-29,2026-07-27,on_time,0
L0061,2026-06-29,2026-06-27,on_time,0
L0061,2026-05-30,2026-05-28,on_time,0
L0062,2026-08-22,2026-08-22,on_time,0
L0062,2026-07-23,2026-07-22,on_time,0
L0062,2026-06-23,2026-06-23,on_time,0
L0062,2026-05-24,2026-05-24,on_time,0
L0063,2026-08-18,2026-08-16,on_time,0
L0063,2026-07-19,2026-07-17,on_time,0
L0063,2026-06-19,2026-06-19,on_time,0
L0063,2026-05-20,2026-05-18,on_time,0
L0064,2026-09-03,2026-09-02,on_time,0
L0064,2026-08-04,2026-08-03,on_time,0
L0064,2026-07-05,2026-07-04,on_time,0
L0064,2026-06-05,2026-06-04,on_time,0
L0065,2026-08-27,2026-08-26,on_time,0
L0065,2026-07-28,2026-07-27,on_time,0
L0065,2026-06-28,2026-06-28,on_time,0
L0065,2026-05-29,2026-05-27,on_time,0
L0066,2026-09-11,2026-09-11,on_time,0
L0066,2026-08-12,2026-08-10,on_time,0
L0066,2026-07-13,2026-07-11,on_time,0
L0066,2026-06-13,2026-06-11,on_time,0
L0067,2026-08-27,2026-08-26,on_time,0
L0067,2026-07-28,2026-07-27,on_time,0
L0067,2026-06-28,2026-06-26,on_time,0
L0067,2026-05-29,2026-05-29,on_time,0
L0068,2026-08-26,2026-08-24,on_time,0
L0068,2026-07-27,2026-07-27,on_time,0
L0068,2026-06-27,2026-06-27,on_time,0
L0068,2026-05-28,2026-05-26,on_time,0
L0069,2026-08-19,2026-08-31,late,12
L0069,2026-07-20,2026-07-19,on_time,0
L0069,2026-06-20,2026-06-20,on_time,0
L0069,2026-05-21,2026-05-20,on_time,0
L0070,2026-09-08,2026-09-08,on_time,0
L0070,2026-08-09,2026-08-08,on_time,0
L0070,2026-07-10,2026-07-09,on_time,0
L0070,2026-06-10,2026-06-12,late,2
L0071,2026-09-08,2026-09-07,on_time,0
L0071,2026-08-09,2026-08-07,on_time,0
L0071,2026-07-10,2026-07-08,on_time,0
L0071,2026-06-10,2026-06-09,on_time,0
L0072,2026-09-11,2026-09-09,on_time,0
L0072,2026-08-12,2026-08-12,on_time,0
L0072,2026-07-13,2026-07-11,on_time,0
L0072,2026-06-13,2026-06-12,on_time,0
L0073,2026-08-19,2026-08-19,on_time,0
L0073,2026-07-20,2026-07-19,on_time,0
L0073,2026-06-20,2026-06-19,on_time,0
L0073,2026-05-21,2026-05-21,on_time,0
L0074,2026-08-22,2026-08-28,late,6
L0074,2026-07-23,2026-07-23,on_time,0
L0074,2026-06-23,2026-06-22,on_time,0
L0074,2026-05-24,2026-05-23,on_time,0
L0075,2026-09-12,2026-09-12,on_time,0
L0075,2026-08-13,2026-08-13,on_time,0
L0075,2026-07-14,2026-07-13,on_time,0
L0075,2026-06-14,2026-06-13,on_time,0
L0076,2026-08-16,2026-08-15,on_time,0
L0076,2026-07-17,2026-07-17,on_time,0
L0076,2026-06-17,2026-06-15,on_time,0
L0076,2026-05-18,2026-05-17,on_time,0
L0077,2026-09-12,2026-09-12,on_time,0
L0077,2026-08-13,2026-08-11,on_time,0
L0077,2026-07-14,2026-07-12,on_time,0
L0077,2026-06-14,2026-06-14,on_time,0
L0078,2026-08-29,2026-08-28,on_time,0
L0078,2026-07-30,2026-07-30,on_time,0
L0078,2026-06-30,2026-07-04,late,4
L0078,2026-05-31,2026-05-29,on_time,0
L0079,2026-08-21,2026-08-26,late,5
L0079,2026-07-22,2026-08-02,late,11
L0079,2026-06-22,2026-07-12,late,20
L0079,2026-05-23,2026-05-22,on_time,0
L0080,2026-09-09,2026-09-08,on_time,0
L0080,2026-08-10,2026-08-10,on_time,0
L0080,2026-07-11,2026-07-10,on_time,0
L0080,2026-06-11,2026-06-09,on_time,0
L0081,2026-08-19,2026-08-19,on_time,0
L0081,2026-07-20,2026-07-20,on_time,0
L0081,2026-06-20,2026-06-18,on_time,0
L0081,2026-05-21,2026-05-20,on_time,0
L0082,2026-09-04,2026-09-12,late,8
L0082,2026-08-05,2026-08-04,on_time,0
L0082,2026-07-06,2026-07-06,on_time,0
L0082,2026-06-06,2026-06-05,on_time,0
L0083,2026-08-24,,missed,21
L0083,2026-07-25,2026-07-25,on_time,0
L0083,2026-06-25,2026-06-23,on_time,0
L0083,2026-05-26,2026-05-25,on_time,0
L0084,2026-09-08,2026-09-14,late,6
L0084,2026-08-09,2026-08-08,on_time,0
L0084,2026-07-10,2026-07-10,on_time,0
L0084,2026-06-10,2026-06-08,on_time,0
L0085,2026-08-29,2026-08-29,on_time,0
L0085,2026-07-30,2026-07-28,on_time,0
L0085,2026-06-30,2026-06-29,on_time,0
L0085,2026-05-31,2026-05-29,on_time,0
L0086,2026-09-02,2026-08-31,on_time,0
L0086,2026-08-03,2026-08-02,on_time,0
L0086,2026-07-04,2026-07-04,on_time,0
L0086,2026-06-04,2026-06-02,on_time,0
L0087,2026-09-06,2026-09-14,late,8
L0087,2026-08-07,2026-08-27,late,20
L0087,2026-07-08,2026-07-07,on_time,0
L0087,2026-06-08,2026-06-08,on_time,0
L0088,2026-08-26,,missed,19
L0088,2026-07-27,2026-07-25,on_time,0
L0088,2026-06-27,2026-06-26,on_time,0
L0088,2026-05-28,2026-05-26,on_time,0
L0089,2026-08-31,2026-08-30,on_time,0
L0089,2026-08-01,2026-07-30,on_time,0
L0089,2026-07-02,2026-07-03,late,1
L0089,2026-06-02,2026-05-31,on_time,0
L0090,2026-08-19,2026-08-17,on_time,0
L0090,2026-07-20,2026-07-19,on_time,0
L0090,2026-06-20,2026-06-24,late,4
L0090,2026-05-21,2026-05-20,on_time,0
L0091,2026-08-31,2026-08-31,on_time,0
L0091,2026-08-01,2026-07-31,on_time,0
L0091,2026-07-02,2026-07-01,on_time,0
L0091,2026-06-02,2026-06-01,on_time,0
L0092,2026-08-24,2026-08-23,on_time,0
L0092,2026-07-25,2026-07-23,on_time,0
L0092,2026-06-25,2026-06-27,late,2
L0092,2026-05-26,2026-05-26,on_time,0
L0093,2026-08-21,2026-08-19,on_time,0
L0093,2026-07-22,2026-07-22,on_time,0
L0093,2026-06-22,2026-06-20,on_time,0
L0093,2026-05-23,2026-05-23,on_time,0
L0094,2026-08-30,2026-08-28,on_time,0
L0094,2026-07-31,2026-07-31,on_time,0
L0094,2026-07-01,2026-06-29,on_time,0
L0094,2026-06-01,2026-05-31,on_time,0
L0095,2026-08-25,2026-08-24,on_time,0
L0095,2026-07-26,2026-07-24,on_time,0
L0095,2026-06-26,2026-06-25,on_time,0
L0095,2026-05-27,2026-05-27,on_time,0
L0096,2026-09-01,2026-09-11,late,10
L0096,2026-08-02,2026-08-10,late,8
L0096,2026-07-03,2026-07-10,late,7
L0096,2026-06-03,2026-06-16,late,13
L0097,2026-08-31,2026-08-31,on_time,0
L0097,2026-08-01,2026-07-31,on_time,0
L0097,2026-07-02,2026-07-02,on_time,0
L0097,2026-06-02,2026-05-31,on_time,0
L0098,2026-08-28,2026-08-26,on_time,0
L0098,2026-07-29,2026-07-27,on_time,0
L0098,2026-06-29,2026-06-27,on_time,0
L0098,2026-05-30,2026-05-28,on_time,0
L0099,2026-09-02,2026-08-31,on_time,0
L0099,2026-08-03,2026-08-01,on_time,0
L0099,2026-07-04,2026-07-02,on_time,0
L0099,2026-06-04,2026-06-03,on_time,0
L0100,2026-09-10,2026-09-08,on_time,0
L0100,2026-08-11,2026-08-11,on_time,0
L0100,2026-07-12,2026-07-10,on_time,0
L0100,2026-06-12,2026-06-12,on_time,0
L0101,2026-09-07,2026-09-05,on_time,0
L0101,2026-08-08,2026-08-09,late,1
L0101,2026-07-09,2026-07-07,on_time,0
L0101,2026-06-09,2026-06-09,on_time,0
L0102,2026-08-23,2026-09-08,late,16
L0102,2026-07-24,2026-07-24,on_time,0
L0102,2026-06-24,2026-06-23,on_time,0
L0102,2026-05-25,2026-05-25,on_time,0
L0103,2026-09-04,2026-09-02,on_time,0
L0103,2026-08-05,2026-08-05,on_time,0
L0103,2026-07-06,2026-07-05,on_time,0
L0103,2026-06-06,2026-06-10,late,4
L0104,2026-09-08,2026-09-06,on_time,0
L0104,2026-08-09,2026-08-08,on_time,0
L0104,2026-07-10,2026-07-10,on_time,0
L0104,2026-06-10,2026-06-08,on_time,0
L0105,2026-08-31,2026-08-29,on_time,0
L0105,2026-08-01,2026-07-31,on_time,0
L0105,2026-07-02,2026-06-30,on_time,0
L0105,2026-06-02,2026-05-31,on_time,0
L0106,2026-08-16,2026-08-14,on_time,0
L0106,2026-07-17,2026-07-15,on_time,0
L0106,2026-06-17,2026-06-17,on_time,0
L0106,2026-05-18,2026-05-16,on_time,0
L0107,2026-08-22,2026-08-22,on_time,0
L0107,2026-07-23,2026-07-22,on_time,0
L0107,2026-06-23,2026-06-22,on_time,0
L0107,2026-05-24,2026-05-23,on_time,0
L0108,2026-08-18,2026-08-16,on_time,0
L0108,2026-07-19,2026-07-19,on_time,0
L0108,2026-06-19,2026-06-19,on_time,0
L0108,2026-05-20,2026-05-19,on_time,0
L0109,2026-08-30,2026-08-30,on_time,0
L0109,2026-07-31,2026-07-29,on_time,0
L0109,2026-07-01,2026-06-30,on_time,0
L0109,2026-06-01,2026-05-31,on_time,0
L0110,2026-08-26,2026-08-24,on_time,0
L0110,2026-07-27,2026-07-27,on_time,0
L0110,2026-06-27,2026-06-25,on_time,0
L0110,2026-05-28,2026-05-27,on_time,0
L0111,2026-08-25,2026-08-23,on_time,0
L0111,2026-07-26,2026-07-26,on_time,0
L0111,2026-06-26,2026-06-26,on_time,0
L0111,2026-05-27,2026-05-26,on_time,0
L0112,2026-09-04,2026-09-03,on_time,0
L0112,2026-08-05,2026-08-03,on_time,0
L0112,2026-07-06,2026-07-04,on_time,0
L0112,2026-06-06,2026-06-06,on_time,0
L0113,2026-08-21,2026-08-19,on_time,0
L0113,2026-07-22,2026-07-22,on_time,0
L0113,2026-06-22,2026-06-22,on_time,0
L0113,2026-05-23,2026-05-23,on_time,0
L0114,2026-09-12,2026-09-14,late,2
L0114,2026-08-13,2026-08-12,on_time,0
L0114,2026-07-14,2026-07-14,on_time,0
L0114,2026-06-14,2026-06-12,on_time,0
L0115,2026-08-16,2026-08-15,on_time,0
L0115,2026-07-17,2026-07-16,on_time,0
L0115,2026-06-17,2026-06-16,on_time,0
L0115,2026-05-18,2026-05-16,on_time,0
L0116,2026-08-26,2026-08-26,on_time,0
L0116,2026-07-27,2026-07-26,on_time,0
L0116,2026-06-27,2026-06-26,on_time,0
L0116,2026-05-28,2026-05-27,on_time,0
L0117,2026-08-21,2026-09-11,late,21
L0117,2026-07-22,2026-07-21,on_time,0
L0117,2026-06-22,2026-06-22,on_time,0
L0117,2026-05-23,2026-05-23,on_time,0
L0118,2026-08-21,2026-08-19,on_time,0
L0118,2026-07-22,2026-07-20,on_time,0
L0118,2026-06-22,2026-06-20,on_time,0
L0118,2026-05-23,2026-05-22,on_time,0
L0119,2026-08-27,2026-08-26,on_time,0
L0119,2026-07-28,2026-07-26,on_time,0
L0119,2026-06-28,2026-06-28,on_time,0
L0119,2026-05-29,2026-05-27,on_time,0
L0120,2026-08-27,2026-08-26,on_time,0
L0120,2026-07-28,2026-07-28,on_time,0
L0120,2026-06-28,2026-06-28,on_time,0
L0120,2026-05-29,2026-05-29,on_time,0
L0121,2026-09-11,2026-09-10,on_time,0
L0121,2026-08-12,2026-08-12,on_time,0
L0121,2026-07-13,2026-07-12,on_time,0
L0121,2026-06-13,2026-06-13,on_time,0
L0122,2026-08-29,2026-08-29,on_time,0
L0122,2026-07-30,2026-07-29,on_time,0
L0122,2026-06-30,2026-06-29,on_time,0
L0122,2026-05-31,2026-05-29,on_time,0
L0123,2026-08-23,2026-08-22,on_time,0
L0123,2026-07-24,2026-07-23,on_time,0
L0123,2026-06-24,2026-06-24,on_time,0
L0123,2026-05-25,2026-05-23,on_time,0
L0124,2026-08-19,2026-08-19,on_time,0
L0124,2026-07-20,2026-07-18,on_time,0
L0124,2026-06-20,2026-06-18,on_time,0
L0124,2026-05-21,2026-05-20,on_time,0
L0125,2026-09-01,2026-08-30,on_time,0
L0125,2026-08-02,2026-08-01,on_time,0
L0125,2026-07-03,2026-07-03,on_time,0
L0125,2026-06-03,2026-06-03,on_time,0
L0126,2026-08-20,2026-08-18,on_time,0
L0126,2026-07-21,2026-07-21,on_time,0
L0126,2026-06-21,2026-06-19,on_time,0
L0126,2026-05-22,2026-05-22,on_time,0
L0127,2026-08-25,2026-08-24,on_time,0
L0127,2026-07-26,2026-07-26,on_time,0
L0127,2026-06-26,2026-06-24,on_time,0
L0127,2026-05-27,2026-05-26,on_time,0
L0128,2026-09-01,2026-09-01,on_time,0
L0128,2026-08-02,2026-08-01,on_time,0
L0128,2026-07-03,2026-07-01,on_time,0
L0128,2026-06-03,2026-06-03,on_time,0
L0129,2026-08-24,2026-08-24,on_time,0
L0129,2026-07-25,2026-07-23,on_time,0
L0129,2026-06-25,2026-06-25,on_time,0
L0129,2026-05-26,2026-05-27,late,1
L0130,2026-08-22,2026-08-21,on_time,0
L0130,2026-07-23,2026-07-23,on_time,0
L0130,2026-06-23,2026-06-21,on_time,0
L0130,2026-05-24,2026-05-22,on_time,0
L0131,2026-09-07,2026-09-05,on_time,0
L0131,2026-08-08,2026-08-07,on_time,0
L0131,2026-07-09,2026-07-08,on_time,0
L0131,2026-06-09,2026-06-08,on_time,0
L0132,2026-08-29,2026-09-01,late,3
L0132,2026-07-30,2026-07-28,on_time,0
L0132,2026-06-30,2026-06-30,on_time,0
L0132,2026-05-31,2026-05-30,on_time,0
L0133,2026-09-01,2026-08-31,on_time,0
L0133,2026-08-02,2026-08-02,on_time,0
L0133,2026-07-03,2026-07-02,on_time,0
L0133,2026-06-03,2026-06-01,on_time,0
L0134,2026-09-02,2026-09-14,late,12
L0134,2026-08-03,2026-08-01,on_time,0
L0134,2026-07-04,2026-07-02,on_time,0
L0134,2026-06-04,2026-06-02,on_time,0
L0135,2026-08-28,2026-08-27,on_time,0
L0135,2026-07-29,2026-07-29,on_time,0
L0135,2026-06-29,2026-06-27,on_time,0
L0135,2026-05-30,2026-05-29,on_time,0
L0136,2026-08-28,2026-08-26,on_time,0
L0136,2026-07-29,2026-07-27,on_time,0
L0136,2026-06-29,2026-06-28,on_time,0
L0136,2026-05-30,2026-05-29,on_time,0
L0137,2026-08-23,2026-08-21,on_time,0
L0137,2026-07-24,2026-07-24,on_time,0
L0137,2026-06-24,2026-06-22,on_time,0
L0137,2026-05-25,2026-05-24,on_time,0
L0138,2026-09-02,2026-09-02,on_time,0
L0138,2026-08-03,2026-08-01,on_time,0
L0138,2026-07-04,2026-07-04,on_time,0
L0138,2026-06-04,2026-06-04,on_time,0
L0139,2026-08-26,2026-08-26,on_time,0
L0139,2026-07-27,2026-07-25,on_time,0
L0139,2026-06-27,2026-06-27,on_time,0
L0139,2026-05-28,2026-05-27,on_time,0
L0140,2026-08-25,2026-09-14,late,20
L0140,2026-07-26,2026-08-11,late,16
L0140,2026-06-26,2026-07-12,late,16
L0140,2026-05-27,2026-05-25,on_time,0
L0141,2026-09-03,2026-09-03,on_time,0
L0141,2026-08-04,2026-08-04,on_time,0
L0141,2026-07-05,2026-07-05,on_time,0
L0141,2026-06-05,2026-06-04,on_time,0
L0142,2026-08-20,2026-08-18,on_time,0
L0142,2026-07-21,2026-07-20,on_time,0
L0142,2026-06-21,2026-06-19,on_time,0
L0142,2026-05-22,2026-05-21,on_time,0
L0143,2026-08-21,2026-08-19,on_time,0
L0143,2026-07-22,2026-07-21,on_time,0
L0143,2026-06-22,2026-06-22,on_time,0
L0143,2026-05-23,2026-05-23,on_time,0
L0144,2026-08-28,2026-08-26,on_time,0
L0144,2026-07-29,2026-07-28,on_time,0
L0144,2026-06-29,2026-06-28,on_time,0
L0144,2026-05-30,2026-05-30,on_time,0
L0145,2026-09-06,2026-09-06,on_time,0
L0145,2026-08-07,2026-08-07,on_time,0
L0145,2026-07-08,2026-07-07,on_time,0
L0145,2026-06-08,2026-06-07,on_time,0
L0146,2026-09-02,2026-08-31,on_time,0
L0146,2026-08-03,2026-08-02,on_time,0
L0146,2026-07-04,2026-07-04,on_time,0
L0146,2026-06-04,2026-06-02,on_time,0
L0147,2026-08-21,2026-08-21,on_time,0
L0147,2026-07-22,2026-07-22,on_time,0
L0147,2026-06-22,2026-06-21,on_time,0
L0147,2026-05-23,2026-05-21,on_time,0
L0148,2026-09-06,2026-09-05,on_time,0
L0148,2026-08-07,2026-08-06,on_time,0
L0148,2026-07-08,2026-07-07,on_time,0
L0148,2026-06-08,2026-06-06,on_time,0
L0149,2026-08-21,2026-08-19,on_time,0
L0149,2026-07-22,2026-07-20,on_time,0
L0149,2026-06-22,2026-06-20,on_time,0
L0149,2026-05-23,2026-05-23,on_time,0
L0150,2026-08-24,2026-08-24,on_time,0
L0150,2026-07-25,2026-07-24,on_time,0
L0150,2026-06-25,2026-06-24,on_time,0
L0150,2026-05-26,2026-05-25,on_time,0
L0151,2026-08-19,2026-08-17,on_time,0
L0151,2026-07-20,2026-07-19,on_time,0
L0151,2026-06-20,2026-06-20,on_time,0
L0151,2026-05-21,2026-05-20,on_time,0
L0152,2026-09-11,2026-09-11,on_time,0
L0152,2026-08-12,2026-08-12,on_time,0
L0152,2026-07-13,2026-07-12,on_time,0
L0152,2026-06-13,2026-06-13,on_time,0
L0153,2026-09-11,2026-09-09,on_time,0
L0153,2026-08-12,2026-08-11,on_time,0
L0153,2026-07-13,2026-07-13,on_time,0
L0153,2026-06-13,2026-06-12,on_time,0
L0154,2026-08-24,2026-08-24,on_time,0
L0154,2026-07-25,2026-07-25,on_time,0
L0154,2026-06-25,2026-06-23,on_time,0
L0154,2026-05-26,2026-05-24,on_time,0
L0155,2026-09-12,2026-09-12,on_time,0
L0155,2026-08-13,2026-08-13,on_time,0
L0155,2026-07-14,2026-07-12,on_time,0
L0155,2026-06-14,2026-06-14,on_time,0
L0156,2026-08-24,2026-08-23,on_time,0
L0156,2026-07-25,2026-07-23,on_time,0
L0156,2026-06-25,2026-06-23,on_time,0
L0156,2026-05-26,2026-05-26,on_time,0
L0157,2026-09-12,2026-09-12,on_time,0
L0157,2026-08-13,2026-08-11,on_time,0
L0157,2026-07-14,2026-07-14,on_time,0
L0157,2026-06-14,2026-06-14,on_time,0
L0158,2026-09-08,2026-09-08,on_time,0
L0158,2026-08-09,2026-08-08,on_time,0
L0158,2026-07-10,2026-07-09,on_time,0
L0158,2026-06-10,2026-06-09,on_time,0
L0159,2026-09-07,2026-09-05,on_time,0
L0159,2026-08-08,2026-08-08,on_time,0
L0159,2026-07-09,2026-07-09,on_time,0
L0159,2026-06-09,2026-06-09,on_time,0
L0160,2026-08-20,2026-08-18,on_time,0
L0160,2026-07-21,2026-07-20,on_time,0
L0160,2026-06-21,2026-06-19,on_time,0
L0160,2026-05-22,2026-05-20,on_time,0
L0161,2026-09-09,2026-09-09,on_time,0
L0161,2026-08-10,2026-08-08,on_time,0
L0161,2026-07-11,2026-07-11,on_time,0
L0161,2026-06-11,2026-06-11,on_time,0
L0162,2026-08-25,2026-08-25,on_time,0
L0162,2026-07-26,2026-07-26,on_time,0
L0162,2026-06-26,2026-06-24,on_time,0
L0162,2026-05-27,2026-05-27,on_time,0
L0163,2026-08-21,2026-08-21,on_time,0
L0163,2026-07-22,2026-07-21,on_time,0
L0163,2026-06-22,2026-06-21,on_time,0
L0163,2026-05-23,2026-05-21,on_time,0
L0164,2026-08-25,2026-08-27,late,2
L0164,2026-07-26,2026-07-25,on_time,0
L0164,2026-06-26,2026-06-25,on_time,0
L0164,2026-05-27,2026-05-25,on_time,0
L0165,2026-08-18,2026-08-17,on_time,0
L0165,2026-07-19,2026-07-19,on_time,0
L0165,2026-06-19,2026-06-19,on_time,0
L0165,2026-05-20,2026-05-18,on_time,0
L0166,2026-08-29,2026-08-28,on_time,0
L0166,2026-07-30,2026-07-29,on_time,0
L0166,2026-06-30,2026-06-28,on_time,0
L0166,2026-05-31,2026-05-29,on_time,0
L0167,2026-09-06,2026-09-04,on_time,0
L0167,2026-08-07,2026-08-05,on_time,0
L0167,2026-07-08,2026-07-08,on_time,0
L0167,2026-06-08,2026-06-08,on_time,0
L0168,2026-09-09,2026-09-10,late,1
L0168,2026-08-10,2026-08-10,on_time,0
L0168,2026-07-11,2026-07-11,on_time,0
L0168,2026-06-11,2026-06-09,on_time,0
L0169,2026-08-19,2026-08-19,on_time,0
L0169,2026-07-20,2026-07-18,on_time,0
L0169,2026-06-20,2026-06-19,on_time,0
L0169,2026-05-21,2026-05-20,on_time,0
L0170,2026-09-09,2026-09-08,on_time,0
L0170,2026-08-10,2026-08-11,late,1
L0170,2026-07-11,2026-07-09,on_time,0
L0170,2026-06-11,2026-06-10,on_time,0
L0171,2026-09-10,2026-09-09,on_time,0
L0171,2026-08-11,2026-08-09,on_time,0
L0171,2026-07-12,2026-07-11,on_time,0
L0171,2026-06-12,2026-06-10,on_time,0
L0172,2026-08-26,2026-08-24,on_time,0
L0172,2026-07-27,2026-07-25,on_time,0
L0172,2026-06-27,2026-06-27,on_time,0
L0172,2026-05-28,2026-05-27,on_time,0
L0173,2026-09-08,2026-09-07,on_time,0
L0173,2026-08-09,2026-08-07,on_time,0
L0173,2026-07-10,2026-07-10,on_time,0
L0173,2026-06-10,2026-06-08,on_time,0
L0174,2026-09-07,2026-09-07,on_time,0
L0174,2026-08-08,2026-08-06,on_time,0
L0174,2026-07-09,2026-07-07,on_time,0
L0174,2026-06-09,2026-06-08,on_time,0
L0175,2026-09-04,2026-09-02,on_time,0
L0175,2026-08-05,2026-08-04,on_time,0
L0175,2026-07-06,2026-07-04,on_time,0
L0175,2026-06-06,2026-06-04,on_time,0
L0176,2026-09-05,2026-09-03,on_time,0
L0176,2026-08-06,2026-08-06,on_time,0
L0176,2026-07-07,2026-07-07,on_time,0
L0176,2026-06-07,2026-06-06,on_time,0
L0177,2026-08-25,2026-08-25,on_time,0
L0177,2026-07-26,2026-07-25,on_time,0
L0177,2026-06-26,2026-06-24,on_time,0
L0177,2026-05-27,2026-05-25,on_time,0
L0178,2026-08-16,2026-08-14,on_time,0
L0178,2026-07-17,2026-07-15,on_time,0
L0178,2026-06-17,2026-06-15,on_time,0
L0178,2026-05-18,2026-05-16,on_time,0
L0179,2026-08-22,2026-08-21,on_time,0
L0179,2026-07-23,2026-07-22,on_time,0
L0179,2026-06-23,2026-06-21,on_time,0
L0179,2026-05-24,2026-05-22,on_time,0
L0180,2026-08-28,2026-08-26,on_time,0
L0180,2026-07-29,2026-07-27,on_time,0
L0180,2026-06-29,2026-06-27,on_time,0
L0180,2026-05-30,2026-05-29,on_time,0
L0181,2026-09-12,2026-09-11,on_time,0
L0181,2026-08-13,2026-08-13,on_time,0
L0181,2026-07-14,2026-07-12,on_time,0
L0181,2026-06-14,2026-06-12,on_time,0
L0182,2026-08-22,2026-08-21,on_time,0
L0182,2026-07-23,2026-07-21,on_time,0
L0182,2026-06-23,2026-06-22,on_time,0
L0182,2026-05-24,2026-05-22,on_time,0
L0183,2026-08-30,2026-08-28,on_time,0
L0183,2026-07-31,2026-07-31,on_time,0
L0183,2026-07-01,2026-06-29,on_time,0
L0183,2026-06-01,2026-06-02,late,1
L0184,2026-08-29,2026-09-14,late,16
L0184,2026-07-30,2026-08-12,late,13
L0184,2026-06-30,2026-07-25,late,25
L0184,2026-05-31,2026-05-29,on_time,0
L0185,2026-08-29,2026-08-29,on_time,0
L0185,2026-07-30,2026-07-28,on_time,0
L0185,2026-06-30,2026-06-28,on_time,0
L0185,2026-05-31,2026-05-29,on_time,0
L0186,2026-08-25,2026-08-24,on_time,0
L0186,2026-07-26,2026-07-25,on_time,0
L0186,2026-06-26,2026-06-26,on_time,0
L0186,2026-05-27,2026-05-25,on_time,0
L0187,2026-08-25,2026-08-23,on_time,0
L0187,2026-07-26,2026-07-24,on_time,0
L0187,2026-06-26,2026-06-26,on_time,0
L0187,2026-05-27,2026-05-26,on_time,0
L0188,2026-09-12,2026-09-14,late,2
L0188,2026-08-13,2026-08-12,on_time,0
L0188,2026-07-14,2026-07-12,on_time,0
L0188,2026-06-14,2026-06-14,on_time,0
L0189,2026-08-26,2026-08-24,on_time,0
L0189,2026-07-27,2026-07-26,on_time,0
L0189,2026-06-27,2026-06-27,on_time,0
L0189,2026-05-28,2026-05-27,on_time,0
L0190,2026-08-16,2026-08-14,on_time,0
L0190,2026-07-17,2026-07-15,on_time,0
L0190,2026-06-17,2026-06-15,on_time,0
L0190,2026-05-18,2026-05-17,on_time,0
L0191,2026-09-09,2026-09-07,on_time,0
L0191,2026-08-10,2026-08-10,on_time,0
L0191,2026-07-11,2026-07-11,on_time,0
L0191,2026-06-11,2026-06-09,on_time,0
L0192,2026-08-18,2026-08-16,on_time,0
L0192,2026-07-19,2026-07-19,on_time,0
L0192,2026-06-19,2026-06-18,on_time,0
L0192,2026-05-20,2026-05-20,on_time,0
L0193,2026-08-20,2026-08-19,on_time,0
L0193,2026-07-21,2026-07-19,on_time,0
L0193,2026-06-21,2026-06-19,on_time,0
L0193,2026-05-22,2026-05-21,on_time,0
L0194,2026-09-03,2026-09-01,on_time,0
L0194,2026-08-04,2026-08-04,on_time,0
L0194,2026-07-05,2026-07-05,on_time,0
L0194,2026-06-05,2026-06-03,on_time,0
L0195,2026-09-09,2026-09-08,on_time,0
L0195,2026-08-10,2026-08-10,on_time,0
L0195,2026-07-11,2026-07-10,on_time,0
L0195,2026-06-11,2026-06-11,on_time,0
L0196,2026-08-27,2026-08-27,on_time,0
L0196,2026-07-28,2026-07-27,on_time,0
L0196,2026-06-28,2026-06-28,on_time,0
L0196,2026-05-29,2026-05-29,on_time,0
L0197,2026-08-16,2026-08-16,on_time,0
L0197,2026-07-17,2026-07-15,on_time,0
L0197,2026-06-17,2026-06-17,on_time,0
L0197,2026-05-18,2026-05-18,on_time,0
L0198,2026-09-12,2026-09-10,on_time,0
L0198,2026-08-13,2026-08-13,on_time,0
L0198,2026-07-14,2026-07-14,on_time,0
L0198,2026-06-14,2026-06-13,on_time,0
L0199,2026-09-05,2026-09-05,on_time,0
L0199,2026-08-06,2026-08-04,on_time,0
L0199,2026-07-07,2026-07-05,on_time,0
L0199,2026-06-07,2026-06-05,on_time,0
L0200,2026-08-17,2026-08-16,on_time,0
L0200,2026-07-18,2026-07-18,on_time,0
L0200,2026-06-18,2026-06-18,on_time,0
L0200,2026-05-19,2026-05-17,on_time,0
L0201,2026-08-18,2026-09-05,late,18
L0201,2026-07-19,2026-07-18,on_time,0
L0201,2026-06-19,2026-06-17,on_time,0
L0201,2026-05-20,2026-05-19,on_time,0
L0202,2026-09-10,2026-09-08,on_time,0
L0202,2026-08-11,2026-08-09,on_time,0
L0202,2026-07-12,2026-07-12,on_time,0
L0202,2026-06-12,2026-06-10,on_time,0
L0203,2026-08-18,2026-09-07,late,20
L0203,2026-07-19,2026-07-17,on_time,0
L0203,2026-06-19,2026-06-18,on_time,0
L0203,2026-05-20,2026-05-19,on_time,0
L0204,2026-08-23,2026-08-21,on_time,0
L0204,2026-07-24,2026-07-24,on_time,0
L0204,2026-06-24,2026-06-22,on_time,0
L0204,2026-05-25,2026-05-25,on_time,0
L0205,2026-09-07,2026-09-06,on_time,0
L0205,2026-08-08,2026-08-06,on_time,0
L0205,2026-07-09,2026-07-07,on_time,0
L0205,2026-06-09,2026-06-08,on_time,0
L0206,2026-08-22,2026-08-20,on_time,0
L0206,2026-07-23,2026-07-21,on_time,0
L0206,2026-06-23,2026-06-23,on_time,0
L0206,2026-05-24,2026-05-22,on_time,0
L0207,2026-09-10,2026-09-08,on_time,0
L0207,2026-08-11,2026-08-10,on_time,0
L0207,2026-07-12,2026-07-11,on_time,0
L0207,2026-06-12,2026-06-11,on_time,0
L0208,2026-08-19,2026-08-17,on_time,0
L0208,2026-07-20,2026-07-20,on_time,0
L0208,2026-06-20,2026-06-18,on_time,0
L0208,2026-05-21,2026-05-21,on_time,0
L0209,2026-08-29,2026-08-28,on_time,0
L0209,2026-07-30,2026-07-29,on_time,0
L0209,2026-06-30,2026-06-29,on_time,0
L0209,2026-05-31,2026-05-31,on_time,0
L0210,2026-08-20,2026-08-18,on_time,0
L0210,2026-07-21,2026-07-19,on_time,0
L0210,2026-06-21,2026-06-19,on_time,0
L0210,2026-05-22,2026-05-22,on_time,0
L0211,2026-08-20,2026-08-19,on_time,0
L0211,2026-07-21,2026-07-24,late,3
L0211,2026-06-21,2026-06-19,on_time,0
L0211,2026-05-22,2026-05-21,on_time,0
L0212,2026-09-07,2026-09-05,on_time,0
L0212,2026-08-08,2026-08-07,on_time,0
L0212,2026-07-09,2026-07-09,on_time,0
L0212,2026-06-09,2026-06-08,on_time,0
L0213,2026-08-22,2026-09-07,late,16
L0213,2026-07-23,2026-08-15,late,23
L0213,2026-06-23,2026-06-23,on_time,0
L0213,2026-05-24,2026-05-23,on_time,0
L0214,2026-09-03,2026-09-01,on_time,0
L0214,2026-08-04,2026-08-04,on_time,0
L0214,2026-07-05,2026-07-03,on_time,0
L0214,2026-06-05,2026-06-05,on_time,0
L0215,2026-08-22,2026-08-20,on_time,0
L0215,2026-07-23,2026-07-22,on_time,0
L0215,2026-06-23,2026-06-21,on_time,0
L0215,2026-05-24,2026-05-23,on_time,0
L0216,2026-08-29,2026-09-10,late,12
L0216,2026-07-30,2026-07-29,on_time,0
L0216,2026-06-30,2026-06-30,on_time,0
L0216,2026-05-31,2026-05-29,on_time,0
L0217,2026-08-23,2026-08-23,on_time,0
L0217,2026-07-24,2026-07-22,on_time,0
L0217,2026-06-24,2026-06-24,on_time,0
L0217,2026-05-25,2026-05-23,on_time,0
L0218,2026-09-06,2026-09-04,on_time,0
L0218,2026-08-07,2026-08-06,on_time,0
L0218,2026-07-08,2026-07-06,on_time,0
L0218,2026-06-08,2026-06-07,on_time,0
L0219,2026-08-16,2026-08-14,on_time,0
L0219,2026-07-17,2026-07-17,on_time,0
L0219,2026-06-17,2026-06-15,on_time,0
L0219,2026-05-18,2026-05-18,on_time,0
L0220,2026-09-03,2026-09-01,on_time,0
L0220,2026-08-04,2026-08-02,on_time,0
L0220,2026-07-05,2026-07-03,on_time,0
L0220,2026-06-05,2026-06-03,on_time,0
L0221,2026-09-02,2026-08-31,on_time,0
L0221,2026-08-03,2026-08-03,on_time,0
L0221,2026-07-04,2026-07-03,on_time,0
L0221,2026-06-04,2026-06-03,on_time,0
L0222,2026-08-26,2026-08-24,on_time,0
L0222,2026-07-27,2026-07-26,on_time,0
L0222,2026-06-27,2026-06-25,on_time,0
L0222,2026-05-28,2026-05-27,on_time,0
L0223,2026-08-24,2026-08-23,on_time,0
L0223,2026-07-25,2026-07-23,on_time,0
L0223,2026-06-25,2026-06-24,on_time,0
L0223,2026-05-26,2026-05-26,on_time,0
L0224,2026-08-22,2026-08-21,on_time,0
L0224,2026-07-23,2026-07-22,on_time,0
L0224,2026-06-23,2026-06-21,on_time,0
L0224,2026-05-24,2026-05-23,on_time,0
L0225,2026-09-04,2026-09-02,on_time,0
L0225,2026-08-05,2026-08-04,on_time,0
L0225,2026-07-06,2026-07-05,on_time,0
L0225,2026-06-06,2026-06-05,on_time,0
L0226,2026-09-06,,missed,8
L0226,2026-08-07,2026-08-06,on_time,0
L0226,2026-07-08,2026-07-08,on_time,0
L0226,2026-06-08,2026-06-08,on_time,0
L0227,2026-08-30,2026-08-28,on_time,0
L0227,2026-07-31,2026-07-31,on_time,0
L0227,2026-07-01,2026-06-30,on_time,0
L0227,2026-06-01,2026-05-31,on_time,0
L0228,2026-08-25,2026-08-23,on_time,0
L0228,2026-07-26,2026-07-26,on_time,0
L0228,2026-06-26,2026-06-24,on_time,0
L0228,2026-05-27,2026-05-26,on_time,0
L0229,2026-08-23,2026-08-21,on_time,0
L0229,2026-07-24,2026-07-22,on_time,0
L0229,2026-06-24,2026-06-22,on_time,0
L0229,2026-05-25,2026-05-23,on_time,0
L0230,2026-09-02,2026-08-31,on_time,0
L0230,2026-08-03,2026-08-03,on_time,0
L0230,2026-07-04,2026-07-04,on_time,0
L0230,2026-06-04,2026-06-02,on_time,0
L0231,2026-09-04,2026-09-02,on_time,0
L0231,2026-08-05,2026-08-04,on_time,0
L0231,2026-07-06,2026-07-05,on_time,0
L0231,2026-06-06,2026-06-04,on_time,0
L0232,2026-08-22,2026-08-20,on_time,0
L0232,2026-07-23,2026-07-23,on_time,0
L0232,2026-06-23,2026-06-21,on_time,0
L0232,2026-05-24,2026-05-23,on_time,0
L0233,2026-09-08,2026-09-08,on_time,0
L0233,2026-08-09,2026-08-08,on_time,0
L0233,2026-07-10,2026-07-08,on_time,0
L0233,2026-06-10,2026-06-08,on_time,0
L0234,2026-08-29,2026-08-27,on_time,0
L0234,2026-07-30,2026-07-29,on_time,0
L0234,2026-06-30,2026-06-30,on_time,0
L0234,2026-05-31,2026-05-29,on_time,0
L0235,2026-08-21,2026-08-19,on_time,0
L0235,2026-07-22,2026-07-22,on_time,0
L0235,2026-06-22,2026-06-21,on_time,0
L0235,2026-05-23,2026-05-22,on_time,0
L0236,2026-09-12,2026-09-12,on_time,0
L0236,2026-08-13,2026-08-12,on_time,0
L0236,2026-07-14,2026-07-12,on_time,0
L0236,2026-06-14,2026-06-14,on_time,0
L0237,2026-08-23,2026-08-22,on_time,0
L0237,2026-07-24,2026-07-24,on_time,0
L0237,2026-06-24,2026-06-24,on_time,0
L0237,2026-05-25,2026-05-25,on_time,0
L0238,2026-08-26,2026-08-26,on_time,0
L0238,2026-07-27,2026-07-27,on_time,0
L0238,2026-06-27,2026-06-26,on_time,0
L0238,2026-05-28,2026-05-26,on_time,0
L0239,2026-09-06,2026-09-04,on_time,0
L0239,2026-08-07,2026-08-05,on_time,0
L0239,2026-07-08,2026-07-08,on_time,0
L0239,2026-06-08,2026-06-08,on_time,0
L0240,2026-09-12,2026-09-14,late,2
L0240,2026-08-13,2026-08-11,on_time,0
L0240,2026-07-14,2026-07-12,on_time,0
L0240,2026-06-14,2026-06-13,on_time,0
L0241,2026-08-21,2026-08-19,on_time,0
L0241,2026-07-22,2026-07-21,on_time,0
L0241,2026-06-22,2026-06-20,on_time,0
L0241,2026-05-23,2026-05-21,on_time,0
L0242,2026-08-26,2026-08-24,on_time,0
L0242,2026-07-27,2026-07-26,on_time,0
L0242,2026-06-27,2026-06-25,on_time,0
L0242,2026-05-28,2026-05-27,on_time,0
L0243,2026-08-20,2026-08-19,on_time,0
L0243,2026-07-21,2026-07-20,on_time,0
L0243,2026-06-21,2026-06-21,on_time,0
L0243,2026-05-22,2026-05-22,on_time,0
L0244,2026-09-02,2026-09-02,on_time,0
L0244,2026-08-03,2026-08-03,on_time,0
L0244,2026-07-04,2026-07-02,on_time,0
L0244,2026-06-04,2026-06-02,on_time,0
L0245,2026-08-18,2026-08-17,on_time,0
L0245,2026-07-19,2026-07-18,on_time,0
L0245,2026-06-19,2026-06-17,on_time,0
L0245,2026-05-20,2026-05-18,on_time,0
L0246,2026-08-29,2026-08-27,on_time,0
L0246,2026-07-30,2026-07-28,on_time,0
L0246,2026-06-30,2026-06-29,on_time,0
L0246,2026-05-31,2026-05-31,on_time,0
L0247,2026-08-24,2026-08-23,on_time,0
L0247,2026-07-25,2026-07-24,on_time,0
L0247,2026-06-25,2026-06-23,on_time,0
L0247,2026-05-26,2026-05-24,on_time,0
L0248,2026-08-16,2026-08-15,on_time,0
L0248,2026-07-17,2026-07-17,on_time,0
L0248,2026-06-17,2026-06-17,on_time,0
L0248,2026-05-18,2026-05-16,on_time,0
L0249,2026-09-05,2026-09-04,on_time,0
L0249,2026-08-06,2026-08-05,on_time,0
L0249,2026-07-07,2026-07-07,on_time,0
L0249,2026-06-07,2026-06-11,late,4
L0250,2026-08-22,2026-08-21,on_time,0
L0250,2026-07-23,2026-07-21,on_time,0
L0250,2026-06-23,2026-06-22,on_time,0
L0250,2026-05-24,2026-05-23,on_time,0
L0251,2026-09-08,2026-09-07,on_time,0
L0251,2026-08-09,2026-08-09,on_time,0
L0251,2026-07-10,2026-07-09,on_time,0
L0251,2026-06-10,2026-06-08,on_time,0
L0252,2026-09-06,2026-09-06,on_time,0
L0252,2026-08-07,2026-08-07,on_time,0
L0252,2026-07-08,2026-07-08,on_time,0
L0252,2026-06-08,2026-06-06,on_time,0
L0253,2026-08-24,2026-08-24,on_time,0
L0253,2026-07-25,2026-07-24,on_time,0
L0253,2026-06-25,2026-06-25,on_time,0
L0253,2026-05-26,2026-05-24,on_time,0
L0254,2026-08-23,2026-08-22,on_time,0
L0254,2026-07-24,2026-07-23,on_time,0
L0254,2026-06-24,2026-06-23,on_time,0
L0254,2026-05-25,2026-05-23,on_time,0
L0255,2026-08-18,2026-08-16,on_time,0
L0255,2026-07-19,2026-07-18,on_time,0
L0255,2026-06-19,2026-06-19,on_time,0
L0255,2026-05-20,2026-05-18,on_time,0
L0256,2026-08-31,2026-09-14,late,14
L0256,2026-08-01,2026-08-10,late,9
L0256,2026-07-02,2026-07-19,late,17
L0256,2026-06-02,2026-06-01,on_time,0
L0257,2026-08-20,2026-08-19,on_time,0
L0257,2026-07-21,2026-07-21,on_time,0
L0257,2026-06-21,2026-06-21,on_time,0
L0257,2026-05-22,2026-05-20,on_time,0
L0258,2026-08-26,2026-08-26,on_time,0
L0258,2026-07-27,2026-07-27,on_time,0
L0258,2026-06-27,2026-06-27,on_time,0
L0258,2026-05-28,2026-05-26,on_time,0
L0259,2026-08-26,2026-08-24,on_time,0
L0259,2026-07-27,2026-07-27,on_time,0
L0259,2026-06-27,2026-06-27,on_time,0
L0259,2026-05-28,2026-05-27,on_time,0
L0260,2026-08-20,2026-08-18,on_time,0
L0260,2026-07-21,2026-07-20,on_time,0
L0260,2026-06-21,2026-06-21,on_time,0
L0260,2026-05-22,2026-05-22,on_time,0
L0261,2026-08-21,2026-08-20,on_time,0
L0261,2026-07-22,2026-07-20,on_time,0
L0261,2026-06-22,2026-06-21,on_time,0
L0261,2026-05-23,2026-05-23,on_time,0
L0262,2026-08-24,2026-08-24,on_time,0
L0262,2026-07-25,2026-07-24,on_time,0
L0262,2026-06-25,2026-06-23,on_time,0
L0262,2026-05-26,2026-05-24,on_time,0
L0263,2026-08-27,2026-08-27,on_time,0
L0263,2026-07-28,2026-07-26,on_time,0
L0263,2026-06-28,2026-06-28,on_time,0
L0263,2026-05-29,2026-05-27,on_time,0
L0264,2026-08-16,2026-08-16,on_time,0
L0264,2026-07-17,2026-07-17,on_time,0
L0264,2026-06-17,2026-06-17,on_time,0
L0264,2026-05-18,2026-05-18,on_time,0
L0265,2026-08-22,2026-08-20,on_time,0
L0265,2026-07-23,2026-07-22,on_time,0
L0265,2026-06-23,2026-06-23,on_time,0
L0265,2026-05-24,2026-05-22,on_time,0
L0266,2026-08-31,2026-08-31,on_time,0
L0266,2026-08-01,2026-08-01,on_time,0
L0266,2026-07-02,2026-07-01,on_time,0
L0266,2026-06-02,2026-06-02,on_time,0
L0267,2026-08-27,2026-08-25,on_time,0
L0267,2026-07-28,2026-07-27,on_time,0
L0267,2026-06-28,2026-06-27,on_time,0
L0267,2026-05-29,2026-05-27,on_time,0
L0268,2026-08-28,2026-08-26,on_time,0
L0268,2026-07-29,2026-07-29,on_time,0
L0268,2026-06-29,2026-06-27,on_time,0
L0268,2026-05-30,2026-05-29,on_time,0
L0269,2026-08-27,2026-08-29,late,2
L0269,2026-07-28,2026-07-27,on_time,0
L0269,2026-06-28,2026-06-28,on_time,0
L0269,2026-05-29,2026-05-27,on_time,0
L0270,2026-08-27,2026-09-03,late,7
L0270,2026-07-28,2026-08-22,late,25
L0270,2026-06-28,2026-06-26,on_time,0
L0270,2026-05-29,2026-05-29,on_time,0
L0271,2026-08-25,2026-08-24,on_time,0
L0271,2026-07-26,2026-07-25,on_time,0
L0271,2026-06-26,2026-07-01,late,5
L0271,2026-05-27,2026-05-26,on_time,0
L0272,2026-08-31,2026-08-30,on_time,0
L0272,2026-08-01,2026-07-30,on_time,0
L0272,2026-07-02,2026-07-02,on_time,0
L0272,2026-06-02,2026-06-01,on_time,0
L0273,2026-08-29,2026-08-29,on_time,0
L0273,2026-07-30,2026-07-28,on_time,0
L0273,2026-06-30,2026-06-30,on_time,0
L0273,2026-05-31,2026-06-02,late,2
L0274,2026-09-10,2026-09-14,late,4
L0274,2026-08-11,2026-08-27,late,16
L0274,2026-07-12,2026-07-21,late,9
L0274,2026-06-12,2026-07-07,late,25
L0275,2026-09-07,2026-09-06,on_time,0
L0275,2026-08-08,2026-08-07,on_time,0
L0275,2026-07-09,2026-07-08,on_time,0
L0275,2026-06-09,2026-06-07,on_time,0
L0276,2026-08-30,2026-08-28,on_time,0
L0276,2026-07-31,2026-07-30,on_time,0
L0276,2026-07-01,2026-06-30,on_time,0
L0276,2026-06-01,2026-05-30,on_time,0
L0277,2026-08-31,2026-09-14,late,14
L0277,2026-08-01,2026-08-15,late,14
L0277,2026-07-02,2026-07-15,late,13
L0277,2026-06-02,2026-06-01,on_time,0
L0278,2026-08-17,2026-08-30,late,13
L0278,2026-07-18,2026-08-11,late,24
L0278,2026-06-18,2026-06-16,on_time,0
L0278,2026-05-19,2026-05-19,on_time,0
L0279,2026-08-18,2026-08-16,on_time,0
L0279,2026-07-19,2026-07-19,on_time,0
L0279,2026-06-19,2026-06-17,on_time,0
L0279,2026-05-20,2026-05-19,on_time,0
L0280,2026-09-09,2026-09-08,on_time,0
L0280,2026-08-10,2026-08-09,on_time,0
L0280,2026-07-11,2026-07-11,on_time,0
L0280,2026-06-11,2026-06-10,on_time,0
L0281,2026-08-25,2026-08-23,on_time,0
L0281,2026-07-26,2026-07-25,on_time,0
L0281,2026-06-26,2026-06-24,on_time,0
L0281,2026-05-27,2026-05-25,on_time,0
L0282,2026-08-18,2026-08-18,on_time,0
L0282,2026-07-19,2026-07-17,on_time,0
L0282,2026-06-19,2026-06-18,on_time,0
L0282,2026-05-20,2026-05-22,late,2
L0283,2026-08-28,2026-08-26,on_time,0
L0283,2026-07-29,2026-07-31,late,2
L0283,2026-06-29,2026-06-27,on_time,0
L0283,2026-05-30,2026-05-29,on_time,0
L0284,2026-08-24,2026-08-22,on_time,0
L0284,2026-07-25,2026-07-24,on_time,0
L0284,2026-06-25,2026-06-23,on_time,0
L0284,2026-05-26,2026-05-26,on_time,0
L0285,2026-08-19,2026-08-19,on_time,0
L0285,2026-07-20,2026-07-19,on_time,0
L0285,2026-06-20,2026-06-19,on_time,0
L0285,2026-05-21,2026-05-21,on_time,0
L0286,2026-08-26,2026-08-26,on_time,0
L0286,2026-07-27,2026-07-27,on_time,0
L0286,2026-06-27,2026-06-26,on_time,0
L0286,2026-05-28,2026-05-27,on_time,0
L0287,2026-08-16,2026-08-16,on_time,0
L0287,2026-07-17,2026-07-15,on_time,0
L0287,2026-06-17,2026-06-17,on_time,0
L0287,2026-05-18,2026-05-17,on_time,0
L0288,2026-08-20,2026-08-18,on_time,0
L0288,2026-07-21,2026-07-20,on_time,0
L0288,2026-06-21,2026-06-21,on_time,0
L0288,2026-05-22,2026-05-21,on_time,0
L0289,2026-08-16,2026-08-14,on_time,0
L0289,2026-07-17,2026-07-17,on_time,0
L0289,2026-06-17,2026-06-15,on_time,0
L0289,2026-05-18,2026-05-17,on_time,0
L0290,2026-08-22,2026-08-20,on_time,0
L0290,2026-07-23,2026-07-21,on_time,0
L0290,2026-06-23,2026-06-23,on_time,0
L0290,2026-05-24,2026-05-23,on_time,0
L0291,2026-08-24,2026-08-22,on_time,0
L0291,2026-07-25,2026-07-25,on_time,0
L0291,2026-06-25,2026-06-23,on_time,0
L0291,2026-05-26,2026-05-25,on_time,0
L0292,2026-08-19,2026-08-17,on_time,0
L0292,2026-07-20,2026-07-20,on_time,0
L0292,2026-06-20,2026-06-20,on_time,0
L0292,2026-05-21,2026-05-21,on_time,0
L0293,2026-09-02,2026-08-31,on_time,0
L0293,2026-08-03,2026-08-01,on_time,0
L0293,2026-07-04,2026-07-03,on_time,0
L0293,2026-06-04,2026-06-03,on_time,0
L0294,2026-09-08,2026-09-07,on_time,0
L0294,2026-08-09,2026-08-12,late,3
L0294,2026-07-10,2026-07-10,on_time,0
L0294,2026-06-10,2026-06-08,on_time,0
L0295,2026-09-05,2026-09-03,on_time,0
L0295,2026-08-06,2026-08-05,on_time,0
L0295,2026-07-07,2026-07-07,on_time,0
L0295,2026-06-07,2026-06-05,on_time,0
L0296,2026-08-19,2026-08-17,on_time,0
L0296,2026-07-20,2026-07-19,on_time,0
L0296,2026-06-20,2026-06-20,on_time,0
L0296,2026-05-21,2026-05-20,on_time,0
L0297,2026-09-12,2026-09-14,late,2
L0297,2026-08-13,2026-08-12,on_time,0
L0297,2026-07-14,2026-07-12,on_time,0
L0297,2026-06-14,2026-06-14,on_time,0
L0298,2026-09-05,2026-09-05,on_time,0
L0298,2026-08-06,2026-08-05,on_time,0
L0298,2026-07-07,2026-07-07,on_time,0
L0298,2026-06-07,2026-06-06,on_time,0
L0299,2026-08-16,2026-08-14,on_time,0
L0299,2026-07-17,2026-07-16,on_time,0
L0299,2026-06-17,2026-06-16,on_time,0
L0299,2026-05-18,2026-05-18,on_time,0
L0300,2026-08-17,2026-08-17,on_time,0
L0300,2026-07-18,2026-07-17,on_time,0
L0300,2026-06-18,2026-06-18,on_time,0
L0300,2026-05-19,2026-05-17,on_time,0
L0301,2026-08-17,2026-08-16,on_time,0
L0301,2026-07-18,2026-07-16,on_time,0
L0301,2026-06-18,2026-06-17,on_time,0
L0301,2026-05-19,2026-05-18,on_time,0
L0302,2026-09-07,2026-09-14,late,7
L0302,2026-08-08,2026-08-20,late,12
L0302,2026-07-09,2026-07-08,on_time,0
L0302,2026-06-09,2026-06-07,on_time,0
L0303,2026-09-09,2026-09-08,on_time,0
L0303,2026-08-10,2026-08-10,on_time,0
L0303,2026-07-11,2026-07-09,on_time,0
L0303,2026-06-11,2026-06-10,on_time,0
L0304,2026-09-02,2026-09-14,late,12
L0304,2026-08-03,2026-08-11,late,8
L0304,2026-07-04,2026-07-12,late,8
L0304,2026-06-04,2026-06-06,late,2
L0305,2026-08-25,2026-08-23,on_time,0
L0305,2026-07-26,2026-07-25,on_time,0
L0305,2026-06-26,2026-06-24,on_time,0
L0305,2026-05-27,2026-05-26,on_time,0
L0306,2026-09-04,2026-09-03,on_time,0
L0306,2026-08-05,2026-08-04,on_time,0
L0306,2026-07-06,2026-07-06,on_time,0
L0306,2026-06-06,2026-06-04,on_time,0
L0307,2026-09-02,2026-09-01,on_time,0
L0307,2026-08-03,2026-08-01,on_time,0
L0307,2026-07-04,2026-07-02,on_time,0
L0307,2026-06-04,2026-06-02,on_time,0
L0308,2026-09-12,2026-09-11,on_time,0
L0308,2026-08-13,2026-08-13,on_time,0
L0308,2026-07-14,2026-07-13,on_time,0
L0308,2026-06-14,2026-06-14,on_time,0
L0309,2026-09-06,2026-09-06,on_time,0
L0309,2026-08-07,2026-08-05,on_time,0
L0309,2026-07-08,2026-07-07,on_time,0
L0309,2026-06-08,2026-06-08,on_time,0
L0310,2026-08-21,2026-08-20,on_time,0
L0310,2026-07-22,2026-07-20,on_time,0
L0310,2026-06-22,2026-06-21,on_time,0
L0310,2026-05-23,2026-05-22,on_time,0
L0311,2026-08-24,2026-08-23,on_time,0
L0311,2026-07-25,2026-07-24,on_time,0
L0311,2026-06-25,2026-06-23,on_time,0
L0311,2026-05-26,2026-05-26,on_time,0
L0312,2026-09-08,2026-09-07,on_time,0
L0312,2026-08-09,2026-08-09,on_time,0
L0312,2026-07-10,2026-07-08,on_time,0
L0312,2026-06-10,2026-06-09,on_time,0
L0313,2026-08-16,2026-09-04,late,19
L0313,2026-07-17,2026-08-04,late,18
L0313,2026-06-17,2026-06-15,on_time,0
L0313,2026-05-18,2026-05-18,on_time,0
L0314,2026-09-05,2026-09-04,on_time,0
L0314,2026-08-06,2026-08-05,on_time,0
L0314,2026-07-07,2026-07-05,on_time,0
L0314,2026-06-07,2026-06-06,on_time,0
L0315,2026-08-22,2026-08-27,late,5
L0315,2026-07-23,2026-07-29,late,6
L0315,2026-06-23,2026-06-23,on_time,0
L0315,2026-05-24,2026-05-22,on_time,0
L0316,2026-08-27,2026-09-12,late,16
L0316,2026-07-28,2026-07-28,on_time,0
L0316,2026-06-28,2026-06-26,on_time,0
L0316,2026-05-29,2026-05-28,on_time,0
L0317,2026-08-28,2026-08-26,on_time,0
L0317,2026-07-29,2026-07-28,on_time,0
L0317,2026-06-29,2026-06-27,on_time,0
L0317,2026-05-30,2026-05-29,on_time,0
L0318,2026-08-18,2026-08-17,on_time,0
L0318,2026-07-19,2026-07-17,on_time,0
L0318,2026-06-19,2026-06-17,on_time,0
L0318,2026-05-20,2026-05-18,on_time,0
L0319,2026-09-08,2026-09-06,on_time,0
L0319,2026-08-09,2026-08-07,on_time,0
L0319,2026-07-10,2026-07-10,on_time,0
L0319,2026-06-10,2026-06-08,on_time,0
L0320,2026-08-22,2026-08-20,on_time,0
L0320,2026-07-23,2026-07-22,on_time,0
L0320,2026-06-23,2026-06-23,on_time,0
L0320,2026-05-24,2026-05-24,on_time,0
L0321,2026-08-26,2026-08-26,on_time,0
L0321,2026-07-27,2026-07-26,on_time,0
L0321,2026-06-27,2026-06-26,on_time,0
L0321,2026-05-28,2026-05-27,on_time,0
L0322,2026-08-19,2026-08-17,on_time,0
L0322,2026-07-20,2026-07-18,on_time,0
L0322,2026-06-20,2026-06-20,on_time,0
L0322,2026-05-21,2026-05-21,on_time,0
L0323,2026-09-06,2026-09-05,on_time,0
L0323,2026-08-07,2026-08-09,late,2
L0323,2026-07-08,2026-07-06,on_time,0
L0323,2026-06-08,2026-06-07,on_time,0
L0324,2026-08-20,2026-08-18,on_time,0
L0324,2026-07-21,2026-07-21,on_time,0
L0324,2026-06-21,2026-06-19,on_time,0
L0324,2026-05-22,2026-05-20,on_time,0
L0325,2026-08-18,2026-08-16,on_time,0
L0325,2026-07-19,2026-07-19,on_time,0
L0325,2026-06-19,2026-06-19,on_time,0
L0325,2026-05-20,2026-05-19,on_time,0
L0326,2026-08-29,2026-08-28,on_time,0
L0326,2026-07-30,2026-07-28,on_time,0
L0326,2026-06-30,2026-06-28,on_time,0
L0326,2026-05-31,2026-05-31,on_time,0
L0327,2026-08-23,2026-08-23,on_time,0
L0327,2026-07-24,2026-07-23,on_time,0
L0327,2026-06-24,2026-06-22,on_time,0
L0327,2026-05-25,2026-05-23,on_time,0
L0328,2026-08-29,2026-08-27,on_time,0
L0328,2026-07-30,2026-07-30,on_time,0
L0328,2026-06-30,2026-06-28,on_time,0
L0328,2026-05-31,2026-05-31,on_time,0
L0329,2026-08-26,2026-08-26,on_time,0
L0329,2026-07-27,2026-07-25,on_time,0
L0329,2026-06-27,2026-06-25,on_time,0
L0329,2026-05-28,2026-05-26,on_time,0
L0330,2026-08-24,2026-08-24,on_time,0
L0330,2026-07-25,2026-07-23,on_time,0
L0330,2026-06-25,2026-06-25,on_time,0
L0330,2026-05-26,2026-05-24,on_time,0
L0331,2026-09-11,2026-09-11,on_time,0
L0331,2026-08-12,2026-08-10,on_time,0
L0331,2026-07-13,2026-07-11,on_time,0
L0331,2026-06-13,2026-06-12,on_time,0
L0332,2026-09-11,2026-09-09,on_time,0
L0332,2026-08-12,2026-08-12,on_time,0
L0332,2026-07-13,2026-07-11,on_time,0
L0332,2026-06-13,2026-06-11,on_time,0
L0333,2026-09-03,,missed,11
L0333,2026-08-04,2026-08-03,on_time,0
L0333,2026-07-05,2026-07-03,on_time,0
L0333,2026-06-05,2026-06-05,on_time,0
L0334,2026-09-11,2026-09-10,on_time,0
L0334,2026-08-12,2026-08-12,on_time,0
L0334,2026-07-13,2026-07-12,on_time,0
L0334,2026-06-13,2026-06-13,on_time,0
L0335,2026-08-21,2026-09-07,late,17
L0335,2026-07-22,2026-07-30,late,8
L0335,2026-06-22,2026-07-02,late,10
L0335,2026-05-23,2026-06-05,late,13
L0336,2026-09-02,2026-09-01,on_time,0
L0336,2026-08-03,2026-08-03,on_time,0
L0336,2026-07-04,2026-07-04,on_time,0
L0336,2026-06-04,2026-06-03,on_time,0
L0337,2026-09-12,2026-09-11,on_time,0
L0337,2026-08-13,2026-08-12,on_time,0
L0337,2026-07-14,2026-07-14,on_time,0
L0337,2026-06-14,2026-06-13,on_time,0
L0338,2026-08-27,2026-08-25,on_time,0
L0338,2026-07-28,2026-07-28,on_time,0
L0338,2026-06-28,2026-06-26,on_time,0
L0338,2026-05-29,2026-05-27,on_time,0
L0339,2026-08-20,2026-08-18,on_time,0
L0339,2026-07-21,2026-07-20,on_time,0
L0339,2026-06-21,2026-06-19,on_time,0
L0339,2026-05-22,2026-05-20,on_time,0
L0340,2026-08-17,2026-08-15,on_time,0
L0340,2026-07-18,2026-07-16,on_time,0
L0340,2026-06-18,2026-06-17,on_time,0
L0340,2026-05-19,2026-05-19,on_time,0
L0341,2026-09-11,2026-09-10,on_time,0
L0341,2026-08-12,2026-08-10,on_time,0
L0341,2026-07-13,2026-07-13,on_time,0
L0341,2026-06-13,2026-06-11,on_time,0
L0342,2026-08-25,,missed,20
L0342,2026-07-26,2026-07-25,on_time,0
L0342,2026-06-26,2026-06-26,on_time,0
L0342,2026-05-27,2026-05-27,on_time,0
L0343,2026-09-04,2026-09-03,on_time,0
L0343,2026-08-05,2026-08-05,on_time,0
L0343,2026-07-06,2026-07-04,on_time,0
L0343,2026-06-06,2026-06-04,on_time,0
L0344,2026-09-06,2026-09-05,on_time,0
L0344,2026-08-07,2026-08-07,on_time,0
L0344,2026-07-08,2026-07-08,on_time,0
L0344,2026-06-08,2026-06-06,on_time,0
L0345,2026-08-18,2026-08-17,on_time,0
L0345,2026-07-19,2026-07-19,on_time,0
L0345,2026-06-19,2026-06-19,on_time,0
L0345,2026-05-20,2026-05-20,on_time,0
L0346,2026-08-16,2026-08-16,on_time,0
L0346,2026-07-17,2026-07-16,on_time,0
L0346,2026-06-17,2026-06-17,on_time,0
L0346,2026-05-18,2026-05-16,on_time,0
L0347,2026-09-03,2026-09-01,on_time,0
L0347,2026-08-04,2026-08-02,on_time,0
L0347,2026-07-05,2026-07-05,on_time,0
L0347,2026-06-05,2026-06-03,on_time,0
L0348,2026-09-06,2026-09-04,on_time,0
L0348,2026-08-07,2026-08-07,on_time,0
L0348,2026-07-08,2026-07-08,on_time,0
L0348,2026-06-08,2026-06-08,on_time,0
L0349,2026-09-03,2026-09-02,on_time,0
L0349,2026-08-04,2026-08-02,on_time,0
L0349,2026-07-05,2026-07-05,on_time,0
L0349,2026-06-05,2026-06-03,on_time,0
L0350,2026-08-27,2026-09-06,late,10
L0350,2026-07-28,2026-07-26,on_time,0
L0350,2026-06-28,2026-06-26,on_time,0
L0350,2026-05-29,2026-05-28,on_time,0
L0351,2026-09-02,2026-09-08,late,6
L0351,2026-08-03,2026-08-02,on_time,0
L0351,2026-07-04,2026-07-02,on_time,0
L0351,2026-06-04,2026-06-03,on_time,0
L0352,2026-09-09,2026-09-08,on_time,0
L0352,2026-08-10,2026-08-10,on_time,0
L0352,2026-07-11,2026-07-10,on_time,0
L0352,2026-06-11,2026-06-11,on_time,0
L0353,2026-09-10,2026-09-08,on_time,0
L0353,2026-08-11,2026-08-10,on_time,0
L0353,2026-07-12,2026-07-12,on_time,0
L0353,2026-06-12,2026-06-12,on_time,0
L0354,2026-08-17,2026-08-17,on_time,0
L0354,2026-07-18,2026-07-16,on_time,0
L0354,2026-06-18,2026-06-22,late,4
L0354,2026-05-19,2026-05-18,on_time,0
L0355,2026-08-26,2026-08-26,on_time,0
L0355,2026-07-27,2026-07-27,on_time,0
L0355,2026-06-27,2026-06-27,on_time,0
L0355,2026-05-28,2026-05-28,on_time,0
L0356,2026-08-25,2026-08-24,on_time,0
L0356,2026-07-26,2026-07-26,on_time,0
L0356,2026-06-26,2026-06-25,on_time,0
L0356,2026-05-27,2026-05-27,on_time,0
L0357,2026-08-24,2026-08-24,on_time,0
L0357,2026-07-25,2026-07-25,on_time,0
L0357,2026-06-25,2026-06-25,on_time,0
L0357,2026-05-26,2026-05-24,on_time,0
L0358,2026-09-07,2026-09-07,on_time,0
L0358,2026-08-08,2026-08-06,on_time,0
L0358,2026-07-09,2026-07-09,on_time,0
L0358,2026-06-09,2026-06-09,on_time,0
L0359,2026-08-24,2026-08-23,on_time,0
L0359,2026-07-25,2026-07-25,on_time,0
L0359,2026-06-25,2026-06-23,on_time,0
L0359,2026-05-26,2026-05-26,on_time,0
L0360,2026-08-23,2026-08-23,on_time,0
L0360,2026-07-24,2026-07-24,on_time,0
L0360,2026-06-24,2026-06-24,on_time,0
L0360,2026-05-25,2026-05-24,on_time,0
L0361,2026-08-26,2026-08-25,on_time,0
L0361,2026-07-27,2026-07-25,on_time,0
L0361,2026-06-27,2026-06-27,on_time,0
L0361,2026-05-28,2026-05-26,on_time,0
L0362,2026-09-10,2026-09-11,late,1
L0362,2026-08-11,2026-08-09,on_time,0
L0362,2026-07-12,2026-07-11,on_time,0
L0362,2026-06-12,2026-06-10,on_time,0
L0363,2026-09-04,2026-09-04,on_time,0
L0363,2026-08-05,2026-08-03,on_time,0
L0363,2026-07-06,2026-07-04,on_time,0
L0363,2026-06-06,2026-06-04,on_time,0
L0364,2026-08-27,2026-08-27,on_time,0
L0364,2026-07-28,2026-07-28,on_time,0
L0364,2026-06-28,2026-06-26,on_time,0
L0364,2026-05-29,2026-05-29,on_time,0
L0365,2026-08-31,2026-08-31,on_time,0
L0365,2026-08-01,2026-07-30,on_time,0
L0365,2026-07-02,2026-06-30,on_time,0
L0365,2026-06-02,2026-06-02,on_time,0
L0366,2026-08-21,2026-08-21,on_time,0
L0366,2026-07-22,2026-07-22,on_time,0
L0366,2026-06-22,2026-06-20,on_time,0
L0366,2026-05-23,2026-05-21,on_time,0
L0367,2026-08-19,2026-08-18,on_time,0
L0367,2026-07-20,2026-07-20,on_time,0
L0367,2026-06-20,2026-06-22,late,2
L0367,2026-05-21,2026-05-19,on_time,0
L0368,2026-08-29,2026-08-28,on_time,0
L0368,2026-07-30,2026-07-29,on_time,0
L0368,2026-06-30,2026-06-29,on_time,0
L0368,2026-05-31,2026-05-30,on_time,0
L0369,2026-09-03,2026-09-02,on_time,0
L0369,2026-08-04,2026-08-03,on_time,0
L0369,2026-07-05,2026-07-03,on_time,0
L0369,2026-06-05,2026-06-03,on_time,0
L0370,2026-09-01,2026-09-01,on_time,0
L0370,2026-08-02,2026-07-31,on_time,0
L0370,2026-07-03,2026-07-01,on_time,0
L0370,2026-06-03,2026-06-01,on_time,0
L0371,2026-08-17,2026-08-17,on_time,0
L0371,2026-07-18,2026-07-16,on_time,0
L0371,2026-06-18,2026-06-16,on_time,0
L0371,2026-05-19,2026-05-19,on_time,0
L0372,2026-08-16,2026-08-16,on_time,0
L0372,2026-07-17,2026-07-16,on_time,0
L0372,2026-06-17,2026-06-15,on_time,0
L0372,2026-05-18,2026-05-17,on_time,0
L0373,2026-08-17,2026-08-15,on_time,0
L0373,2026-07-18,2026-07-18,on_time,0
L0373,2026-06-18,2026-06-17,on_time,0
L0373,2026-05-19,2026-05-18,on_time,0
L0374,2026-08-31,2026-08-29,on_time,0
L0374,2026-08-01,2026-07-30,on_time,0
L0374,2026-07-02,2026-06-30,on_time,0
L0374,2026-06-02,2026-06-02,on_time,0
L0375,2026-08-30,2026-08-30,on_time,0
L0375,2026-07-31,2026-07-31,on_time,0
L0375,2026-07-01,2026-06-30,on_time,0
L0375,2026-06-01,2026-05-31,on_time,0
L0376,2026-09-07,2026-09-07,on_time,0
L0376,2026-08-08,2026-08-07,on_time,0
L0376,2026-07-09,2026-07-09,on_time,0
L0376,2026-06-09,2026-06-08,on_time,0
L0377,2026-09-03,2026-09-03,on_time,0
L0377,2026-08-04,2026-08-04,on_time,0
L0377,2026-07-05,2026-07-03,on_time,0
L0377,2026-06-05,2026-06-04,on_time,0
L0378,2026-09-09,2026-09-09,on_time,0
L0378,2026-08-10,2026-08-10,on_time,0
L0378,2026-07-11,2026-07-10,on_time,0
L0378,2026-06-11,2026-06-11,on_time,0
L0379,2026-09-09,2026-09-07,on_time,0
L0379,2026-08-10,2026-08-10,on_time,0
L0379,2026-07-11,2026-07-09,on_time,0
L0379,2026-06-11,2026-06-09,on_time,0
L0380,2026-09-08,2026-09-07,on_time,0
L0380,2026-08-09,2026-08-08,on_time,0
L0380,2026-07-10,2026-07-09,on_time,0
L0380,2026-06-10,2026-06-10,on_time,0
L0381,2026-08-29,2026-08-28,on_time,0
L0381,2026-07-30,2026-07-28,on_time,0
L0381,2026-06-30,2026-06-29,on_time,0
L0381,2026-05-31,2026-05-31,on_time,0
L0382,2026-08-18,2026-08-18,on_time,0
L0382,2026-07-19,2026-07-18,on_time,0
L0382,2026-06-19,2026-06-17,on_time,0
L0382,2026-05-20,2026-05-19,on_time,0
L0383,2026-09-08,2026-09-08,on_time,0
L0383,2026-08-09,2026-08-08,on_time,0
L0383,2026-07-10,2026-07-10,on_time,0
L0383,2026-06-10,2026-06-08,on_time,0
L0384,2026-08-17,2026-08-17,on_time,0
L0384,2026-07-18,2026-07-18,on_time,0
L0384,2026-06-18,2026-06-17,on_time,0
L0384,2026-05-19,2026-05-18,on_time,0
L0385,2026-08-25,2026-08-25,on_time,0
L0385,2026-07-26,2026-07-24,on_time,0
L0385,2026-06-26,2026-06-24,on_time,0
L0385,2026-05-27,2026-05-27,on_time,0
L0386,2026-09-11,2026-09-10,on_time,0
L0386,2026-08-12,2026-08-12,on_time,0
L0386,2026-07-13,2026-07-12,on_time,0
L0386,2026-06-13,2026-06-13,on_time,0
L0387,2026-08-31,2026-08-30,on_time,0
L0387,2026-08-01,2026-08-01,on_time,0
L0387,2026-07-02,2026-07-01,on_time,0
L0387,2026-06-02,2026-06-02,on_time,0
L0388,2026-08-22,2026-08-22,on_time,0
L0388,2026-07-23,2026-07-21,on_time,0
L0388,2026-06-23,2026-06-23,on_time,0
L0388,2026-05-24,2026-05-23,on_time,0
L0389,2026-09-12,,missed,2
L0389,2026-08-13,2026-08-31,late,18
L0389,2026-07-14,2026-07-13,on_time,0
L0389,2026-06-14,2026-06-12,on_time,0
L0390,2026-09-02,2026-09-01,on_time,0
L0390,2026-08-03,2026-08-03,on_time,0
L0390,2026-07-04,2026-07-04,on_time,0
L0390,2026-06-04,2026-06-03,on_time,0
L0391,2026-09-02,2026-09-01,on_time,0
L0391,2026-08-03,2026-08-02,on_time,0
L0391,2026-07-04,2026-07-03,on_time,0
L0391,2026-06-04,2026-06-02,on_time,0
L0392,2026-08-27,2026-08-26,on_time,0
L0392,2026-07-28,2026-07-28,on_time,0
L0392,2026-06-28,2026-06-28,on_time,0
L0392,2026-05-29,2026-05-27,on_time,0
L0393,2026-09-03,2026-09-01,on_time,0
L0393,2026-08-04,2026-08-04,on_time,0
L0393,2026-07-05,2026-07-05,on_time,0
L0393,2026-06-05,2026-06-03,on_time,0
L0394,2026-09-06,2026-09-05,on_time,0
L0394,2026-08-07,2026-08-06,on_time,0
L0394,2026-07-08,2026-07-07,on_time,0
L0394,2026-06-08,2026-06-08,on_time,0
L0395,2026-09-01,2026-09-01,on_time,0
L0395,2026-08-02,2026-08-01,on_time,0
L0395,2026-07-03,2026-07-01,on_time,0
L0395,2026-06-03,2026-06-02,on_time,0
L0396,2026-09-10,2026-09-08,on_time,0
L0396,2026-08-11,2026-08-09,on_time,0
L0396,2026-07-12,2026-07-10,on_time,0
L0396,2026-06-12,2026-06-10,on_time,0
L0397,2026-09-12,2026-09-12,on_time,0
L0397,2026-08-13,2026-08-12,on_time,0
L0397,2026-07-14,2026-07-13,on_time,0
L0397,2026-06-14,2026-06-12,on_time,0
L0398,2026-09-05,2026-09-03,on_time,0
L0398,2026-08-06,2026-08-05,on_time,0
L0398,2026-07-07,2026-07-05,on_time,0
L0398,2026-06-07,2026-06-07,on_time,0
L0399,2026-08-19,2026-09-06,late,18
L0399,2026-07-20,2026-08-02,late,13
L0399,2026-06-20,2026-07-08,late,18
L0399,2026-05-21,2026-05-27,late,6
L0400,2026-08-25,2026-08-23,on_time,0
L0400,2026-07-26,2026-07-26,on_time,0
L0400,2026-06-26,2026-06-25,on_time,0
L0400,2026-05-27,2026-05-27,on_time,0
L0401,2026-08-20,2026-08-20,on_time,0
L0401,2026-07-21,2026-07-19,on_time,0
L0401,2026-06-21,2026-06-21,on_time,0
L0401,2026-05-22,2026-05-20,on_time,0
L0402,2026-09-01,2026-09-01,on_time,0
L0402,2026-08-02,2026-07-31,on_time,0
L0402,2026-07-03,2026-07-02,on_time,0
L0402,2026-06-03,2026-06-02,on_time,0
L0403,2026-08-25,2026-08-25,on_time,0
L0403,2026-07-26,2026-07-24,on_time,0
L0403,2026-06-26,2026-06-26,on_time,0
L0403,2026-05-27,2026-05-25,on_time,0
L0404,2026-08-19,2026-09-09,late,21
L0404,2026-07-20,2026-07-20,on_time,0
L0404,2026-06-20,2026-06-18,on_time,0
L0404,2026-05-21,2026-05-20,on_time,0
L0405,2026-09-01,2026-08-30,on_time,0
L0405,2026-08-02,2026-08-01,on_time,0
L0405,2026-07-03,2026-07-02,on_time,0
L0405,2026-06-03,2026-06-01,on_time,0
L0406,2026-08-21,2026-08-24,late,3
L0406,2026-07-22,2026-08-11,late,20
L0406,2026-06-22,2026-06-22,on_time,0
L0406,2026-05-23,2026-05-23,on_time,0
L0407,2026-08-21,2026-08-20,on_time,0
L0407,2026-07-22,2026-07-20,on_time,0
L0407,2026-06-22,2026-06-22,on_time,0
L0407,2026-05-23,2026-05-22,on_time,0
L0408,2026-08-26,2026-08-26,on_time,0
L0408,2026-07-27,2026-07-25,on_time,0
L0408,2026-06-27,2026-06-25,on_time,0
L0408,2026-05-28,2026-05-27,on_time,0
L0409,2026-08-31,2026-08-30,on_time,0
L0409,2026-08-01,2026-07-30,on_time,0
L0409,2026-07-02,2026-06-30,on_time,0
L0409,2026-06-02,2026-05-31,on_time,0
L0410,2026-09-04,2026-09-03,on_time,0
L0410,2026-08-05,2026-08-03,on_time,0
L0410,2026-07-06,2026-07-06,on_time,0
L0410,2026-06-06,2026-06-05,on_time,0
L0411,2026-08-28,2026-08-27,on_time,0
L0411,2026-07-29,2026-07-28,on_time,0
L0411,2026-06-29,2026-06-28,on_time,0
L0411,2026-05-30,2026-05-30,on_time,0
L0412,2026-08-26,2026-08-24,on_time,0
L0412,2026-07-27,2026-07-26,on_time,0
L0412,2026-06-27,2026-06-25,on_time,0
L0412,2026-05-28,2026-05-26,on_time,0
L0413,2026-08-27,2026-08-25,on_time,0
L0413,2026-07-28,2026-07-27,on_time,0
L0413,2026-06-28,2026-06-26,on_time,0
L0413,2026-05-29,2026-05-27,on_time,0
L0414,2026-09-04,2026-09-02,on_time,0
L0414,2026-08-05,2026-08-04,on_time,0
L0414,2026-07-06,2026-07-06,on_time,0
L0414,2026-06-06,2026-06-05,on_time,0
L0415,2026-09-05,2026-09-05,on_time,0
L0415,2026-08-06,2026-08-05,on_time,0
L0415,2026-07-07,2026-07-07,on_time,0
L0415,2026-06-07,2026-06-05,on_time,0
L0416,2026-08-18,2026-08-16,on_time,0
L0416,2026-07-19,2026-07-17,on_time,0
L0416,2026-06-19,2026-06-17,on_time,0
L0416,2026-05-20,2026-05-20,on_time,0
L0417,2026-08-20,2026-08-19,on_time,0
L0417,2026-07-21,2026-07-26,late,5
L0417,2026-06-21,2026-06-21,on_time,0
L0417,2026-05-22,2026-05-22,on_time,0
L0418,2026-08-24,2026-08-23,on_time,0
L0418,2026-07-25,2026-07-24,on_time,0
L0418,2026-06-25,2026-06-23,on_time,0
L0418,2026-05-26,2026-05-25,on_time,0
L0419,2026-08-18,2026-08-16,on_time,0
L0419,2026-07-19,2026-07-17,on_time,0
L0419,2026-06-19,2026-06-17,on_time,0
L0419,2026-05-20,2026-05-20,on_time,0
L0420,2026-08-28,2026-08-28,on_time,0
L0420,2026-07-29,2026-07-27,on_time,0
L0420,2026-06-29,2026-06-29,on_time,0
L0420,2026-05-30,2026-05-29,on_time,0
L0421,2026-08-23,2026-08-21,on_time,0
L0421,2026-07-24,2026-07-24,on_time,0
L0421,2026-06-24,2026-06-22,on_time,0
L0421,2026-05-25,2026-05-24,on_time,0
L0422,2026-09-02,2026-09-01,on_time,0
L0422,2026-08-03,2026-08-01,on_time,0
L0422,2026-07-04,2026-07-04,on_time,0
L0422,2026-06-04,2026-06-02,on_time,0
L0423,2026-09-07,2026-09-05,on_time,0
L0423,2026-08-08,2026-08-06,on_time,0
L0423,2026-07-09,2026-07-09,on_time,0
L0423,2026-06-09,2026-06-07,on_time,0
L0424,2026-08-28,2026-08-28,on_time,0
L0424,2026-07-29,2026-07-29,on_time,0
L0424,2026-06-29,2026-06-29,on_time,0
L0424,2026-05-30,2026-05-30,on_time,0
L0425,2026-08-27,2026-09-14,late,18
L0425,2026-07-28,2026-08-12,late,15
L0425,2026-06-28,2026-06-28,on_time,0
L0425,2026-05-29,2026-05-27,on_time,0
L0426,2026-08-30,2026-08-30,on_time,0
L0426,2026-07-31,2026-07-30,on_time,0
L0426,2026-07-01,2026-06-30,on_time,0
L0426,2026-06-01,2026-05-30,on_time,0
L0427,2026-08-19,2026-08-18,on_time,0
L0427,2026-07-20,2026-07-18,on_time,0
L0427,2026-06-20,2026-06-20,on_time,0
L0427,2026-05-21,2026-05-20,on_time,0
L0428,2026-09-11,2026-09-10,on_time,0
L0428,2026-08-12,2026-08-12,on_time,0
L0428,2026-07-13,2026-07-12,on_time,0
L0428,2026-06-13,2026-06-12,on_time,0
L0429,2026-09-06,2026-09-05,on_time,0
L0429,2026-08-07,2026-08-07,on_time,0
L0429,2026-07-08,2026-07-06,on_time,0
L0429,2026-06-08,2026-06-07,on_time,0
L0430,2026-09-05,2026-09-14,late,9
L0430,2026-08-06,2026-08-05,on_time,0
L0430,2026-07-07,2026-07-05,on_time,0
L0430,2026-06-07,2026-06-06,on_time,0
L0431,2026-08-28,2026-08-27,on_time,0
L0431,2026-07-29,2026-07-27,on_time,0
L0431,2026-06-29,2026-06-28,on_time,0
L0431,2026-05-30,2026-05-29,on_time,0
L0432,2026-08-23,2026-08-22,on_time,0
L0432,2026-07-24,2026-07-23,on_time,0
L0432,2026-06-24,2026-06-22,on_time,0
L0432,2026-05-25,2026-05-25,on_time,0
L0433,2026-08-23,2026-08-22,on_time,0
L0433,2026-07-24,2026-07-22,on_time,0
L0433,2026-06-24,2026-06-22,on_time,0
L0433,2026-05-25,2026-05-25,on_time,0
L0434,2026-08-17,2026-08-16,on_time,0
L0434,2026-07-18,2026-07-16,on_time,0
L0434,2026-06-18,2026-06-17,on_time,0
L0434,2026-05-19,2026-05-17,on_time,0
L0435,2026-08-30,2026-08-30,on_time,0
L0435,2026-07-31,2026-07-31,on_time,0
L0435,2026-07-01,2026-07-01,on_time,0
L0435,2026-06-01,2026-05-31,on_time,0
L0436,2026-08-17,2026-08-17,on_time,0
L0436,2026-07-18,2026-07-18,on_time,0
L0436,2026-06-18,2026-06-17,on_time,0
L0436,2026-05-19,2026-05-17,on_time,0
L0437,2026-09-11,2026-09-13,late,2
L0437,2026-08-12,2026-08-10,on_time,0
L0437,2026-07-13,2026-07-13,on_time,0
L0437,2026-06-13,2026-06-13,on_time,0
L0438,2026-08-27,2026-08-26,on_time,0
L0438,2026-07-28,2026-07-26,on_time,0
L0438,2026-06-28,2026-06-26,on_time,0
L0438,2026-05-29,2026-05-27,on_time,0
L0439,2026-08-24,2026-08-22,on_time,0
L0439,2026-07-25,2026-07-25,on_time,0
L0439,2026-06-25,2026-06-24,on_time,0
L0439,2026-05-26,2026-05-24,on_time,0
L0440,2026-08-18,2026-08-18,on_time,0
L0440,2026-07-19,2026-07-18,on_time,0
L0440,2026-06-19,2026-06-19,on_time,0
L0440,2026-05-20,2026-05-20,on_time,0
L0441,2026-09-08,2026-09-07,on_time,0
L0441,2026-08-09,2026-08-07,on_time,0
L0441,2026-07-10,2026-07-10,on_time,0
L0441,2026-06-10,2026-06-10,on_time,0
L0442,2026-09-04,2026-09-05,late,1
L0442,2026-08-05,2026-08-03,on_time,0
L0442,2026-07-06,2026-07-06,on_time,0
L0442,2026-06-06,2026-06-05,on_time,0
L0443,2026-08-25,2026-08-24,on_time,0
L0443,2026-07-26,2026-07-25,on_time,0
L0443,2026-06-26,2026-06-25,on_time,0
L0443,2026-05-27,2026-05-25,on_time,0
L0444,2026-09-12,2026-09-14,late,2
L0444,2026-08-13,2026-09-04,late,22
L0444,2026-07-14,2026-07-18,late,4
L0444,2026-06-14,2026-06-13,on_time,0
L0445,2026-09-01,2026-08-31,on_time,0
L0445,2026-08-02,2026-07-31,on_time,0
L0445,2026-07-03,2026-07-01,on_time,0
L0445,2026-06-03,2026-06-03,on_time,0
L0446,2026-09-03,2026-09-02,on_time,0
L0446,2026-08-04,2026-08-03,on_time,0
L0446,2026-07-05,2026-07-03,on_time,0
L0446,2026-06-05,2026-06-04,on_time,0
L0447,2026-09-04,2026-09-02,on_time,0
L0447,2026-08-05,2026-08-03,on_time,0
L0447,2026-07-06,2026-07-06,on_time,0
L0447,2026-06-06,2026-06-04,on_time,0
L0448,2026-08-29,2026-08-28,on_time,0
L0448,2026-07-30,2026-07-30,on_time,0
L0448,2026-06-30,2026-06-29,on_time,0
L0448,2026-05-31,2026-05-31,on_time,0
L0449,2026-08-23,2026-08-22,on_time,0
L0449,2026-07-24,2026-07-23,on_time,0
L0449,2026-06-24,2026-06-22,on_time,0
L0449,2026-05-25,2026-05-27,late,2
L0450,2026-08-31,2026-09-10,late,10
L0450,2026-08-01,2026-08-18,late,17
L0450,2026-07-02,2026-07-01,on_time,0
L0450,2026-06-02,2026-06-02,on_time,0
L0451,2026-08-21,2026-08-21,on_time,0
L0451,2026-07-22,2026-07-20,on_time,0
L0451,2026-06-22,2026-06-21,on_time,0
L0451,2026-05-23,2026-05-24,late,1
L0452,2026-08-16,2026-08-15,on_time,0
L0452,2026-07-17,2026-07-17,on_time,0
L0452,2026-06-17,2026-06-16,on_time,0
L0452,2026-05-18,2026-05-17,on_time,0
L0453,2026-09-04,2026-09-03,on_time,0
L0453,2026-08-05,2026-08-05,on_time,0
L0453,2026-07-06,2026-07-05,on_time,0
L0453,2026-06-06,2026-06-04,on_time,0
L0454,2026-08-30,2026-09-14,late,15
L0454,2026-07-31,2026-08-23,late,23
L0454,2026-07-01,2026-07-12,late,11
L0454,2026-06-01,2026-06-01,on_time,0
L0455,2026-08-24,2026-08-22,on_time,0
L0455,2026-07-25,2026-07-25,on_time,0
L0455,2026-06-25,2026-06-25,on_time,0
L0455,2026-05-26,2026-05-24,on_time,0
L0456,2026-08-25,2026-08-25,on_time,0
L0456,2026-07-26,2026-07-25,on_time,0
L0456,2026-06-26,2026-06-25,on_time,0
L0456,2026-05-27,2026-05-26,on_time,0
L0457,2026-08-18,2026-08-18,on_time,0
L0457,2026-07-19,2026-07-18,on_time,0
L0457,2026-06-19,2026-06-18,on_time,0
L0457,2026-05-20,2026-05-19,on_time,0
L0458,2026-08-19,2026-08-19,on_time,0
L0458,2026-07-20,2026-07-18,on_time,0
L0458,2026-06-20,2026-06-20,on_time,0
L0458,2026-05-21,2026-05-20,on_time,0
L0459,2026-09-09,2026-09-08,on_time,0
L0459,2026-08-10,2026-08-08,on_time,0
L0459,2026-07-11,2026-07-10,on_time,0
L0459,2026-06-11,2026-06-11,on_time,0
L0460,2026-09-01,2026-08-30,on_time,0
L0460,2026-08-02,2026-08-02,on_time,0
L0460,2026-07-03,2026-07-03,on_time,0
L0460,2026-06-03,2026-06-01,on_time,0
L0461,2026-09-01,2026-09-14,late,13
L0461,2026-08-02,2026-08-12,late,10
L0461,2026-07-03,2026-07-03,on_time,0
L0461,2026-06-03,2026-06-02,on_time,0
L0462,2026-08-28,2026-08-28,on_time,0
L0462,2026-07-29,2026-07-29,on_time,0
L0462,2026-06-29,2026-06-28,on_time,0
L0462,2026-05-30,2026-05-29,on_time,0
L0463,2026-09-02,2026-09-02,on_time,0
L0463,2026-08-03,2026-08-01,on_time,0
L0463,2026-07-04,2026-07-03,on_time,0
L0463,2026-06-04,2026-06-02,on_time,0
L0464,2026-08-24,2026-08-24,on_time,0
L0464,2026-07-25,2026-07-23,on_time,0
L0464,2026-06-25,2026-06-23,on_time,0
L0464,2026-05-26,2026-05-26,on_time,0
L0465,2026-09-09,2026-09-14,late,5
L0465,2026-08-10,2026-08-17,late,7
L0465,2026-07-11,2026-07-10,on_time,0
L0465,2026-06-11,2026-06-09,on_time,0
L0466,2026-09-11,2026-09-10,on_time,0
L0466,2026-08-12,2026-08-11,on_time,0
L0466,2026-07-13,2026-07-12,on_time,0
L0466,2026-06-13,2026-06-13,on_time,0
L0467,2026-09-07,2026-09-06,on_time,0
L0467,2026-08-08,2026-08-08,on_time,0
L0467,2026-07-09,2026-07-07,on_time,0
L0467,2026-06-09,2026-06-07,on_time,0
L0468,2026-08-31,2026-08-29,on_time,0
L0468,2026-08-01,2026-08-01,on_time,0
L0468,2026-07-02,2026-07-01,on_time,0
L0468,2026-06-02,2026-05-31,on_time,0
L0469,2026-08-26,2026-08-25,on_time,0
L0469,2026-07-27,2026-07-26,on_time,0
L0469,2026-06-27,2026-06-27,on_time,0
L0469,2026-05-28,2026-05-27,on_time,0
L0470,2026-08-19,2026-08-21,late,2
L0470,2026-07-20,2026-08-11,late,22
L0470,2026-06-20,2026-07-05,late,15
L0470,2026-05-21,2026-05-23,late,2
L0471,2026-09-03,2026-09-01,on_time,0
L0471,2026-08-04,2026-08-02,on_time,0
L0471,2026-07-05,2026-07-04,on_time,0
L0471,2026-06-05,2026-06-03,on_time,0
L0472,2026-08-25,2026-08-24,on_time,0
L0472,2026-07-26,2026-07-25,on_time,0
L0472,2026-06-26,2026-06-24,on_time,0
L0472,2026-05-27,2026-05-26,on_time,0
L0473,2026-09-03,2026-09-03,on_time,0
L0473,2026-08-04,2026-08-03,on_time,0
L0473,2026-07-05,2026-07-04,on_time,0
L0473,2026-06-05,2026-06-03,on_time,0
L0474,2026-08-24,2026-08-23,on_time,0
L0474,2026-07-25,2026-07-30,late,5
L0474,2026-06-25,2026-06-24,on_time,0
L0474,2026-05-26,2026-05-24,on_time,0
L0475,2026-08-19,2026-08-18,on_time,0
L0475,2026-07-20,2026-07-18,on_time,0
L0475,2026-06-20,2026-06-18,on_time,0
L0475,2026-05-21,2026-05-19,on_time,0
L0476,2026-08-22,2026-08-22,on_time,0
L0476,2026-07-23,2026-07-21,on_time,0
L0476,2026-06-23,2026-06-21,on_time,0
L0476,2026-05-24,2026-05-22,on_time,0
L0477,2026-08-21,2026-08-21,on_time,0
L0477,2026-07-22,2026-07-21,on_time,0
L0477,2026-06-22,2026-06-22,on_time,0
L0477,2026-05-23,2026-05-23,on_time,0
L0478,2026-09-03,2026-09-03,on_time,0
L0478,2026-08-04,2026-08-04,on_time,0
L0478,2026-07-05,2026-07-05,on_time,0
L0478,2026-06-05,2026-06-05,on_time,0
L0479,2026-09-01,2026-09-01,on_time,0
L0479,2026-08-02,2026-08-02,on_time,0
L0479,2026-07-03,2026-07-01,on_time,0
L0479,2026-06-03,2026-06-03,on_time,0
L0480,2026-08-26,2026-08-25,on_time,0
L0480,2026-07-27,2026-07-26,on_time,0
L0480,2026-06-27,2026-06-27,on_time,0
L0480,2026-05-28,2026-05-27,on_time,0
L0481,2026-08-30,2026-08-29,on_time,0
L0481,2026-07-31,2026-07-31,on_time,0
L0481,2026-07-01,2026-07-01,on_time,0
L0481,2026-06-01,2026-05-31,on_time,0
L0482,2026-09-08,2026-09-06,on_time,0
L0482,2026-08-09,2026-08-09,on_time,0
L0482,2026-07-10,2026-07-08,on_time,0
L0482,2026-06-10,2026-06-09,on_time,0
L0483,2026-09-10,2026-09-09,on_time,0
L0483,2026-08-11,2026-08-09,on_time,0
L0483,2026-07-12,2026-07-11,on_time,0
L0483,2026-06-12,2026-06-11,on_time,0
L0484,2026-08-29,2026-09-04,late,6
L0484,2026-07-30,2026-08-21,late,22
L0484,2026-06-30,2026-06-30,on_time,0
L0484,2026-05-31,2026-05-30,on_time,0
L0485,2026-08-29,2026-08-27,on_time,0
L0485,2026-07-30,2026-07-30,on_time,0
L0485,2026-06-30,2026-06-30,on_time,0
L0485,2026-05-31,2026-05-31,on_time,0
L0486,2026-09-09,2026-09-08,on_time,0
L0486,2026-08-10,2026-08-09,on_time,0
L0486,2026-07-11,2026-07-09,on_time,0
L0486,2026-06-11,2026-06-11,on_time,0
L0487,2026-09-08,2026-09-14,late,6
L0487,2026-08-09,2026-08-09,on_time,0
L0487,2026-07-10,2026-07-08,on_time,0
L0487,2026-06-10,2026-06-10,on_time,0
L0488,2026-08-24,2026-08-24,on_time,0
L0488,2026-07-25,2026-07-25,on_time,0
L0488,2026-06-25,2026-06-25,on_time,0
L0488,2026-05-26,2026-05-25,on_time,0
L0489,2026-09-08,2026-09-06,on_time,0
L0489,2026-08-09,2026-08-09,on_time,0
L0489,2026-07-10,2026-07-08,on_time,0
L0489,2026-06-10,2026-06-10,on_time,0
L0490,2026-09-03,2026-09-01,on_time,0
L0490,2026-08-04,2026-08-02,on_time,0
L0490,2026-07-05,2026-07-05,on_time,0
L0490,2026-06-05,2026-06-05,on_time,0
L0491,2026-08-26,2026-08-26,on_time,0
L0491,2026-07-27,2026-07-26,on_time,0
L0491,2026-06-27,2026-06-27,on_time,0
L0491,2026-05-28,2026-05-28,on_time,0
L0492,2026-09-08,2026-09-14,late,6
L0492,2026-08-09,2026-08-11,late,2
L0492,2026-07-10,2026-07-08,on_time,0
L0492,2026-06-10,2026-06-10,on_time,0
L0493,2026-08-16,2026-08-14,on_time,0
L0493,2026-07-17,2026-07-17,on_time,0
L0493,2026-06-17,2026-06-17,on_time,0
L0493,2026-05-18,2026-05-17,on_time,0
L0494,2026-08-20,2026-08-20,on_time,0
L0494,2026-07-21,2026-07-20,on_time,0
L0494,2026-06-21,2026-06-20,on_time,0
L0494,2026-05-22,2026-05-22,on_time,0
L0495,2026-08-17,2026-08-17,on_time,0
L0495,2026-07-18,2026-07-16,on_time,0
L0495,2026-06-18,2026-06-16,on_time,0
L0495,2026-05-19,2026-05-19,on_time,0
L0496,2026-08-24,2026-08-24,on_time,0
L0496,2026-07-25,2026-07-23,on_time,0
L0496,2026-06-25,2026-06-24,on_time,0
L0496,2026-05-26,2026-05-25,on_time,0
L0497,2026-08-30,2026-08-28,on_time,0
L0497,2026-07-31,2026-07-30,on_time,0
L0497,2026-07-01,2026-06-29,on_time,0
L0497,2026-06-01,2026-05-31,on_time,0
L0498,2026-09-11,2026-09-14,late,3
L0498,2026-08-12,2026-08-10,on_time,0
L0498,2026-07-13,2026-07-13,on_time,0
L0498,2026-06-13,2026-06-11,on_time,0
L0499,2026-09-06,2026-09-06,on_time,0
L0499,2026-08-07,2026-08-06,on_time,0
L0499,2026-07-08,2026-07-06,on_time,0
L0499,2026-06-08,2026-06-07,on_time,0
L0500,2026-08-27,2026-08-26,on_time,0
L0500,2026-07-28,2026-07-27,on_time,0
L0500,2026-06-28,2026-06-28,on_time,0
L0500,2026-05-29,2026-05-27,on_time,0
L0501,2026-09-12,2026-09-11,on_time,0
L0501,2026-08-13,2026-08-13,on_time,0
L0501,2026-07-14,2026-07-12,on_time,0
L0501,2026-06-14,2026-06-13,on_time,0
L0502,2026-08-31,2026-08-30,on_time,0
L0502,2026-08-01,2026-07-31,on_time,0
L0502,2026-07-02,2026-06-30,on_time,0
L0502,2026-06-02,2026-05-31,on_time,0
L0503,2026-09-04,2026-09-02,on_time,0
L0503,2026-08-05,2026-08-03,on_time,0
L0503,2026-07-06,2026-07-05,on_time,0
L0503,2026-06-06,2026-06-06,on_time,0
L0504,2026-08-25,2026-08-25,on_time,0
L0504,2026-07-26,2026-07-24,on_time,0
L0504,2026-06-26,2026-06-24,on_time,0
L0504,2026-05-27,2026-05-27,on_time,0
L0505,2026-09-10,2026-09-10,on_time,0
L0505,2026-08-11,2026-08-09,on_time,0
L0505,2026-07-12,2026-07-10,on_time,0
L0505,2026-06-12,2026-06-12,on_time,0
L0506,2026-09-10,2026-09-08,on_time,0
L0506,2026-08-11,2026-08-11,on_time,0
L0506,2026-07-12,2026-07-12,on_time,0
L0506,2026-06-12,2026-06-12,on_time,0
L0507,2026-08-23,2026-08-21,on_time,0
L0507,2026-07-24,2026-07-24,on_time,0
L0507,2026-06-24,2026-06-22,on_time,0
L0507,2026-05-25,2026-05-23,on_time,0
L0508,2026-09-02,2026-09-01,on_time,0
L0508,2026-08-03,2026-08-03,on_time,0
L0508,2026-07-04,2026-07-04,on_time,0
L0508,2026-06-04,2026-06-03,on_time,0
L0509,2026-08-29,2026-08-28,on_time,0
L0509,2026-07-30,2026-07-30,on_time,0
L0509,2026-06-30,2026-06-28,on_time,0
L0509,2026-05-31,2026-05-30,on_time,0
L0510,2026-09-07,2026-09-06,on_time,0
L0510,2026-08-08,2026-08-07,on_time,0
L0510,2026-07-09,2026-07-09,on_time,0
L0510,2026-06-09,2026-06-08,on_time,0
L0511,2026-09-10,2026-09-08,on_time,0
L0511,2026-08-11,2026-08-11,on_time,0
L0511,2026-07-12,2026-07-11,on_time,0
L0511,2026-06-12,2026-06-10,on_time,0
L0512,2026-08-27,2026-09-13,late,17
L0512,2026-07-28,2026-08-11,late,14
L0512,2026-06-28,2026-07-03,late,5
L0512,2026-05-29,2026-05-29,on_time,0
L0513,2026-08-20,2026-08-19,on_time,0
L0513,2026-07-21,2026-07-21,on_time,0
L0513,2026-06-21,2026-06-20,on_time,0
L0513,2026-05-22,2026-05-21,on_time,0
L0514,2026-09-07,2026-09-06,on_time,0
L0514,2026-08-08,2026-08-06,on_time,0
L0514,2026-07-09,2026-07-09,on_time,0
L0514,2026-06-09,2026-06-07,on_time,0
L0515,2026-08-20,2026-08-19,on_time,0
L0515,2026-07-21,2026-07-20,on_time,0
L0515,2026-06-21,2026-06-21,on_time,0
L0515,2026-05-22,2026-05-20,on_time,0
L0516,2026-09-05,2026-09-04,on_time,0
L0516,2026-08-06,2026-08-05,on_time,0
L0516,2026-07-07,2026-07-06,on_time,0
L0516,2026-06-07,2026-06-06,on_time,0
L0517,2026-08-21,2026-08-21,on_time,0
L0517,2026-07-22,2026-07-20,on_time,0
L0517,2026-06-22,2026-06-22,on_time,0
L0517,2026-05-23,2026-05-22,on_time,0
L0518,2026-08-24,2026-08-23,on_time,0
L0518,2026-07-25,2026-07-25,on_time,0
L0518,2026-06-25,2026-06-23,on_time,0
L0518,2026-05-26,2026-05-24,on_time,0
L0519,2026-09-01,2026-08-30,on_time,0
L0519,2026-08-02,2026-08-01,on_time,0
L0519,2026-07-03,2026-07-01,on_time,0
L0519,2026-06-03,2026-06-03,on_time,0
L0520,2026-08-19,2026-08-17,on_time,0
L0520,2026-07-20,2026-07-18,on_time,0
L0520,2026-06-20,2026-06-18,on_time,0
L0520,2026-05-21,2026-05-19,on_time,0
L0521,2026-08-21,2026-08-19,on_time,0
L0521,2026-07-22,2026-07-22,on_time,0
L0521,2026-06-22,2026-06-20,on_time,0
L0521,2026-05-23,2026-05-23,on_time,0
L0522,2026-09-05,2026-09-14,late,9
L0522,2026-08-06,2026-08-27,late,21
L0522,2026-07-07,2026-07-07,on_time,0
L0522,2026-06-07,2026-06-05,on_time,0
L0523,2026-09-12,2026-09-10,on_time,0
L0523,2026-08-13,2026-08-13,on_time,0
L0523,2026-07-14,2026-07-12,on_time,0
L0523,2026-06-14,2026-06-12,on_time,0
L0524,2026-08-19,2026-08-24,late,5
L0524,2026-07-20,2026-07-20,on_time,0
L0524,2026-06-20,2026-06-20,on_time,0
L0524,2026-05-21,2026-05-21,on_time,0
L0525,2026-09-10,2026-09-14,late,4
L0525,2026-08-11,2026-09-02,late,22
L0525,2026-07-12,2026-07-17,late,5
L0525,2026-06-12,2026-06-10,on_time,0
L0526,2026-09-10,2026-09-08,on_time,0
L0526,2026-08-11,2026-08-10,on_time,0
L0526,2026-07-12,2026-07-12,on_time,0
L0526,2026-06-12,2026-06-10,on_time,0
L0527,2026-09-01,2026-08-31,on_time,0
L0527,2026-08-02,2026-08-01,on_time,0
L0527,2026-07-03,2026-07-02,on_time,0
L0527,2026-06-03,2026-06-01,on_time,0
L0528,2026-08-25,2026-08-25,on_time,0
L0528,2026-07-26,2026-07-26,on_time,0
L0528,2026-06-26,2026-06-25,on_time,0
L0528,2026-05-27,2026-05-26,on_time,0
L0529,2026-09-05,2026-09-03,on_time,0
L0529,2026-08-06,2026-08-04,on_time,0
L0529,2026-07-07,2026-07-05,on_time,0
L0529,2026-06-07,2026-06-06,on_time,0
L0530,2026-09-04,2026-09-02,on_time,0
L0530,2026-08-05,2026-08-08,late,3
L0530,2026-07-06,2026-07-05,on_time,0
L0530,2026-06-06,2026-06-06,on_time,0
L0531,2026-09-06,2026-09-06,on_time,0
L0531,2026-08-07,2026-08-06,on_time,0
L0531,2026-07-08,2026-07-06,on_time,0
L0531,2026-06-08,2026-06-07,on_time,0
L0532,2026-09-06,2026-09-05,on_time,0
L0532,2026-08-07,2026-08-06,on_time,0
L0532,2026-07-08,2026-07-08,on_time,0
L0532,2026-06-08,2026-06-08,on_time,0
L0533,2026-08-21,2026-08-19,on_time,0
L0533,2026-07-22,2026-07-21,on_time,0
L0533,2026-06-22,2026-06-21,on_time,0
L0533,2026-05-23,2026-05-21,on_time,0
L0534,2026-08-16,2026-08-15,on_time,0
L0534,2026-07-17,2026-07-15,on_time,0
L0534,2026-06-17,2026-06-17,on_time,0
L0534,2026-05-18,2026-05-17,on_time,0
L0535,2026-08-30,2026-08-28,on_time,0
L0535,2026-07-31,2026-07-29,on_time,0
L0535,2026-07-01,2026-06-29,on_time,0
L0535,2026-06-01,2026-05-31,on_time,0
L0536,2026-09-02,2026-08-31,on_time,0
L0536,2026-08-03,2026-08-02,on_time,0
L0536,2026-07-04,2026-07-04,on_time,0
L0536,2026-06-04,2026-06-04,on_time,0
L0537,2026-09-03,2026-09-02,on_time,0
L0537,2026-08-04,2026-08-03,on_time,0
L0537,2026-07-05,2026-07-04,on_time,0
L0537,2026-06-05,2026-06-04,on_time,0
L0538,2026-09-03,2026-09-01,on_time,0
L0538,2026-08-04,2026-08-02,on_time,0
L0538,2026-07-05,2026-07-04,on_time,0
L0538,2026-06-05,2026-06-05,on_time,0
L0539,2026-08-20,2026-08-18,on_time,0
L0539,2026-07-21,2026-07-20,on_time,0
L0539,2026-06-21,2026-06-19,on_time,0
L0539,2026-05-22,2026-05-20,on_time,0
L0540,2026-09-11,2026-09-09,on_time,0
L0540,2026-08-12,2026-08-12,on_time,0
L0540,2026-07-13,2026-07-13,on_time,0
L0540,2026-06-13,2026-06-12,on_time,0
L0541,2026-09-01,,missed,13
L0541,2026-08-02,2026-08-09,late,7
L0541,2026-07-03,2026-07-07,late,4
L0541,2026-06-03,2026-06-12,late,9
L0542,2026-08-17,2026-08-15,on_time,0
L0542,2026-07-18,2026-07-18,on_time,0
L0542,2026-06-18,2026-06-16,on_time,0
L0542,2026-05-19,2026-05-17,on_time,0
L0543,2026-09-07,2026-09-05,on_time,0
L0543,2026-08-08,2026-08-07,on_time,0
L0543,2026-07-09,2026-07-09,on_time,0
L0543,2026-06-09,2026-06-07,on_time,0
L0544,2026-08-25,2026-09-14,late,20
L0544,2026-07-26,2026-08-18,late,23
L0544,2026-06-26,2026-07-08,late,12
L0544,2026-05-27,2026-05-27,on_time,0
L0545,2026-09-12,2026-09-14,late,2
L0545,2026-08-13,2026-09-04,late,22
L0545,2026-07-14,2026-07-13,on_time,0
L0545,2026-06-14,2026-06-13,on_time,0
L0546,2026-09-01,2026-09-01,on_time,0
L0546,2026-08-02,2026-07-31,on_time,0
L0546,2026-07-03,2026-07-03,on_time,0
L0546,2026-06-03,2026-06-03,on_time,0
L0547,2026-08-26,2026-08-26,on_time,0
L0547,2026-07-27,2026-07-25,on_time,0
L0547,2026-06-27,2026-06-26,on_time,0
L0547,2026-05-28,2026-05-26,on_time,0
L0548,2026-08-24,2026-08-24,on_time,0
L0548,2026-07-25,2026-07-25,on_time,0
L0548,2026-06-25,2026-06-24,on_time,0
L0548,2026-05-26,2026-05-31,late,5
L0549,2026-08-17,2026-08-15,on_time,0
L0549,2026-07-18,2026-07-17,on_time,0
L0549,2026-06-18,2026-06-17,on_time,0
L0549,2026-05-19,2026-05-18,on_time,0
L0550,2026-08-20,2026-08-19,on_time,0
L0550,2026-07-21,2026-07-20,on_time,0
L0550,2026-06-21,2026-06-20,on_time,0
L0550,2026-05-22,2026-05-20,on_time,0
L0551,2026-08-16,2026-08-14,on_time,0
L0551,2026-07-17,2026-07-15,on_time,0
L0551,2026-06-17,2026-06-15,on_time,0
L0551,2026-05-18,2026-05-18,on_time,0
L0552,2026-08-28,2026-08-28,on_time,0
L0552,2026-07-29,2026-07-28,on_time,0
L0552,2026-06-29,2026-06-28,on_time,0
L0552,2026-05-30,2026-05-29,on_time,0
L0553,2026-08-27,2026-08-27,on_time,0
L0553,2026-07-28,2026-07-26,on_time,0
L0553,2026-06-28,2026-06-26,on_time,0
L0553,2026-05-29,2026-05-28,on_time,0
L0554,2026-09-04,2026-09-03,on_time,0
L0554,2026-08-05,2026-08-06,late,1
L0554,2026-07-06,2026-07-06,on_time,0
L0554,2026-06-06,2026-06-06,on_time,0
L0555,2026-08-18,2026-08-17,on_time,0
L0555,2026-07-19,2026-07-19,on_time,0
L0555,2026-06-19,2026-06-17,on_time,0
L0555,2026-05-20,2026-05-18,on_time,0
L0556,2026-08-18,2026-08-31,late,13
L0556,2026-07-19,2026-08-06,late,18
L0556,2026-06-19,2026-07-06,late,17
L0556,2026-05-20,2026-05-20,on_time,0
L0557,2026-08-19,2026-08-17,on_time,0
L0557,2026-07-20,2026-07-18,on_time,0
L0557,2026-06-20,2026-06-19,on_time,0
L0557,2026-05-21,2026-05-21,on_time,0
L0558,2026-08-31,2026-08-30,on_time,0
L0558,2026-08-01,2026-07-30,on_time,0
L0558,2026-07-02,2026-07-01,on_time,0
L0558,2026-06-02,2026-05-31,on_time,0
L0559,2026-09-10,2026-09-09,on_time,0
L0559,2026-08-11,2026-08-09,on_time,0
L0559,2026-07-12,2026-07-12,on_time,0
L0559,2026-06-12,2026-06-15,late,3
L0560,2026-08-16,2026-08-16,on_time,0
L0560,2026-07-17,2026-07-16,on_time,0
L0560,2026-06-17,2026-06-15,on_time,0
L0560,2026-05-18,2026-05-17,on_time,0
L0561,2026-08-16,2026-08-15,on_time,0
L0561,2026-07-17,2026-07-15,on_time,0
L0561,2026-06-17,2026-06-17,on_time,0
L0561,2026-05-18,2026-05-16,on_time,0
L0562,2026-09-12,2026-09-12,on_time,0
L0562,2026-08-13,2026-08-11,on_time,0
L0562,2026-07-14,2026-07-13,on_time,0
L0562,2026-06-14,2026-06-13,on_time,0
L0563,2026-08-16,2026-08-16,on_time,0
L0563,2026-07-17,2026-07-17,on_time,0
L0563,2026-06-17,2026-06-15,on_time,0
L0563,2026-05-18,2026-05-17,on_time,0
L0564,2026-09-03,2026-09-01,on_time,0
L0564,2026-08-04,2026-08-04,on_time,0
L0564,2026-07-05,2026-07-04,on_time,0
L0564,2026-06-05,2026-06-03,on_time,0
L0565,2026-08-22,2026-08-31,late,9
L0565,2026-07-23,2026-07-28,late,5
L0565,2026-06-23,2026-06-22,on_time,0
L0565,2026-05-24,2026-05-23,on_time,0
L0566,2026-08-22,2026-08-22,on_time,0
L0566,2026-07-23,2026-07-21,on_time,0
L0566,2026-06-23,2026-06-22,on_time,0
L0566,2026-05-24,2026-05-23,on_time,0
L0567,2026-09-05,2026-09-14,late,9
L0567,2026-08-06,2026-08-05,on_time,0
L0567,2026-07-07,2026-07-07,on_time,0
L0567,2026-06-07,2026-06-05,on_time,0
L0568,2026-08-28,2026-08-27,on_time,0
L0568,2026-07-29,2026-07-27,on_time,0
L0568,2026-06-29,2026-06-28,on_time,0
L0568,2026-05-30,2026-05-29,on_time,0
L0569,2026-09-01,2026-08-31,on_time,0
L0569,2026-08-02,2026-08-01,on_time,0
L0569,2026-07-03,2026-07-01,on_time,0
L0569,2026-06-03,2026-06-02,on_time,0
L0570,2026-09-12,2026-09-10,on_time,0
L0570,2026-08-13,2026-08-12,on_time,0
L0570,2026-07-14,2026-07-14,on_time,0
L0570,2026-06-14,2026-06-12,on_time,0
L0571,2026-09-04,2026-09-03,on_time,0
L0571,2026-08-05,2026-08-05,on_time,0
L0571,2026-07-06,2026-07-05,on_time,0
L0571,2026-06-06,2026-06-11,late,5
L0572,2026-09-06,2026-09-06,on_time,0
L0572,2026-08-07,2026-08-05,on_time,0
L0572,2026-07-08,2026-07-06,on_time,0
L0572,2026-06-08,2026-06-07,on_time,0
L0573,2026-09-03,2026-09-01,on_time,0
L0573,2026-08-04,2026-08-03,on_time,0
L0573,2026-07-05,2026-07-03,on_time,0
L0573,2026-06-05,2026-06-03,on_time,0
L0574,2026-08-26,2026-08-24,on_time,0
L0574,2026-07-27,2026-07-25,on_time,0
L0574,2026-06-27,2026-06-27,on_time,0
L0574,2026-05-28,2026-05-28,on_time,0
L0575,2026-08-30,2026-08-30,on_time,0
L0575,2026-07-31,2026-07-31,on_time,0
L0575,2026-07-01,2026-06-30,on_time,0
L0575,2026-06-01,2026-05-31,on_time,0
L0576,2026-08-17,2026-08-17,on_time,0
L0576,2026-07-18,2026-07-17,on_time,0
L0576,2026-06-18,2026-06-16,on_time,0
L0576,2026-05-19,2026-05-19,on_time,0
L0577,2026-08-31,2026-08-30,on_time,0
L0577,2026-08-01,2026-08-01,on_time,0
L0577,2026-07-02,2026-07-02,on_time,0
L0577,2026-06-02,2026-06-02,on_time,0
L0578,2026-08-16,2026-08-16,on_time,0
L0578,2026-07-17,2026-07-17,on_time,0
L0578,2026-06-17,2026-06-15,on_time,0
L0578,2026-05-18,2026-05-16,on_time,0
L0579,2026-08-31,2026-08-29,on_time,0
L0579,2026-08-01,2026-07-31,on_time,0
L0579,2026-07-02,2026-07-01,on_time,0
L0579,2026-06-02,2026-06-01,on_time,0
L0580,2026-09-12,2026-09-14,late,2
L0580,2026-08-13,2026-08-11,on_time,0
L0580,2026-07-14,2026-07-14,on_time,0
L0580,2026-06-14,2026-06-12,on_time,0
L0581,2026-09-08,2026-09-07,on_time,0
L0581,2026-08-09,2026-08-08,on_time,0
L0581,2026-07-10,2026-07-10,on_time,0
L0581,2026-06-10,2026-06-08,on_time,0
L0582,2026-08-23,2026-08-23,on_time,0
L0582,2026-07-24,2026-07-23,on_time,0
L0582,2026-06-24,2026-06-22,on_time,0
L0582,2026-05-25,2026-05-24,on_time,0
L0583,2026-09-11,2026-09-14,late,3
L0583,2026-08-12,2026-08-28,late,16
L0583,2026-07-13,2026-07-17,late,4
L0583,2026-06-13,2026-06-27,late,14
L0584,2026-08-22,2026-08-22,on_time,0
L0584,2026-07-23,2026-07-23,on_time,0
L0584,2026-06-23,2026-06-23,on_time,0
L0584,2026-05-24,2026-05-24,on_time,0
L0585,2026-08-25,2026-08-24,on_time,0
L0585,2026-07-26,2026-07-26,on_time,0
L0585,2026-06-26,2026-06-25,on_time,0
L0585,2026-05-27,2026-05-27,on_time,0
L0586,2026-09-03,2026-09-01,on_time,0
L0586,2026-08-04,2026-08-03,on_time,0
L0586,2026-07-05,2026-07-05,on_time,0
L0586,2026-06-05,2026-06-05,on_time,0
L0587,2026-08-19,2026-08-17,on_time,0
L0587,2026-07-20,2026-07-18,on_time,0
L0587,2026-06-20,2026-06-18,on_time,0
L0587,2026-05-21,2026-05-21,on_time,0
L0588,2026-08-26,2026-08-24,on_time,0
L0588,2026-07-27,2026-07-25,on_time,0
L0588,2026-06-27,2026-06-26,on_time,0
L0588,2026-05-28,2026-05-26,on_time,0
L0589,2026-09-04,2026-09-03,on_time,0
L0589,2026-08-05,2026-08-04,on_time,0
L0589,2026-07-06,2026-07-05,on_time,0
L0589,2026-06-06,2026-06-04,on_time,0
L0590,2026-09-05,2026-09-04,on_time,0
L0590,2026-08-06,2026-08-05,on_time,0
L0590,2026-07-07,2026-07-07,on_time,0
L0590,2026-06-07,2026-06-07,on_time,0
L0591,2026-09-07,2026-09-07,on_time,0
L0591,2026-08-08,2026-08-07,on_time,0
L0591,2026-07-09,2026-07-08,on_time,0
L0591,2026-06-09,2026-06-08,on_time,0
L0592,2026-09-01,2026-09-01,on_time,0
L0592,2026-08-02,2026-08-01,on_time,0
L0592,2026-07-03,2026-07-01,on_time,0
L0592,2026-06-03,2026-06-02,on_time,0
L0593,2026-08-18,2026-08-18,on_time,0
L0593,2026-07-19,2026-07-17,on_time,0
L0593,2026-06-19,2026-06-18,on_time,0
L0593,2026-05-20,2026-05-19,on_time,0
L0594,2026-08-16,2026-08-14,on_time,0
L0594,2026-07-17,2026-07-16,on_time,0
L0594,2026-06-17,2026-06-16,on_time,0
L0594,2026-05-18,2026-05-17,on_time,0
L0595,2026-09-10,2026-09-08,on_time,0
L0595,2026-08-11,2026-08-16,late,5
L0595,2026-07-12,2026-07-10,on_time,0
L0595,2026-06-12,2026-06-10,on_time,0
L0596,2026-09-02,,missed,12
L0596,2026-08-03,2026-08-28,late,25
L0596,2026-07-04,2026-07-03,on_time,0
L0596,2026-06-04,2026-06-04,on_time,0
L0597,2026-09-02,2026-09-14,late,12
L0597,2026-08-03,2026-08-17,late,14
L0597,2026-07-04,2026-07-02,on_time,0
L0597,2026-06-04,2026-06-03,on_time,0
L0598,2026-08-27,2026-08-27,on_time,0
L0598,2026-07-28,2026-07-27,on_time,0
L0598,2026-06-28,2026-06-28,on_time,0
L0598,2026-05-29,2026-06-02,late,4
L0599,2026-08-19,2026-09-02,late,14
L0599,2026-07-20,2026-08-04,late,15
L0599,2026-06-20,2026-06-20,on_time,0
L0599,2026-05-21,2026-05-19,on_time,0
L0600,2026-09-07,2026-09-05,on_time,0
L0600,2026-08-08,2026-08-06,on_time,0
L0600,2026-07-09,2026-07-08,on_time,0
L0600,2026-06-09,2026-06-07,on_time,0
L0601,2026-08-29,2026-08-29,on_time,0
L0601,2026-07-30,2026-07-28,on_time,0
L0601,2026-06-30,2026-06-29,on_time,0
L0601,2026-05-31,2026-05-31,on_time,0
L0602,2026-08-24,,missed,21
L0602,2026-07-25,2026-08-13,late,19
L0602,2026-06-25,2026-07-06,late,11
L0602,2026-05-26,2026-05-29,late,3
L0603,2026-09-04,2026-09-04,on_time,0
L0603,2026-08-05,2026-08-05,on_time,0
L0603,2026-07-06,2026-07-05,on_time,0
L0603,2026-06-06,2026-06-05,on_time,0
L0604,2026-09-12,2026-09-11,on_time,0
L0604,2026-08-13,2026-08-11,on_time,0
L0604,2026-07-14,2026-07-14,on_time,0
L0604,2026-06-14,2026-06-13,on_time,0
L0605,2026-09-07,2026-09-05,on_time,0
L0605,2026-08-08,2026-08-07,on_time,0
L0605,2026-07-09,2026-07-09,on_time,0
L0605,2026-06-09,2026-06-09,on_time,0
L0606,2026-08-24,2026-08-26,late,2
L0606,2026-07-25,2026-07-23,on_time,0
L0606,2026-06-25,2026-06-23,on_time,0
L0606,2026-05-26,2026-05-26,on_time,0
L0607,2026-08-22,2026-08-21,on_time,0
L0607,2026-07-23,2026-07-21,on_time,0
L0607,2026-06-23,2026-06-21,on_time,0
L0607,2026-05-24,2026-05-22,on_time,0
L0608,2026-08-18,2026-08-18,on_time,0
L0608,2026-07-19,2026-07-17,on_time,0
L0608,2026-06-19,2026-06-17,on_time,0
L0608,2026-05-20,2026-05-18,on_time,0
L0609,2026-08-28,2026-08-26,on_time,0
L0609,2026-07-29,2026-07-29,on_time,0
L0609,2026-06-29,2026-06-27,on_time,0
L0609,2026-05-30,2026-05-29,on_time,0
L0610,2026-09-03,2026-09-03,on_time,0
L0610,2026-08-04,2026-08-04,on_time,0
L0610,2026-07-05,2026-07-05,on_time,0
L0610,2026-06-05,2026-06-04,on_time,0
L0611,2026-08-24,2026-08-22,on_time,0
L0611,2026-07-25,2026-07-23,on_time,0
L0611,2026-06-25,2026-06-23,on_time,0
L0611,2026-05-26,2026-05-25,on_time,0
L0612,2026-08-22,2026-08-21,on_time,0
L0612,2026-07-23,2026-07-23,on_time,0
L0612,2026-06-23,2026-06-28,late,5
L0612,2026-05-24,2026-05-22,on_time,0
L0613,2026-08-19,2026-08-18,on_time,0
L0613,2026-07-20,2026-07-18,on_time,0
L0613,2026-06-20,2026-06-18,on_time,0
L0613,2026-05-21,2026-05-21,on_time,0
L0614,2026-09-08,2026-09-08,on_time,0
L0614,2026-08-09,2026-08-08,on_time,0
L0614,2026-07-10,2026-07-10,on_time,0
L0614,2026-06-10,2026-06-09,on_time,0
L0615,2026-08-27,2026-08-27,on_time,0
L0615,2026-07-28,2026-07-27,on_time,0
L0615,2026-06-28,2026-06-28,on_time,0
L0615,2026-05-29,2026-05-28,on_time,0
L0616,2026-09-10,2026-09-10,on_time,0
L0616,2026-08-11,2026-08-10,on_time,0
L0616,2026-07-12,2026-07-12,on_time,0
L0616,2026-06-12,2026-06-12,on_time,0
L0617,2026-08-29,2026-08-28,on_time,0
L0617,2026-07-30,2026-07-30,on_time,0
L0617,2026-06-30,2026-06-28,on_time,0
L0617,2026-05-31,2026-05-31,on_time,0
L0618,2026-08-17,2026-09-05,late,19
L0618,2026-07-18,2026-07-26,late,8
L0618,2026-06-18,2026-07-03,late,15
L0618,2026-05-19,2026-05-19,on_time,0
L0619,2026-08-31,2026-08-30,on_time,0
L0619,2026-08-01,2026-08-01,on_time,0
L0619,2026-07-02,2026-07-02,on_time,0
L0619,2026-06-02,2026-05-31,on_time,0
L0620,2026-08-23,2026-08-21,on_time,0
L0620,2026-07-24,2026-07-23,on_time,0
L0620,2026-06-24,2026-06-22,on_time,0
L0620,2026-05-25,2026-05-23,on_time,0
L0621,2026-08-29,2026-08-28,on_time,0
L0621,2026-07-30,2026-07-29,on_time,0
L0621,2026-06-30,2026-06-30,on_time,0
L0621,2026-05-31,2026-05-31,on_time,0
L0622,2026-08-26,2026-08-24,on_time,0
L0622,2026-07-27,2026-07-26,on_time,0
L0622,2026-06-27,2026-06-27,on_time,0
L0622,2026-05-28,2026-05-28,on_time,0
L0623,2026-09-05,2026-09-04,on_time,0
L0623,2026-08-06,2026-08-04,on_time,0
L0623,2026-07-07,2026-07-05,on_time,0
L0623,2026-06-07,2026-06-06,on_time,0
L0624,2026-09-05,2026-09-04,on_time,0
L0624,2026-08-06,2026-08-05,on_time,0
L0624,2026-07-07,2026-07-05,on_time,0
L0624,2026-06-07,2026-06-05,on_time,0
L0625,2026-09-05,2026-09-05,on_time,0
L0625,2026-08-06,2026-08-04,on_time,0
L0625,2026-07-07,2026-07-06,on_time,0
L0625,2026-06-07,2026-06-05,on_time,0
L0626,2026-08-18,2026-09-08,late,21
L0626,2026-07-19,2026-08-01,late,13
L0626,2026-06-19,2026-07-13,late,24
L0626,2026-05-20,2026-06-10,late,21
L0627,2026-09-02,2026-09-01,on_time,0
L0627,2026-08-03,2026-08-02,on_time,0
L0627,2026-07-04,2026-07-02,on_time,0
L0627,2026-06-04,2026-06-03,on_time,0
L0628,2026-09-08,2026-09-06,on_time,0
L0628,2026-08-09,2026-08-09,on_time,0
L0628,2026-07-10,2026-07-08,on_time,0
L0628,2026-06-10,2026-06-10,on_time,0
L0629,2026-08-31,2026-08-31,on_time,0
L0629,2026-08-01,2026-07-30,on_time,0
L0629,2026-07-02,2026-07-02,on_time,0
L0629,2026-06-02,2026-06-02,on_time,0
L0630,2026-08-19,2026-08-18,on_time,0
L0630,2026-07-20,2026-07-20,on_time,0
L0630,2026-06-20,2026-06-18,on_time,0
L0630,2026-05-21,2026-05-21,on_time,0
L0631,2026-08-30,2026-08-28,on_time,0
L0631,2026-07-31,2026-07-30,on_time,0
L0631,2026-07-01,2026-06-29,on_time,0
L0631,2026-06-01,2026-05-31,on_time,0
L0632,2026-09-11,,missed,3
L0632,2026-08-12,2026-09-06,late,25
L0632,2026-07-13,2026-07-12,on_time,0
L0632,2026-06-13,2026-06-13,on_time,0
L0633,2026-08-30,2026-08-28,on_time,0
L0633,2026-07-31,2026-07-29,on_time,0
L0633,2026-07-01,2026-06-30,on_time,0
L0633,2026-06-01,2026-06-01,on_time,0
L0634,2026-08-30,2026-08-28,on_time,0
L0634,2026-07-31,2026-07-31,on_time,0
L0634,2026-07-01,2026-07-01,on_time,0
L0634,2026-06-01,2026-05-31,on_time,0
L0635,2026-09-04,2026-09-04,on_time,0
L0635,2026-08-05,2026-08-03,on_time,0
L0635,2026-07-06,2026-07-05,on_time,0
L0635,2026-06-06,2026-06-05,on_time,0
L0636,2026-08-27,2026-09-14,late,18
L0636,2026-07-28,2026-07-30,late,2
L0636,2026-06-28,2026-07-08,late,10
L0636,2026-05-29,2026-06-03,late,5
L0637,2026-08-28,2026-08-27,on_time,0
L0637,2026-07-29,2026-07-27,on_time,0
L0637,2026-06-29,2026-06-28,on_time,0
L0637,2026-05-30,2026-06-03,late,4
L0638,2026-09-04,2026-09-10,late,6
L0638,2026-08-05,2026-08-08,late,3
L0638,2026-07-06,2026-07-04,on_time,0
L0638,2026-06-06,2026-06-06,on_time,0
